Ticker,Nome,Setor,SubSetor,Segmento,Cotacao,Variacao,Abertura,Maxima,Minima,Fechamento_Anterior,Volume,Volume_Medio,Maxima_52s,Minima_52s,Market_Cap,PE,EPS,DY,DY_12m,PL,PVP,PSR,PAtivo,PCapGiro,PAtivoCircLiq,PEBIT,PEBITDA,EV_EBIT,EV_EBITDA,LPA,VPA,Patrimonio,Lucro_Liquido,EBIT,Receita_Liquida,ROE,ROA,ROIC,GiroAtivos,MargemBruta,MargemEBITDA,MargemEBIT,MargemLiquida,DivLiquida_Ativos,DivLiquida_PL,DivLiquida_EBIT,DivLiquida_EBITDA,LiquidezCorrente,Passivos_Ativos,PL_Ativos,CAGR_Receitas_5a,CAGR_Lucros_5a,Qtd_Acoes,Dividendo_Medio_12m,Dividendo_Total_12m,Dividendo_Ultimo,Qtd_Dividendos_12m,Dividendo_Medio_6a,Graham,Graham_BR,Bazin,Lynch,AGF_Medio,Upside_Graham,Upside_Graham_BR,Upside_Bazin,Upside_Lynch,Upside_AGF_Medio,Score_CS,Score_CS_Classificacao,ROE_10pct,DY_6pct,DivLiq_EBITDA_2_5,PL_15,PVP_2,Margem_10pct,LiqCorrente_1,CAGR_5pct,ROIC_10pct,Volume_1M,Beta,Media_50d,Media_200d,FCO,FCL
AALR3,Allianca Saude e Participacoes SA,Saúde,Serv.Méd.Hospit..Análises e Diagnósticos,Serv.Méd.Hospit..Análises e Diagnósticos,3.27,0.93,3.23,3.38,3.21,3.24,15000,67047,6.82,2.36,974745138,0.0,-0.63,0.0,5.25,0.59,7.86,0.51,0.21,144.59,0.29,5.39,2.67,8.48,4.2,0.53,7.0,1066516374.0,80750525.46000001,114946360.61320753,1911264976.4705882,7.54,2.66,5.63,0.41,26.83,19.12,9.47,6.49,0.34,0.9714,3.1,1.53,1.01,0.64,0.35,2.55,0.0,152359482,0.0859,0.1718,0.0873,2,0.0859,9.136465399704637,1.367034482758621,2.8633333333333337,0.0,1.4316666666666669,179.4026116117626,-58.194664135821995,-12.436289500509673,0.0,-56.21814475025484,3,Fraco,0,0,1,1,0,0,1,0,0,0,0,0,0,,
ABCB4,Banco ABC Brasil SA,Financeiro e Outros,Intermediários Financeiros,Bancos,24.44,4.23,23.63,24.45,23.45,23.39,328800,778880,28.65,18.34,3162641535,5.61,4.35,9.71,17.44,0.98,6.8,0.64,0.11,2.61,0.11,5.58,0.0,5.58,0.0,3.96,27.39,3547288979.52,512861057.28,566781637.0967742,4941627398.4375,14.47,1.59,0.0,0.17,20.09,0.0,11.47,9.4,0.0,0.0,0.0,0.0,0.24,0.89,0.11,35.11,14.28,129510368,1.0657,4.263,1.532,4,1.0657,49.40090080150361,44.53334068965518,71.05,56.5488,17.76166666666667,102.1313453416678,82.2149782719115,190.71194762684124,131.37806873977087,-27.3254228041462,4,Fraco,1,1,0,1,0,0,0,1,0,0,0,0,0,,
ABEV3,Ambev SA,Consumo não Cíclico,Bebidas,Cervejas e Refrigerantes,16.2,2.59,15.91,16.26,15.87,15.81,11064900,28505737,17.04,11.19,50551228505,16.36,0.99,7.23,6.09,2.64,15.16,2.69,1.73,45.32,2.46,10.16,7.18,9.45,6.68,1.02,5.84,92059802951.76,16078938186.78,5349336349.73545,18792278254.64684,17.43,11.39,20.93,0.64,51.77,37.4,26.45,17.73,0.18,0.2769,0.71,0.5,1.15,0.34,0.65,11.2,6.36,15763664889,0.2466,0.9865,0.269,4,0.2466,11.577046255414201,6.567955862068967,16.441666666666666,6.4872000000000005,4.11,-28.53675150978888,-59.457062579821184,1.4917695473251058,-59.95555555555554,-74.62962962962963,9,Excelente,1,1,1,1,0,1,1,1,1,1,0,0,0,,
ABRAV3,#N/A,,,,0.0,0.0,0.0,0.0,0.0,0.0,0,0,0.0,0.0,0,0.0,0.0,0.0,0.0,0.0,0.0,0.0,0.0,0.0,0.0,0.0,0.0,0.0,0.0,0.0,0.0,0.0,0.0,0.0,0.0,0.0,0.0,0.0,0.0,0.0,0.0,0.0,0.0,0.0,0.0,0.0,0.0,0.0,0.0,0.0,0.0,0.0,0,0.0,0.0,0.0,0,0.0,0.0,0.0,0.0,0.0,0.0,0.0,0.0,0.0,0.0,0.0,0,Pessimo,0,0,0,0,0,0,0,0,0,0,0,0,0,,
ADHM3,#N/A,Saúde,Serv.Méd.Hospit..Análises e Diagnósticos,Serv.Méd.Hospit..Análises e Diagnósticos,0.0,0.0,0.0,0.0,0.0,0.0,0,0,0.0,0.0,0,0.0,0.0,0.0,0.0,1.29,4.09,770.9,105.12,1.43,116.16,5.69,0.0,5.69,0.0,0.38,1.21,0.0,0.0,0.0,0.0,31.47,2571.9,22.61,0.14,100.0,0.0,13548.48,18860.61,0.0,0.0,0.0,0.0,0.0,82.72,81.72,0.0,0.0,0,0.2664,0.2664,0.2664,1,0.2664,3.216442133786958,0.9801379310344829,4.44,0.0,4.44,0.0,0.0,0.0,0.0,0.0,4,Fraco,1,0,0,1,0,1,0,0,1,0,0,0,0,,
ADMF3,#N/A,,,,0.0,0.0,0.0,0.0,0.0,0.0,0,0,0.0,0.0,0,0.0,0.0,0.0,0.0,0.0,0.0,0.0,0.0,0.0,0.0,0.0,0.0,0.0,0.0,0.0,0.0,0.0,0.0,0.0,0.0,0.0,0.0,0.0,0.0,0.0,0.0,0.0,0.0,0.0,0.0,0.0,0.0,0.0,0.0,0.0,0.0,0.0,0,0.0,0.0,0.0,0,0.0,0.0,0.0,0.0,0.0,0.0,0.0,0.0,0.0,0.0,0.0,0,Pessimo,0,0,0,0,0,0,0,0,0,0,0,0,0,,
AERI3,Aeris ndstr  Cmrc d qpmnts pr Grc d nrg,Bens Industriais,Máquinas e Equipamentos,Máq. e Equip. Industriais,2.32,0.43,2.31,2.38,2.29,2.31,24200,62363,4.78,2.29,144118883,0.0,-15.4,0.0,17.84,0.92,0.15,0.23,0.1,0.93,0.16,0.19,0.27,1.93,2.7,20.06,3.35,208102656.6,1246131131.76,74672996.373057,626603839.1304348,598.24,63.76,66.03,0.43,1.74,84.09,117.42,147.83,0.0,0.0,1.74,2.43,1.39,1.11,0.11,12.7,0.0,62120196,0.414,0.414,0.414,1,0.414,38.88473350815202,51.740965517241385,6.8999999999999995,0.0,6.8999999999999995,1576.0660994893112,2130.214030915577,197.41379310344828,0.0,197.41379310344828,8,Bom,1,1,1,1,1,1,1,0,1,0,0,0,0,,
AESB3,#N/A,Utilidade Pública,Energia Elétrica,Energia Elétrica,0.0,0.0,0.0,0.0,0.0,0.0,0,0,0.0,0.0,0,0.0,0.0,0.0,0.0,1.8,14.7,1.89,0.38,50.54,0.46,7.98,4.28,18.28,9.81,0.55,4.52,0.0,0.0,0.0,0.0,12.23,2.6,4.83,0.2,27.47,44.16,23.7,12.86,2.32,11.0476,10.3,5.53,0.95,0.73,0.21,0.0,0.0,0,0.1032,0.4129,0.0746,4,0.1032,7.478970517390746,1.418620689655173,6.881666666666667,0.0,1.72,0.0,0.0,0.0,0.0,0.0,3,Fraco,1,0,0,1,0,1,0,0,0,0,0,0,0,,
AFLT3,Afluente Transmissao de Energia Eltrc SA,Utilidade Pública,Energia Elétrica,Energia Elétrica,7.35,2.23,7.33,7.35,7.33,7.19,500,461,7.75,6.21,468958952,14.11,0.52,6.32,7.39,1.83,13.39,5.73,1.24,5.93,1.82,9.32,0.0,9.11,0.0,0.55,4.05,255493035.0,34696585.0,51477382.21734358,81842749.04013962,13.65,9.25,13.92,0.22,67.69,0.0,61.47,42.8,0.04,0.0588,0.21,0.0,2.9,0.32,0.68,17.36,6.66,63084700,0.1358,0.543,0.0868,4,0.1358,7.079459725148523,3.6416827586206906,9.05,3.6630000000000003,2.2633333333333336,-3.68082006600648,-50.45329580107904,23.129251700680285,-50.16326530612244,-69.2063492063492,7,Bom,1,1,0,1,0,1,1,1,1,0,0,0,0,,
AGRO3,BrasilAgro - Companhia Brslr d Prprd Agr,Consumo não Cíclico,Agropecuária,Agricultura,18.76,0.86,18.64,18.85,18.55,18.6,460300,232123,22.75,18.52,391960602,0.0,-0.16,3.73,46.69,0.95,87.38,2.03,0.54,3.99,0.78,30.61,0.0,47.62,0.0,0.23,21.21,2177915847.2400002,23617192.12,8231008.021839564,193084040.3940887,1.09,0.62,0.36,0.27,19.34,0.0,6.62,2.32,0.53,0.9298,17.01,0.0,1.79,0.43,0.57,10.7,0.0,102683444,2.19,8.7599,0.7529,4,2.19,10.476724201772232,0.5932413793103449,145.99833333333333,0.0,36.5,-44.153922165393226,-96.83773251966767,678.2427149964462,0.0,94.56289978678036,2,Pessimo,0,0,0,1,0,0,1,0,0,0,0,0,0,,
AGXY3,Agrogalaxy Participacoes SA em Recupera,Consumo não Cíclico,Agropecuária,Agricultura,1.88,-0.53,1.92,1.93,1.86,1.9,12700,25807,9.5,1.86,36261256,0.0,-58.12,0.0,133.94,0.25,0.04,0.03,0.02,0.09,0.04,0.07,0.05,1.43,1.14,72.3,10.93,207337411.03,1371499983.3,25357521.67832168,1208708533.3333335,661.54,55.38,83.66,0.79,1.14,49.78,39.74,70.06,0.0,0.0,1.36,1.09,2.19,1.08,0.08,24.29,123.15,18969571,2.518,2.518,2.518,1,2.518,133.34308193528452,844.6634482758622,41.96666666666666,8903.745,41.96666666666666,6992.717124217262,44828.90682318416,2132.269503546099,473503.45744680864,2132.269503546099,9,Excelente,1,1,1,1,1,1,1,1,1,0,0,0,0,,
AHEB3,Sao Paulo Turismo SA,Consumo Cíclico,Viagens e Lazer,Produção de Eventos e Shows,23.9,0.0,0.0,0.0,0.0,23.9,0,153,45.0,21.5,210942200,5.21,4.59,0.0,0.0,0.83,2.59,0.32,0.36,1.43,0.63,2.87,3.19,1.9,2.11,9.66,30.0,252236310.0,81220091.82000001,111022210.5263158,659194375.0,32.19,13.95,27.08,1.14,19.91,9.96,11.04,12.25,0.3,0.6977,1.03,1.14,2.46,0.57,0.43,44.62,0.0,8407877,0.0,0.0,0.0,0,0.0,80.74961300216863,24.916137931034488,0.0,0.0,0.0,237.86448954882275,4.25162314240372,0.0,0.0,0.0,6,Regular,1,0,1,1,0,1,1,0,1,0,0,0,0,,
AHEB5,Sao Paulo Turismo Class Pref Shs Class A,Consumo Cíclico,Viagens e Lazer,Produção de Eventos e Shows,58.0,0.0,0.0,0.0,0.0,58.0,0,0,58.0,50.0,210942200,12.64,4.59,0.0,0.0,1.93,6.01,0.74,0.84,3.33,1.45,6.67,7.39,1.9,2.11,9.66,30.0,1350660.0,434912.52,111022210.5263158,285057027.027027,32.19,13.95,27.08,1.14,19.91,9.96,11.04,12.25,0.3,0.6977,1.03,1.14,2.46,0.57,0.43,44.62,0.0,45022,0.0,0.0,0.0,0,0.0,80.74961300216863,24.916137931034488,0.0,0.0,0.0,39.22347069339419,-57.041141498216405,0.0,0.0,0.0,6,Regular,1,0,1,1,0,1,1,0,1,0,0,0,0,,
AHEB6,Sao Paulo Turismo Class Pref Shs Class B,Consumo Cíclico,Viagens e Lazer,Produção de Eventos e Shows,55.0,0.0,0.0,0.0,0.0,55.0,0,0,55.0,55.0,210942200,11.98,4.59,0.0,0.0,1.83,5.7,0.7,0.79,3.15,1.38,6.32,7.01,1.9,2.11,9.66,30.0,2729850.0,879011.7000000001,111022210.5263158,301346000.0,32.19,13.95,27.08,1.14,19.91,9.96,11.04,12.25,0.3,0.6977,1.03,1.14,2.46,0.57,0.43,44.62,0.0,90995,0.0,0.0,0.0,0,0.0,80.74961300216863,24.916137931034488,0.0,0.0,0.0,46.817478185761146,-54.69793103448275,0.0,0.0,0.0,6,Regular,1,0,1,1,0,1,1,0,1,0,0,0,0,,
ALLD3,Allied Tecnologia SA,Consumo Cíclico,Comércio,Eletrodomésticos,5.99,3.8,5.76,6.02,5.76,5.79,109500,462953,8.23,4.72,581363201,1.75,3.43,14.83,61.86,0.44,2.1,0.14,0.2,0.59,0.76,1.48,1.1,1.16,0.86,3.72,17.8,1708115340.8,356976913.92,501175173.2758621,4152594292.8571424,20.88,9.36,17.18,1.43,11.57,12.56,9.29,6.55,0.09,0.2,0.32,0.24,1.81,0.55,0.45,8.27,28.55,95961536,0.9263,3.7052,0.4208,4,0.9263,38.59870464147728,43.45986206896553,61.75333333333334,106.206,15.438333333333334,544.3857202249962,625.5402682631974,930.9404563160823,1673.0550918196996,157.73511407902058,7,Bom,1,1,1,1,0,0,1,1,1,0,0,0,0,,
ALOS3,Allos SA,Financeiro e Outros,Exploração de Imóveis,Exploração de Imóveis,28.62,3.21,28.01,28.98,27.61,27.77,2329800,5404761,33.55,19.12,14485407199,16.74,1.72,5.66,3.42,1.19,21.22,5.64,0.6,6.24,0.71,10.03,10.42,8.2,8.52,1.49,26.62,13421563009.140001,751244511.03,1766513073.0487807,2568334609.7517734,5.59,2.85,10.65,0.11,75.35,54.16,56.25,26.6,0.22,0.4314,1.83,1.9,3.06,0.46,0.51,29.82,102.53,504190947,0.2449,0.9796,0.2925,4,0.2449,29.87365896571761,17.40731034482759,16.326666666666668,152.7697,4.081666666666667,4.3803597684053415,-39.177811513530436,-42.95364546936874,433.7865129280224,-85.73841136734218,7,Bom,0,0,1,1,0,1,1,1,1,1,0,0,0,,
ALPA3,Alpargatas SA,Consumo Cíclico,Tecidos. Vestuário e Calçados,Calçados,10.25,4.59,9.94,10.25,9.94,9.8,2100,51617,13.49,6.16,7747485369,11.45,0.89,4.54,16.52,2.06,23.69,2.0,1.42,4.85,2.85,22.74,11.53,23.97,12.15,0.55,6.3,2138917340.7,186730878.95000002,323215910.2628285,3873742684.5,8.69,5.99,7.82,0.71,47.89,17.32,8.78,8.43,0.09,0.1304,0.99,0.5,2.4,0.31,0.69,2.05,6.4,339510689,0.4234,1.6935,0.3428,4,0.4234,8.829637591656862,3.554896551724139,28.225,3.5200000000000005,7.056666666666667,-13.857194227737931,-65.31808242220352,175.3658536585366,-65.65853658536585,-31.154471544715445,4,Fraco,0,0,1,1,0,0,1,1,0,0,0,0,0,,
ALPA4,Alpargatas SA Preference Shares,Consumo Cíclico,Tecidos. Vestuário e Calçados,Calçados,12.04,7.09,11.28,12.12,11.27,11.28,1283100,2251027,16.22,7.09,7753904311,13.51,0.89,4.18,14.43,2.46,28.27,2.38,1.69,5.78,3.4,27.15,13.76,23.97,12.15,0.55,6.3,2164374657.9,188953343.15,323483700.91781396,3257942987.8151264,8.69,5.99,7.82,0.71,47.89,17.32,8.78,8.43,0.09,0.1304,0.99,0.5,2.4,0.31,0.69,2.05,6.4,343551533,0.4344,1.7376,0.3771,4,0.4344,8.829637591656862,3.554896551724139,28.96,3.5200000000000005,7.24,-26.66413960417888,-70.4742811318593,140.53156146179404,-70.7641196013289,-39.86710963455149,5,Regular,0,0,1,1,0,0,1,1,0,1,0,0,0,,
ALPK3,Allpark Empreendimentos Prtcpcs Srvcs SA,Bens Industriais,Serviços,Serviços Diversos,4.41,0.23,4.37,4.46,4.35,4.4,31400,114409,5.54,2.79,978164867,74.73,0.06,0.0,0.0,2.8,708.74,0.55,0.39,8.47,0.49,4.0,0.0,8.68,0.0,0.01,1.63,357468344.78999996,2193057.33,112691804.95391706,1778481576.3636363,0.4,0.05,12.74,0.7,32.33,0.0,13.88,0.08,3.29,23.5,4.69,0.0,0.82,0.86,0.14,7.96,0.0,219305733,0.0,0.0,0.0,0,0.0,0.6055988771455905,0.02579310344827587,0.0,0.0,0.0,-86.26759915769637,-99.41512237078739,0.0,0.0,0.0,2,Pessimo,0,0,0,1,0,0,0,0,1,0,0,0,0,,
ALSC3,#N/A,Financeiro e Outros,Exploração de Imóveis,Exploração de Imóveis,0.0,0.0,0.0,0.0,0.0,0.0,0,0,0.0,0.0,0,0.0,0.0,0.0,0.0,2.2,38.57,10.72,1.2,9.41,1.43,16.41,13.61,14.85,12.31,0.72,12.64,0.0,0.0,0.0,0.0,5.69,3.12,11.21,0.11,75.71,78.75,65.32,27.78,0.21,0.3818,1.56,1.29,5.39,0.44,0.55,2.54,19.34,0,0.148,0.5919,0.2671,4,0.148,14.30971697833329,8.411586206896553,9.865,13.9248,2.466666666666667,0.0,0.0,0.0,0.0,0.0,6,Regular,0,0,1,1,0,1,1,1,1,0,0,0,0,,
ALSO3,#N/A,Financeiro e Outros,Exploração de Imóveis,Exploração de Imóveis,0.0,0.0,0.0,0.0,0.0,0.0,0,0,0.0,0.0,0,0.0,0.0,6.49,0.0,0.84,15.37,4.31,0.43,4.96,0.51,9.91,0.0,6.89,0.0,1.41,25.79,0.0,0.0,0.0,0.0,5.46,2.78,7.28,0.1,72.96,0.0,43.47,28.02,0.25,0.4902,3.0,0.0,2.06,0.46,0.51,48.62,32.24,0,0.0,0.0,0.0,0,0.0,28.603981366236415,16.472689655172417,0.0,45.4584,0.0,0.0,0.0,0.0,0.0,0.0,5,Regular,0,1,0,1,0,1,1,1,0,0,0,0,0,,
ALUP11,Alupar Investimento SA Unit,Utilidade Pública,Energia Elétrica,Energia Elétrica,32.37,1.67,31.72,32.46,31.72,31.79,229500,881128,36.87,27.89,10791672093,3.18,10.18,3.78,3.34,1.25,9.67,2.58,0.36,3.04,0.44,3.61,3.81,6.57,6.94,3.53,27.3,0.0,0.0,1642568050.6849315,4182818640.6976743,12.93,3.7,10.81,0.14,69.61,67.79,71.56,26.7,1.03,3.5517,2.97,3.13,2.55,0.61,0.29,2.71,5.5,0,0.27,1.08,0.33,4,0.27,46.56503516588385,20.887862068965518,18.000000000000004,19.415,4.500000000000001,43.8524410438179,-35.47154133776485,-44.392956441149195,-40.02162496138399,-86.0982391102873,6,Regular,1,0,0,1,0,1,1,1,1,0,0,0,0,,
ALUP3,Alupar Investimento SA,Utilidade Pública,Energia Elétrica,Energia Elétrica,11.51,0.88,11.46,11.7,11.46,11.41,1900,4999,13.91,9.81,10788338803,1.13,10.18,3.47,3.04,1.36,10.54,2.81,0.39,3.32,0.48,3.93,4.15,6.57,6.94,1.18,9.1,6110597929.8,792363248.04,1642060700.6088278,3839266477.935943,12.93,3.7,10.81,0.14,69.61,67.79,71.56,26.7,1.03,3.5517,2.97,3.13,2.55,0.61,0.29,2.71,5.5,671494278,0.0875,0.35,0.11,4,0.0875,15.543648220414664,6.982344827586208,5.833333333333333,6.489999999999999,1.4583333333333333,35.04472823991889,-39.33670870906857,-49.31943237764263,-43.614248479582976,-87.32985809441065,6,Regular,1,0,0,1,0,1,1,1,1,0,0,0,0,,
ALUP4,Alupar Investimento SA Preference Shares,Utilidade Pública,Energia Elétrica,Energia Elétrica,10.34,0.88,10.15,10.44,10.15,10.25,9900,17558,11.49,8.91,10798339946,1.02,10.18,4.0,3.19,1.18,9.13,2.44,0.34,2.87,0.42,3.41,3.6,6.57,6.94,1.18,9.1,2888215539.2999997,374515861.14,1643582944.5966513,4425549158.196721,12.93,3.7,10.81,0.14,69.61,67.79,71.56,26.7,1.03,3.5517,2.97,3.13,2.55,0.61,0.29,2.71,5.5,317386323,0.0825,0.33,0.1,4,0.0825,15.543648220414664,6.982344827586208,5.500000000000001,6.489999999999999,1.3750000000000002,50.32541799240487,-32.47248716067497,-46.80851063829786,-37.23404255319149,-86.70212765957447,6,Regular,1,0,0,1,0,1,1,1,1,0,0,0,0,,
AMAR3,Marisa Lojas SA,Consumo Cíclico,Comércio,Tecidos. Vestuário e Calçados,0.69,4.48,0.71,0.72,0.68,0.67,85500,163087,1.52,0.68,363559693,0.0,-0.12,0.0,361.29,1.67,30.64,0.33,0.23,1.86,0.33,1.96,1.54,5.14,4.05,0.03,0.58,297839455.15999997,15405489.059999999,70731457.78210117,1101696039.3939393,5.45,0.76,21.48,0.7,52.44,21.44,16.87,1.08,2.72,19.4286,3.19,2.51,0.7,0.86,0.14,13.55,0.0,513516302,0.6232,2.4929,0.327,4,0.6232,0.6256996084384263,0.0773793103448276,41.54833333333334,0.0,10.386666666666667,-9.318897327764295,-88.7856071964018,5921.4975845410645,0.0,1405.3140096618358,3,Fraco,0,1,0,1,0,0,0,0,1,0,0,0,0,,
AMBP3,Ambipar Participacoes e Empreendmnts SA,Utilidade Pública,Água e Saneamento,Água e Saneamento,0.18,0.0,0.17,0.18,0.17,0.17,1367700,5013030,20.5,0.17,287208883,0.0,-0.15,0.0,29.56,0.43,1.82,0.06,0.03,0.1,0.05,0.37,0.22,5.43,3.21,0.15,0.65,1085772148.5,250562803.5,52892980.2946593,4786814716.666667,23.47,1.52,8.91,0.43,18.22,29.35,17.36,3.54,5.81,96.8333,5.06,2.99,2.72,0.87,0.06,67.64,0.0,1670418690,0.0177,0.0532,0.0134,3,0.0177,1.4811313243598625,0.38689655172413795,0.8866666666666666,0.0,0.29500000000000004,722.8507357554793,114.9425287356322,392.59259259259255,0.0,63.888888888888914,6,Regular,1,1,0,1,1,0,1,0,0,1,0,0,0,,
AMER3,Americanas SA - Em Recuperacao Judicial,Consumo Cíclico,Comércio,Produtos Diversos,5.29,7.65,5.02,5.32,5.01,4.97,1376500,3295213,8.82,4.6,1085550643,8.0,0.67,0.0,1473.86,0.22,1.3,0.08,0.07,0.36,0.12,3.1,0.57,7.01,1.3,4.06,23.66,4737797788.36,812994886.7599999,154857438.3737518,13569383037.5,17.16,5.03,7.44,0.86,28.74,13.25,2.45,5.85,0.28,0.9655,3.91,0.72,1.63,0.71,0.29,16.22,0.0,200245046,19.4918,77.9674,62.0963,4,19.4918,46.490224778979076,10.472000000000001,1299.4566666666667,0.0,324.86333333333334,778.8322264457292,97.9584120982987,24464.398235664776,0.0,6041.0838059231255,7,Bom,1,1,1,1,1,0,1,0,0,1,0,0,0,,
AMOB3,Automob Participacoes SA,Petróleo. Gás e Biocombustíveis,Petróleo. Gás e Biocombustíveis,Equipamentos e Serviços,14.86,2.84,14.43,14.9,14.36,14.45,9000,49927,15.76,10.0,569405615,0.0,-8.1,0.0,0.0,0.0,0.0,0.0,0.0,0.0,0.0,0.0,0.0,0.0,0.0,0.0,0.0,0.0,0.0,0.0,0.0,2595.29,6030.26,2660.36,104.73,3.6,0.0,46.82,57.58,0.0,0.0,0.01,0.0,0.19,3.32,2.32,0.0,0.0,37886057,0.0,0.0,0.0,0,0.0,0.0,0.0,0.0,0.0,0.0,0.0,0.0,0.0,0.0,0.0,3,Fraco,1,0,0,0,0,1,0,0,1,0,0,0,0,,
ANIM3,Anima Holding SA,Consumo Cíclico,Diversos,Serviços Educacionais,3.35,7.72,3.18,3.37,3.17,3.11,4212300,7194134,5.29,2.85,1376555985,9.49,0.36,1.1,18.26,0.84,12.48,0.5,0.19,1.61,0.26,2.01,2.03,5.92,5.99,0.39,5.83,2354555133.15,157508833.95000002,232526348.81756756,2753111970.0,6.7,1.56,11.61,0.39,62.16,24.53,24.85,3.99,1.63,7.087,3.91,3.96,1.92,0.71,0.23,26.33,0.0,403868805,0.1529,0.6116,0.0535,4,0.1529,7.152499563089815,1.0059310344827588,10.193333333333335,0.0,2.548333333333334,113.5074496444721,-69.9722079258878,204.27860696517416,0.0,-23.93034825870646,4,Fraco,0,0,0,1,0,0,1,0,1,1,0,0,0,,
APER3,#N/A,Financeiro e Outros,Previdência e Seguros,Corretoras de Seguros,0.0,0.0,0.0,0.0,0.0,0.0,0,0,0.0,0.0,0,0.0,0.0,0.0,0.0,2.02,32.82,2.68,1.01,115.28,1.38,40.57,19.14,43.31,20.44,1.42,23.16,0.0,0.0,0.0,0.0,6.15,3.09,2.91,0.38,100.0,13.99,6.6,8.16,0.14,0.28,2.74,1.3,1.03,0.5,0.5,29.52,0.0,0,0.118,0.4721,0.3237,4,0.118,27.20224255461303,3.662620689655173,7.868333333333334,0.0,1.9666666666666666,0.0,0.0,0.0,0.0,0.0,3,Fraco,0,0,1,1,0,0,1,0,0,0,0,0,0,,
APTI3,Siderurgica JL Aliperti SA,Consumo não Cíclico,Agropecuária,Agricultura,0.0,0.0,0.0,0.0,0.0,0.0,0,0,320.0,320.0,0,0.0,929.89,0.0,0.0,0.01,0.12,0.1,0.01,0.02,0.01,0.22,0.0,0.8,0.0,1621.94,14822.32,92639500.0,10137125.0,0.0,0.0,10.94,5.92,3.06,0.07,100.11,0.0,45.32,81.09,0.09,0.1667,1.42,0.0,10.57,0.46,0.54,2.98,0.0,6250,136.7231,546.8924,43.9057,4,136.7231,23257.698903115932,4183.486620689656,9114.873333333333,0.0,2278.7183333333332,0.0,0.0,0.0,0.0,0.0,5,Regular,1,0,0,1,1,1,1,0,0,0,0,0,0,,
APTI4,Siderurgica JL Aliperti SA Preference Shares,Consumo não Cíclico,Agropecuária,Agricultura,0.0,-100.0,0.0,0.0,0.0,140.22,0,0,3500.0,3500.0,0,0.0,929.89,0.0,0.0,0.2,1.81,1.47,0.11,0.25,0.2,3.23,0.0,0.8,0.0,1621.94,14822.32,182981540.4,20022849.3,0.0,0.0,10.94,5.92,3.06,0.07,100.11,0.0,45.32,81.09,0.09,0.1667,1.42,0.0,10.57,0.46,0.54,2.98,0.0,12345,150.3954,601.5817,48.2962,4,150.3954,23257.698903115932,4183.486620689656,10026.361666666666,0.0,2506.59,0.0,0.0,0.0,0.0,0.0,5,Regular,1,0,0,1,1,1,1,0,0,0,0,0,0,,
ARML3,Armac Locacao Logistica e Servicos SA,Bens Industriais,Máquinas e Equipamentos,Máq. e Equip. Industriais,3.4,3.05,3.29,3.43,3.29,3.28,1197400,1464480,6.3,2.58,1191511333,16.69,0.2,12.98,15.34,1.3,30.44,0.89,0.36,2.17,0.51,3.99,2.04,8.53,4.35,0.16,3.67,1271633335.99,55439055.52,139684798.71043378,1338776778.6516855,4.26,1.17,10.45,0.4,35.48,43.56,22.22,2.91,1.47,5.4444,4.53,2.31,2.21,0.72,0.27,95.79,42.68,346494097,0.1304,0.5215,0.3036,4,0.1304,3.63483149540663,1.8692413793103453,8.691666666666666,6.8288,2.1733333333333333,6.906808688430299,-45.022312373225134,155.63725490196077,100.84705882352942,-36.07843137254902,7,Bom,0,1,1,1,0,0,1,1,1,1,0,0,0,,
ARZZ3,#N/A,Consumo Cíclico,Comércio,Tecidos. Vestuário e Calçados,0.0,0.0,0.0,0.0,0.0,0.0,0,0,0.0,0.0,0,0.0,0.0,1.29,0.0,2.83,16.37,1.36,1.45,10.13,2.75,11.58,8.22,12.42,8.82,2.57,14.87,0.0,0.0,0.0,0.0,17.29,8.84,16.37,1.07,41.19,16.51,11.72,8.29,0.21,0.4118,0.87,0.61,1.43,0.49,0.51,25.49,28.0,0,0.0,0.0,0.0,0,0.0,29.323331154560183,30.024689655172416,0.0,71.96,0.0,0.0,0.0,0.0,0.0,0.0,6,Regular,1,0,1,1,0,0,1,1,1,0,0,0,0,,
ASAI3,Sendas Distribuidora SA,Consumo não Cíclico,Comércio e Distribuição,Alimentos,8.63,5.76,8.21,8.72,8.21,8.16,5678200,13143667,11.88,6.91,11680972684,16.68,0.52,1.35,3.03,2.08,12.95,0.16,0.26,7.22,0.41,2.87,2.05,5.74,4.09,0.68,4.23,5725437238.26,920401258.1600001,2035012662.7177699,73006079275.0,16.05,2.03,18.58,1.7,16.75,7.56,5.39,1.2,2.07,15.9231,2.86,2.04,1.12,0.87,0.13,21.32,2.6,1353531262,0.0654,0.2616,0.1043,4,0.0654,8.044811992831157,2.826924137931035,4.36,1.7680000000000002,1.09,-6.78085755699703,-67.24305749790226,-49.47856315179606,-79.513325608343,-87.36964078794902,6,Regular,1,0,1,1,0,0,1,0,1,1,0,0,0,,
ATED3,Atom Educacao e Editora Ord Shs,,,,2.2,-4.35,2.2,2.2,2.2,2.3,200,5737,2.51,1.77,0,0.0,0.0,0.0,0.0,0.0,0.0,0.0,0.0,0.0,0.0,0.0,0.0,0.0,0.0,0.0,0.0,0.0,0.0,0.0,0.0,0.0,0.0,0.0,0.0,0.0,0.0,0.0,0.0,0.0,0.0,0.0,0.0,0.0,0.0,0.0,0.0,0.0,23804898,0.0,0.0,0.0,0,0.0,0.0,0.0,0.0,0.0,0.0,0.0,0.0,0.0,0.0,0.0,0,Pessimo,0,0,0,0,0,0,0,0,0,0,0,0,0,,
ATMP3,#N/A,Bens Industriais,Serviços,Serviços Diversos,0.0,0.0,0.0,0.0,0.0,0.0,0,0,0.0,0.0,0,0.0,0.0,0.0,0.0,0.21,0.22,0.08,0.03,0.14,0.03,0.59,1.06,3.46,6.17,5.27,5.59,0.0,0.0,0.0,0.0,94.3,12.73,14.38,0.34,10.67,8.01,14.31,37.86,1.02,7.2857,2.86,5.11,0.41,0.86,0.14,15.5,0.0,0,0.0,0.0,0.0,0,0.0,25.745567579682525,13.59296551724138,0.0,0.0,0.0,0.0,0.0,0.0,0.0,0.0,5,Regular,1,0,0,1,1,1,0,0,1,0,0,0,0,,
ATOM3,#N/A,Financeiro e Outros,Outros,Outros,0.0,0.0,0.0,0.0,0.0,0.0,0,0,0.0,0.0,0,0.0,0.0,0.0,0.0,2.59,5.32,3.32,1.98,6.5,3.09,107.07,0.0,99.39,0.0,0.81,1.66,0.0,0.0,0.0,0.0,48.68,37.26,44.5,0.6,93.46,0.0,3.1,62.27,0.19,0.2468,7.68,0.0,6.84,0.23,0.77,31.18,22.1,0,0.0,0.0,0.0,0,0.0,5.500318172615108,9.463034482758623,0.0,17.901000000000003,0.0,0.0,0.0,0.0,0.0,0.0,6,Regular,1,0,0,1,0,1,1,1,1,0,0,0,0,,
AURA33,Aura Minerals Bdr,Materiais Básicos,Mineração,Minerais Metálicos,124.94,5.41,119.45,127.03,119.44,118.47,423632,733026,181.09,33.4,6270784917,0.0,0.0,2.37,1.8,14.48,97.38,5.67,3.27,24.1,5.07,12.15,0.0,12.35,0.0,1.17,7.9,661934861.7,98033390.91,507755863.7246964,1105958539.1534393,14.87,3.35,35.43,0.58,53.37,0.0,46.68,5.82,0.24,1.0435,0.2,0.0,1.62,0.77,0.23,29.1,0.0,83789223,0.5618,2.2473,0.856,4,0.5618,14.421078323065858,3.0177931034482763,37.455000000000005,0.0,9.363333333333333,-88.4575969881016,-97.58460612818291,-70.02161037297901,0.0,-92.50573608665493,4,Fraco,1,0,0,1,0,0,1,0,1,0,0,0,0,,
AURE3,Auren Energia SA,Utilidade Pública,Energia Elétrica,Energia Elétrica,12.8,4.23,12.32,12.81,12.32,12.28,1457300,4011413,14.66,8.78,13598118602,0.0,-1.24,0.5,27.01,0.98,8.75,0.95,0.25,5.87,0.3,9.47,4.01,25.22,10.69,1.3,11.69,12278918516.06,1365491366.2,539179960.4282316,14313809054.736843,11.15,2.8,3.22,0.26,17.27,23.78,10.08,10.91,1.62,6.48,15.75,6.68,1.3,0.72,0.25,0.0,0.0,1050377974,0.8643,3.457,0.057,4,0.8643,18.491416927861422,3.353103448275863,57.61666666666667,0.0,14.405,44.46419474891736,-73.80387931034483,350.1302083333333,0.0,12.53906249999999,5,Regular,1,0,0,1,0,1,1,0,0,1,0,0,0,,
AVLL3,Alphaville SA,Consumo Cíclico,Construção Civil,Incorporações,0.67,3.08,0.66,0.68,0.65,0.65,4600,61277,2.52,0.64,130871103,0.0,-0.85,0.0,0.0,0.86,1.36,0.25,0.12,3.06,0.2,1.29,1.27,5.6,5.51,0.61,0.97,189470159.17,119151337.21,23369839.821428575,523484412.0,62.83,8.86,21.49,0.49,35.8,19.6,19.3,18.25,0.0,0.0,4.31,4.24,0.91,1.11,0.14,32.82,0.0,195330061,0.0,0.0,0.0,0,0.0,3.648732656690539,1.5733793103448277,0.0,0.0,0.0,444.5869636851551,134.8327328872877,0.0,0.0,0.0,5,Regular,1,0,0,1,1,1,0,0,1,0,0,0,0,,
AZEV3,Azevedo & Travassos SA,Bens Industriais,Construção e Engenharia,Construção Pesada,0.21,0.0,0.21,0.23,0.2,0.21,2396500,1175997,0.69,0.16,368645061,0.0,-1.04,0.0,14.67,1.04,0.23,0.62,0.16,1.42,0.2,0.34,6.74,0.39,7.82,1.22,0.27,54534264.660000004,246414084.76,945243746.1538461,594588808.0645162,453.29,69.02,250.88,0.26,8.27,9.18,181.96,269.37,0.36,2.4,0.12,2.35,0.65,0.85,0.15,144.07,0.0,201978758,0.0077,0.0308,0.0154,4,0.0077,2.722407023205751,3.1467586206896554,0.5133333333333334,0.0,0.12833333333333335,1196.3842967646433,1398.456486042693,144.4444444444445,0.0,-38.88888888888888,8,Bom,1,1,1,1,1,1,0,0,1,1,0,0,0,,
AZEV4,Azevedo & Travassos SA Preference Shares,Bens Industriais,Construção e Engenharia,Construção Pesada,0.14,0.0,0.14,0.15,0.13,0.14,2706000,5615080,0.66,0.09,368645061,0.0,-1.04,0.0,22.0,0.74,0.16,0.44,0.11,1.02,0.14,0.24,4.81,0.39,7.82,1.22,0.27,105509746.80000001,476747744.8,945243746.1538461,837829684.0909091,453.29,69.02,250.88,0.26,8.27,9.18,181.96,269.37,0.36,2.4,0.12,2.35,0.65,0.85,0.15,144.07,0.0,390776840,0.0077,0.0308,0.0154,4,0.0077,2.722407023205751,3.1467586206896554,0.5133333333333334,0.0,0.12833333333333335,1844.576445146965,2147.6847290640394,266.6666666666667,0.0,-8.333333333333327,8,Bom,1,1,1,1,1,1,0,0,1,1,0,0,0,,
AZTE3,Azevedo e Travassos Energia Ord Shs,Materiais Básicos,Químicos,Petroquímicos,0.23,9.52,0.2,0.23,0.2,0.21,2881800,3023050,0.76,0.2,0,0.0,0.0,0.0,0.0,0.0,0.0,0.0,0.0,0.0,0.0,0.0,0.0,0.0,0.0,0.0,0.0,0.0,0.0,0.0,0.0,0.0,0.0,0.0,0.0,0.0,0.0,0.0,0.0,0.0,0.0,0.0,0.0,0.0,0.0,0.0,0.0,0.0,359103340,0.0,0.0,0.0,0,0.0,0.0,0.0,0.0,0.0,0.0,0.0,0.0,0.0,0.0,0.0,1,Pessimo,0,0,0,0,0,0,0,0,0,1,0,0,0,,
AZUL4,#N/A,Bens Industriais,Transporte,Transporte Aéreo,0.0,0.0,0.0,0.0,0.0,0.0,0,0,0.0,0.0,0,0.0,0.0,0.0,0.0,145712.43,254621.99,184719.63,144554.84,204485.37,196458.83,1232642.41,774556.35,16446.22,10334.32,0.0,0.0,0.0,0.0,0.0,0.0,57.23,56.77,32.52,0.78,28.49,23.85,14.99,72.55,0.0,0.0,10.99,6.91,0.27,1.99,0.99,11.28,0.0,0,0.0,0.0,0.0,0,0.0,0.0,0.0,0.0,0.0,0.0,0.0,0.0,0.0,0.0,0.0,3,Fraco,1,0,0,0,0,1,0,0,1,0,0,0,0,,
AZZA3,Azzas 2154 SA,Consumo Cíclico,Comércio,Tecidos. Vestuário e Calçados,19.67,4.63,19.02,19.86,18.98,18.78,2090100,3966673,41.49,18.32,4061654381,4.9,4.04,9.98,18.26,0.61,6.8,0.43,0.33,1.58,0.59,7.43,2.96,10.81,4.31,3.65,40.43,8348383139.59,753687817.4499999,375731210.08325624,9445707862.790697,9.02,4.85,1.84,0.77,54.57,14.47,5.76,6.3,0.28,0.5185,3.38,1.35,1.9,0.46,0.54,37.92,35.96,206489813,0.898,3.5921,1.5847,4,0.898,57.622163704602414,42.642068965517254,59.86833333333333,131.254,14.966666666666667,192.9444011418526,116.78733586943189,204.36366717505504,567.280122013218,-23.91120149127267,6,Regular,0,1,1,1,0,0,1,1,0,1,0,0,0,,
B3SA3,B3 SA Brasil Bolsa Balcao,Financeiro e Outros,Serviços Financeiros Diversos,Serviços Financeiros Diversos,16.85,6.48,16.07,16.91,15.97,15.89,34744300,35610463,20.33,11.74,86411347967,19.25,0.88,3.49,1.77,4.54,18.48,8.28,1.9,8.43,2.98,14.04,10.66,13.86,10.52,0.92,3.76,18974840000.0,4642780000.0,6234584990.40404,10436153136.111113,24.55,10.26,9.47,0.23,90.57,77.7,59.0,44.81,0.06,0.1429,0.18,0.14,2.62,0.58,0.42,12.34,12.34,5046500000,0.0745,0.2979,0.0745,4,0.0745,8.822244612342145,9.262940689655174,4.965,11.3528,1.2416666666666667,-47.64246520865197,-45.027058221631016,-70.53412462908013,-32.624332344213656,-92.63105835806132,7,Bom,1,0,1,1,0,1,1,1,0,1,0,0,0,,
BAHI3,#N/A,Consumo Cíclico,Diversos,Serviços Educacionais,0.0,0.0,0.0,0.0,0.0,0.0,0,0,0.0,0.0,0,0.0,0.0,0.0,0.0,1.78,2.17,0.35,0.27,1.16,0.3,8.63,30.87,11.01,39.38,2.07,2.53,0.0,0.0,0.0,0.0,82.07,12.19,9.74,0.77,58.14,1.12,4.01,15.93,0.49,3.2667,2.38,8.51,0.33,0.78,0.15,46.22,0.0,0,0.7855,3.1419,0.6419,4,0.7855,10.855171578561068,5.339172413793104,52.365,0.0,13.091666666666667,0.0,0.0,0.0,0.0,0.0,3,Fraco,1,0,0,1,0,1,0,0,0,0,0,0,0,,
BALM3,Baumer SA,Saúde,Equipamentos,Equipamentos,25.18,0.0,0.0,0.0,0.0,25.18,0,7,29.05,16.41,221477700,13.63,1.85,17.84,18.53,1.39,10.3,1.16,0.85,1.67,3.34,5.59,4.64,3.25,2.7,2.52,18.67,91483000.00000001,12348000.0,68146984.61538461,190929051.72413793,13.52,8.23,19.28,0.73,61.58,25.03,20.78,11.28,0.39,0.6393,1.56,1.3,3.12,0.39,0.61,5.42,31.66,4900000,1.1667,4.6669,3.07,4,1.1667,32.53596471598775,29.440551724137936,77.78166666666667,79.78320000000001,19.445,29.213521509085595,16.92038015940404,208.9025681758009,216.85146942017477,-22.776012708498808,8,Bom,1,1,1,1,0,1,1,1,1,0,0,0,0,,
BALM4,Baumer SA Preference Shares,Saúde,Equipamentos,Equipamentos,19.51,0.0,0.0,0.0,0.0,19.51,0,589,20.9,11.76,221477700,10.56,1.85,24.81,25.62,1.0,7.41,0.84,0.61,1.2,2.4,4.02,3.34,3.25,2.7,2.52,18.67,91483000.00000001,12348000.0,68146984.61538461,263663928.57142857,13.52,8.23,19.28,0.73,61.58,25.03,20.78,11.28,0.39,0.6393,1.56,1.3,3.12,0.39,0.61,5.42,31.66,4900000,1.2496,4.9982,3.07,4,1.2496,32.53596471598775,29.440551724137936,83.30333333333333,79.78320000000001,20.826666666666668,66.76558029722065,50.899803814136,326.9776183153937,308.9349051768324,6.748675892704595,8,Bom,1,1,1,1,0,1,1,1,1,0,0,0,0,,
BAUH3,Excelsior Alimentos SA,Consumo não Cíclico,Alimentos Processados,Carnes e Derivados,0.0,0.0,0.0,0.0,0.0,0.0,0,0,0.0,0.0,495957500,0.0,4.42,0.0,0.0,0.0,0.0,0.0,0.0,0.0,0.0,0.0,0.0,0.0,0.0,5.35,27.11,77180245.19,15231070.149999999,0.0,0.0,19.75,13.66,13.47,1.33,24.64,9.53,7.97,10.25,0.46,0.6667,3.0,2.51,1.93,0.31,0.69,6.53,0.81,2846929,0.0,0.0,0.0,0,0.0,57.125880737193015,62.50275862068966,0.0,433.34999999999997,0.0,0.0,0.0,0.0,0.0,0.0,4,Fraco,1,0,0,0,0,1,1,0,1,0,0,0,0,,
BAUH4,Excelsior Alimentos SA Preference Shares,Consumo não Cíclico,Alimentos Processados,Carnes e Derivados,93.9,0.0,0.0,0.0,0.0,93.9,0,37,93.9,70.14,495957500,21.23,4.42,1.33,4.39,3.43,17.37,1.78,2.37,8.72,5.45,22.33,18.67,0.0,0.0,5.35,27.11,64394193.23,12707817.549999999,0.0,278627808.98876405,19.75,13.66,13.47,1.33,24.64,9.53,7.97,10.25,0.46,0.6667,3.0,2.51,1.93,0.31,0.69,6.53,0.81,2375293,1.0305,4.1219,1.2356,4,1.0305,57.125880737193015,62.50275862068966,68.69833333333334,433.34999999999997,17.175,-39.16306630756868,-33.43689177775329,-26.838835640752574,361.5015974440894,-81.70926517571885,5,Regular,1,0,0,1,0,1,1,0,1,0,0,0,0,,
BAZA3,Banco da Amazonia SA,Financeiro e Outros,Intermediários Financeiros,Bancos,71.9,3.22,69.68,71.98,69.65,69.66,3000,6497,89.5,66.8,4081082641,3.65,19.72,9.38,20.36,0.66,4.46,0.79,0.08,107.18,0.08,4.24,0.0,4.24,0.0,19.15,129.92,21849288854.399998,3220550196.7499995,962519490.8018868,5165927393.670886,14.74,1.78,0.0,0.1,20.35,0.0,18.56,17.66,0.0,0.0,0.0,0.0,0.0,0.88,0.12,26.63,31.27,168174945,3.6594,14.6374,7.4178,4,3.6594,236.5994082832837,223.7248275862069,243.95666666666668,598.8204999999999,60.99000000000001,229.06732723683407,211.16109539110832,239.29995363931386,732.8518776077884,-15.173852573018074,5,Regular,1,1,0,1,0,1,0,1,0,0,0,0,0,,
BBAS3,Banco do Brasil SA,Financeiro e Outros,Intermediários Financeiros,Bancos,20.65,2.22,20.4,20.77,20.31,20.23,21895200,23880753,27.74,17.83,118513669548,8.37,2.47,4.86,2.63,0.77,8.77,0.46,0.05,2.45,0.06,24.41,0.0,24.41,0.0,2.78,31.78,182125905791.2,15931718631.199999,4855127797.951659,257638412060.86957,8.73,0.63,0.0,0.12,32.84,0.0,1.87,5.2,0.0,0.0,0.0,0.0,7.39,0.93,0.07,17.31,0.6,5730834040,0.1356,0.5425,0.0458,4,0.1356,44.58518812341157,32.478068965517245,9.041666666666666,166.79999999999998,2.2600000000000002,115.90890132402698,57.27878433664526,-56.21468926553672,707.7481840193703,-89.05569007263921,3,Fraco,0,0,0,1,0,0,1,0,0,1,0,0,0,,
BBDC3,Banco Bradesco SA,Financeiro e Outros,Intermediários Financeiros,Bancos,15.54,2.71,15.32,15.64,15.24,15.13,3647100,6246115,18.68,12.07,35161963598,6.92,2.25,7.48,0.44,1.07,8.74,0.75,0.09,0.92,0.1,10.16,0.0,10.96,0.0,2.04,16.58,87938177548.98,10819896393.24,3208208357.4817514,46882618130.666664,12.29,0.98,0.0,0.11,30.41,0.0,7.36,8.56,0.0,0.0,0.0,0.0,10.67,0.92,0.08,11.4,0.54,5303870781,0.0172,0.069,0.0172,4,0.0172,27.586627195074065,23.832827586206903,1.1500000000000001,110.16,0.2866666666666667,77.52012352042514,53.36439888164032,-92.5997425997426,608.880308880309,-98.15529815529815,5,Regular,1,1,0,1,0,0,1,0,0,1,0,0,0,,
BBDC4,Banco Bradesco SA Preference Shares,Financeiro e Outros,Intermediários Financeiros,Bancos,17.87,2.7,17.51,17.99,17.51,17.39,22227100,32771905,21.79,13.98,35211696400,7.96,2.25,6.87,0.42,1.24,10.11,0.87,0.1,1.07,0.11,11.76,0.0,10.96,0.0,2.04,16.58,87677381875.26,10787808143.880001,3212746021.89781,40473214252.873566,12.29,0.98,0.0,0.11,30.41,0.0,7.36,8.56,0.0,0.0,0.0,0.0,10.67,0.92,0.08,11.4,0.54,5288141247,0.019,0.0759,0.019,4,0.019,27.586627195074065,23.832827586206903,1.265,110.16,0.31666666666666665,54.37396303902666,33.36780965980359,-92.92109681029659,516.4521544487968,-98.22794254803209,5,Regular,1,1,0,1,0,0,1,0,0,1,0,0,0,,
BBML3,BBM Logistica SA,Bens Industriais,Serviços,Serviços Diversos,0.0,0.0,0.0,0.0,0.0,0.0,0,0,0.0,0.0,0,0.0,-6.6,0.0,0.0,445.19,468.78,110.62,154.82,159.22,211.74,639.68,545.05,641.4,546.51,8.4,8.84,360325631.12,342390871.2,0.0,0.0,94.97,33.03,512.1,1.4,4.08,20.3,17.29,23.6,0.0,0.0,1.72,1.47,0.22,1.35,0.35,18.96,0.0,40760818,0.066,0.1319,0.0519,2,0.066,40.87493119260264,21.666206896551728,2.1983333333333333,0.0,1.1,0.0,0.0,0.0,0.0,0.0,4,Fraco,1,0,1,0,0,1,0,0,1,0,0,0,0,,
BBRK3,#N/A,Financeiro e Outros,Exploração de Imóveis,Intermediação Imobiliária,0.0,0.0,0.0,0.0,0.0,0.0,0,0,0.0,0.0,0,0.0,0.0,0.0,0.0,1.99,-0.66,0.59,0.48,-2.08,-0.63,-0.73,-0.75,-0.56,-0.57,-1.6,0.53,0.0,-0.0,0.0,0.0,-302.66,-73.61,-269.81,0.81,62.13,-78.88,-81.05,-90.42,-0.48,0.0,0.18,0.18,0.5,0.75,0.24,-9.38,0.0,0,0.0,0.0,0.0,0,0.0,0.0,0.0,0.0,0.0,0.0,0.0,0.0,0.0,0.0,0.0,2,Pessimo,0,0,1,1,0,0,0,0,0,0,0,0,0,,
BBSE3,BB Seguridade Participacoes SA,Financeiro e Outros,Previdência e Seguros,Seguradoras,34.66,2.18,34.3,34.7,33.95,33.91,5263800,5346277,36.59,28.87,67288923703,7.32,4.74,11.45,16.31,5.79,8.27,0.0,3.64,14.95,6.32,7.52,0.0,7.52,0.0,4.5,6.43,12483202000.0,8736300000.0,8947995173.271276,0.0,69.93,44.03,0.0,0.0,0.0,0.0,0.0,0.0,0.0,0.0,0.0,0.0,2.35,0.37,0.63,0.0,6.21,1941400000,1.4133,5.6532,1.9421,4,1.4133,25.515436504202707,28.56662068965518,94.22,27.945,23.555,-26.38362231909201,-17.580436556101603,171.84073860357762,-19.3739180611656,-32.039815349105595,6,Regular,1,1,0,1,0,0,1,1,0,1,0,0,0,,
BDLL3,Bardella SA Indstrs Mcncs em Rprc Jdcl,Bens Industriais,Máquinas e Equipamentos,Máq. e Equip. Industriais,6.8,0.0,0.0,0.0,0.0,6.8,0,17,9.9,6.8,7389187,0.0,-12.97,0.0,518.64,0.05,0.75,0.19,0.03,0.07,0.05,1.0,34.92,16.28,569.52,9.42,137.84,83695345.28,5719748.64,453881.2653562653,38890457.89473684,6.83,3.46,23.3,0.14,17.16,0.55,19.16,25.56,0.0,0.0,15.39,538.14,0.55,1.51,0.51,2.75,0.0,607192,8.8169,35.2677,5.84,4,8.8169,170.92450965265337,24.297103448275863,587.795,0.0,146.94833333333335,2413.595730186079,257.31034482758616,8544.04411764706,0.0,2061.0049019607845,5,Regular,0,1,0,1,1,1,0,0,1,0,0,0,0,,
BDLL4,Bardella SA Indstrs Mcncs em Rprc Jdcl Preference Shares,Bens Industriais,Máquinas e Equipamentos,Máq. e Equip. Industriais,3.2,0.0,3.19,3.3,3.19,3.2,6600,2497,8.4,3.19,7389187,0.0,-12.97,0.0,730.0,0.04,0.63,0.16,0.02,0.06,0.04,0.84,29.23,16.28,569.52,9.42,137.84,136848654.72,9352251.36,453881.2653562653,46182418.75,6.83,3.46,23.3,0.14,17.16,0.55,19.16,25.56,0.0,0.0,15.39,538.14,0.55,1.51,0.51,2.75,0.0,992808,5.84,23.36,5.84,4,5.84,170.92450965265337,24.297103448275863,389.3333333333333,0.0,97.33333333333333,5241.3909266454175,659.2844827586207,12066.666666666666,0.0,2941.6666666666665,5,Regular,0,1,0,1,1,1,0,0,1,0,0,0,0,,
BEEF11,#N/A,Consumo não Cíclico,Alimentos Processados,Carnes e Derivados,0.0,0.0,0.0,0.0,0.0,0.0,0,0,0.0,0.0,0,0.0,0.0,0.0,0.0,3.28,31.07,0.08,0.06,0.17,0.19,1.02,0.82,6.35,5.07,0.12,1.1,0.0,0.0,0.0,0.0,0.18,0.0,8.03,0.82,21.13,9.46,7.53,0.0,11.92,596.0,3.99,3.18,1.92,0.96,0.02,10.65,0.0,0,0.0,0.0,0.0,0,0.0,1.7233687939614086,0.3095172413793104,0.0,0.0,0.0,0.0,0.0,0.0,0.0,0.0,2,Pessimo,0,0,0,1,0,0,1,0,0,0,0,0,0,,
BEEF3,Minerva SA,Consumo não Cíclico,Alimentos Processados,Carnes e Derivados,4.32,2.37,4.23,4.32,4.2,4.22,6451900,16875070,7.31,3.6,4322320011,6.4,0.68,2.68,21.64,4.75,7.54,0.12,0.14,0.83,0.36,1.69,1.25,4.94,3.66,0.81,1.29,1290693123.45,810435217.0500001,874963564.9797571,36019333425.0,63.09,1.8,12.71,1.13,17.94,9.55,7.08,1.59,9.13,304.3333,3.25,2.41,1.35,0.96,0.03,14.75,0.0,1000537305,0.2337,0.9347,0.1646,4,0.2337,4.8487369489383525,2.0892413793103453,15.578333333333333,0.0,3.895,12.23928122542482,-51.637931034482754,260.6095679012345,0.0,-9.837962962962967,6,Regular,1,0,1,1,0,0,1,0,1,1,0,0,0,,
BEES3,Banestes SA Banco do Estado Esprt Santo,Financeiro e Outros,Intermediários Financeiros,Bancos,8.59,1.06,8.52,8.59,8.38,8.5,9300,10384,9.42,7.04,3029595986,6.64,1.29,8.28,1.34,1.17,8.39,0.56,0.07,0.31,0.1,6.57,0.0,6.58,0.0,0.98,7.04,1788910464.0,249024468.0,460424921.8844985,5409992832.142857,13.96,0.87,0.0,0.13,29.87,0.0,8.53,6.68,0.0,0.0,0.0,0.0,0.0,0.94,0.06,17.11,9.69,254106600,0.0288,0.1151,0.0288,4,0.0288,12.459213458320713,8.290935172413795,1.9183333333333332,9.4962,0.48,45.04323001537501,-3.481546304845231,-77.66783081102056,10.549476135040745,-94.41210710128055,4,Fraco,1,1,0,1,0,0,0,1,0,0,0,0,0,,
BEES4,Banestes SA Banco do Estado Esprt Santo Preference Shares,Financeiro e Outros,Intermediários Financeiros,Bancos,8.64,0.35,8.66,8.66,8.62,8.61,600,4621,9.36,6.92,3029595986,6.68,1.29,8.61,1.33,1.18,8.45,0.56,0.07,0.32,0.1,6.62,0.0,6.58,0.0,0.98,7.04,657518723.84,91529595.08,460424921.8844985,5409992832.142857,13.96,0.87,0.0,0.13,29.87,0.0,8.53,6.68,0.0,0.0,0.0,0.0,0.0,0.94,0.06,17.11,9.69,93397546,0.0288,0.1151,0.0288,4,0.0288,12.459213458320713,8.290935172413795,1.9183333333333332,9.4962,0.48,44.20385947130454,-4.040102171136644,-77.79706790123457,9.909722222222214,-94.44444444444444,4,Fraco,1,1,0,1,0,0,0,1,0,0,0,0,0,,
BGIP3,Banco do Estado de Sergipe SA,Financeiro e Outros,Intermediários Financeiros,Bancos,53.3,0.0,0.0,0.0,0.0,53.3,0,750,64.2,27.32,990174100,7.7,6.93,6.39,6.11,1.27,8.3,0.64,0.08,13.41,0.08,5.47,0.0,4.64,0.0,6.15,40.31,465212469.70000005,70976350.5,213399590.5172414,1547147031.25,15.25,1.01,0.0,0.13,30.71,0.0,11.76,7.75,0.0,0.0,0.0,0.0,0.0,0.93,0.07,13.57,9.63,11540870,0.8143,3.2571,0.884,4,0.8143,74.68531482158993,51.80590344827588,54.285,59.224500000000006,13.571666666666667,40.12254187915559,-2.803183023872645,1.848030018761725,11.115384615384633,-74.53721075672294,4,Fraco,1,1,0,1,0,0,0,1,0,0,0,0,0,,
BGIP4,Banco do Estado de Sergipe SA Preference Shares,Financeiro e Outros,Intermediários Financeiros,Bancos,30.76,-2.44,31.08,31.53,30.75,31.53,1700,2699,39.22,22.89,990174100,4.44,6.93,12.48,11.46,0.88,5.78,0.45,0.06,9.34,0.06,3.81,0.0,4.64,0.0,6.15,40.31,465212469.70000005,70976350.5,213399590.5172414,2200386888.888889,15.25,1.01,0.0,0.13,30.71,0.0,11.76,7.75,0.0,0.0,0.0,0.0,0.0,0.93,0.07,13.57,9.63,11540870,0.8815,3.526,0.9723,4,0.8815,74.68531482158993,51.80590344827588,58.766666666666666,59.224500000000006,14.691666666666666,142.80011320412848,68.41971212053275,91.04898136107498,92.53738621586477,-52.23775465973126,4,Fraco,1,1,0,1,0,0,0,1,0,0,0,0,0,,
BHIA3,Grupo Casas Bahia SA,Consumo Cíclico,Comércio,Eletrodomésticos,1.49,17.46,1.26,1.49,1.22,1.26,10933100,6103267,5.48,1.22,1470616897,0.0,-10.45,0.0,2.79,0.84,1.71,0.1,0.09,0.67,0.15,5.62,4.84,20.0,17.23,1.71,3.48,3396009451.8,1668728782.35,73530844.85,14706168970.0,49.14,5.11,11.4,0.85,30.06,2.11,1.82,5.98,2.15,21.5,14.38,12.38,0.76,0.9,0.1,1.39,0.0,975864785,0.0104,0.0416,0.0119,4,0.0104,11.571214283730122,4.410620689655174,0.6933333333333334,0.0,0.17333333333333334,676.5915626664511,196.01481138625326,-53.46756152125279,0.0,-88.36689038031321,5,Regular,1,0,0,1,1,0,0,0,1,1,0,0,0,,
BIDI11,#N/A,Financeiro e Outros,Intermediários Financeiros,Bancos,0.0,0.0,0.0,0.0,0.0,0.0,0,0,0.0,0.0,0,0.0,0.0,0.0,0.0,1.08,238.07,12.42,0.23,0.0,0.24,91.21,0.0,91.21,0.0,0.04,9.67,0.0,0.0,0.0,0.0,0.45,0.1,0.0,0.02,50.04,0.0,13.62,5.22,0.0,0.0,0.0,0.0,0.0,0.78,0.22,5.8,0.0,0,0.0293,0.1173,0.0443,4,0.0293,2.950084744545485,0.10317241379310348,1.955,0.0,0.48833333333333334,0.0,0.0,0.0,0.0,0.0,1,Pessimo,0,0,0,1,0,0,0,0,0,0,0,0,0,,
BIDI3,#N/A,Financeiro e Outros,Intermediários Financeiros,Bancos,0.0,0.0,0.0,0.0,0.0,0.0,0,0,0.0,0.0,0,0.0,0.0,0.0,0.0,1.06,233.49,12.19,0.23,0.0,0.24,89.46,0.0,91.21,0.0,0.01,3.22,0.0,0.0,0.0,0.0,0.45,0.1,0.0,0.02,50.04,0.0,13.62,5.22,0.0,0.0,0.0,0.0,0.0,0.78,0.22,5.8,0.0,0,0.0098,0.0391,0.0148,4,0.0098,0.8511756575466665,0.02579310344827587,0.6516666666666667,0.0,0.16333333333333333,0.0,0.0,0.0,0.0,0.0,1,Pessimo,0,0,0,1,0,0,0,0,0,0,0,0,0,,
BIDI4,#N/A,Financeiro e Outros,Intermediários Financeiros,Bancos,0.0,0.0,0.0,0.0,0.0,0.0,0,0,0.0,0.0,0,0.0,0.0,0.0,0.0,1.06,234.18,12.22,0.23,0.0,0.24,89.72,0.0,91.21,0.0,0.01,3.22,0.0,0.0,0.0,0.0,0.45,0.1,0.0,0.02,50.04,0.0,13.62,5.22,0.0,0.0,0.0,0.0,0.0,0.78,0.22,5.8,0.0,0,0.0098,0.0391,0.0148,4,0.0098,0.8511756575466665,0.02579310344827587,0.6516666666666667,0.0,0.16333333333333333,0.0,0.0,0.0,0.0,0.0,1,Pessimo,0,0,0,1,0,0,0,0,0,0,0,0,0,,
BIED3,Bioma Educacao SA,,,,7.49,5.79,7.49,7.49,7.49,7.08,100,1307,11.0,2.71,200623463,0.0,-1.94,0.0,0.0,0.0,0.0,0.0,0.0,0.0,0.0,0.0,0.0,0.0,0.0,0.0,0.0,0.0,0.0,0.0,0.0,0.0,0.0,0.0,0.0,0.0,0.0,0.0,0.0,0.0,0.0,0.0,0.0,0.0,0.0,0.0,0.0,0.0,26633197,0.0,0.0,0.0,0,0.0,0.0,0.0,0.0,0.0,0.0,0.0,0.0,0.0,0.0,0.0,0,Pessimo,0,0,0,0,0,0,0,0,0,0,0,0,0,,
BIOM3,Biomm SA,Saúde,Comércio e Distribuição,Medicamentos e Outros Produtos,7.14,3.48,7.05,7.15,6.97,6.9,36400,1524283,10.65,5.75,986882566,0.0,-0.05,0.0,0.19,2.89,13.34,5.77,1.7,5.37,3.63,19.02,47.15,19.65,48.71,0.45,2.08,284653166.72,61583617.800000004,50223031.348600514,171036839.86135182,21.71,12.72,11.51,0.29,15.98,12.24,30.34,43.27,0.1,0.1695,0.63,1.56,2.45,0.41,0.59,74.06,0.0,136852484,0.0034,0.0135,0.0042,4,0.0034,4.589117562233507,1.160689655172414,0.225,0.0,0.056666666666666664,-35.726644786645565,-83.74384236453201,-96.84873949579831,0.0,-99.20634920634922,7,Bom,1,0,1,1,0,1,1,0,1,1,0,0,0,,
BKBR3,#N/A,Consumo Cíclico,Hoteis e Restaurantes,Restaurante e Similares,0.0,0.0,0.0,0.0,0.0,0.0,0,0,0.0,0.0,0,0.0,0.0,0.0,0.0,1.07,-4.19,0.63,0.45,15.51,-0.57,-6.06,-33.34,-7.33,-40.34,-1.43,5.62,0.0,-0.0,0.0,0.0,-25.51,-10.64,-13.62,0.7,60.61,-1.9,-10.43,-15.1,0.22,0.5238,-1.27,-7.0,1.16,0.58,0.42,18.7,0.0,0,0.0,0.0,0.0,0,0.0,0.0,0.0,0.0,0.0,0.0,0.0,0.0,0.0,0.0,0.0,2,Pessimo,0,0,0,1,0,0,1,0,0,0,0,0,0,,
BLAU3,Blau Farmaceutica SA,Saúde,Medicamentos e Outros Produtos,Medicamentos e Outros Produtos,10.74,2.09,10.59,10.82,10.5,10.52,110900,245137,11.84,8.5,2535614325,10.3,1.05,10.42,8.55,0.98,7.24,1.3,0.63,1.78,1.39,5.62,3.99,6.19,4.4,1.36,10.08,2350778179.68,317168484.56,409630747.17285943,1950472557.6923077,13.47,8.74,7.66,0.49,40.23,32.5,23.08,17.89,0.1,0.1538,0.57,0.41,2.9,0.36,0.65,12.41,9.59,233212121,0.2297,0.9188,0.5628,4,0.2297,17.562687721416676,11.423249655172416,15.313333333333333,13.0424,3.828333333333333,63.525956437771654,6.361728632890277,42.58224705152078,21.437616387337062,-64.35443823711981,7,Bom,1,1,1,1,0,1,1,1,0,0,0,0,0,,
BLUT3,#N/A,Financeiro e Outros,Holdings Diversificadas,Holdings Diversificadas,0.0,0.0,0.0,0.0,0.0,0.0,0,0,0.0,0.0,0,0.0,0.0,0.0,0.0,0.46,5.63,0.0,0.14,0.76,0.14,6.17,0.0,4.91,0.0,0.91,11.09,0.0,0.0,0.0,0.0,8.24,2.45,6.72,0.0,0.0,0.0,0.0,0.0,0.12,0.4,1.59,0.0,0.0,0.7,0.3,0.0,0.0,0,0.0,0.0,0.0,0,0.0,15.068767368301895,2.347172413793104,0.0,0.0,0.0,0.0,0.0,0.0,0.0,0.0,1,Pessimo,0,0,0,1,0,0,0,0,0,0,0,0,0,,
BLUT4,#N/A,Financeiro e Outros,Holdings Diversificadas,Holdings Diversificadas,0.0,0.0,0.0,0.0,0.0,0.0,0,0,0.0,0.0,0,0.0,0.0,0.0,0.0,0.14,1.66,0.0,0.04,0.22,0.04,1.82,0.0,4.91,0.0,0.91,11.09,0.0,0.0,0.0,0.0,8.24,2.45,6.72,0.0,0.0,0.0,0.0,0.0,0.12,0.4,1.59,0.0,0.0,0.7,0.3,0.0,0.0,0,0.0,0.0,0.0,0,0.0,15.068767368301895,2.347172413793104,0.0,0.0,0.0,0.0,0.0,0.0,0.0,0.0,2,Pessimo,0,0,0,1,1,0,0,0,0,0,0,0,0,,
BMEB3,Banco Mercantil do Brasil SA,Financeiro e Outros,Intermediários Financeiros,Bancos,53.5,3.83,52.77,54.0,52.67,52.01,2000,8460,75.49,26.66,7451255694,7.51,7.12,2.74,6.89,2.86,10.37,0.85,0.2,1.11,0.25,10.62,0.0,11.7,0.0,5.93,21.53,1809656568.7,498433044.7,636859461.0256411,8766183169.411764,27.54,1.97,0.0,0.24,45.51,0.0,8.04,8.24,0.0,0.0,0.0,0.0,0.0,0.93,0.07,21.54,41.2,84052790,0.921,3.6842,1.6603,4,0.921,53.59701717446597,69.27875862068966,61.403333333333336,244.316,15.350000000000001,0.181340513020501,29.49300676764422,14.772585669781938,356.66542056074763,-71.30841121495327,3,Fraco,1,0,0,1,0,0,0,1,0,0,0,0,0,,
BMEB4,Banco Mercantil do Brasil SA Preference Shares,Financeiro e Outros,Intermediários Financeiros,Bancos,71.0,4.49,68.89,70.57,68.64,67.53,6800,25110,88.78,36.35,7450200257,9.97,7.12,2.37,5.7,3.62,13.16,1.08,0.26,1.41,0.32,13.47,0.0,11.7,0.0,5.93,21.53,854220749.08,235277707.48,636769252.7350428,6898333571.296296,27.54,1.97,0.0,0.24,45.51,0.0,8.04,8.24,0.0,0.0,0.0,0.0,0.0,0.93,0.07,21.54,41.2,39675836,1.0126,4.0503,1.8263,4,1.0126,53.59701717446597,69.27875862068966,67.50500000000001,244.316,16.876666666666665,-24.511243416245115,-2.424283632831468,-4.922535211267592,244.10704225352112,-76.23004694835682,3,Fraco,1,0,0,1,0,0,0,1,0,0,0,0,0,,
BMGB4,Banco BMG Sa,Financeiro e Outros,Intermediários Financeiros,Bancos,5.24,3.56,5.1,5.26,5.1,5.06,451500,1430518,5.84,3.06,1239387277,5.49,0.96,11.19,8.53,0.64,7.4,0.32,0.06,0.15,0.06,11.45,4046.33,11.45,4046.33,0.66,7.67,1793691358.55,154346322.9,108243430.30567686,3873085240.625,8.62,0.82,0.0,0.19,39.56,0.01,2.79,4.32,0.0,0.0,0.0,0.0,0.02,0.9,0.1,20.01,0.44,233858065,0.1117,0.447,0.147,4,0.1117,10.67237087061727,7.710620689655173,7.45,29.040000000000003,1.8616666666666666,103.67119982094026,47.14924980257964,42.175572519083964,454.1984732824428,-64.47201017811706,3,Fraco,0,1,0,1,0,0,0,0,0,1,0,0,0,,
BMIN3,Banco Mercantil de Investimentos SA,Financeiro e Outros,Intermediários Financeiros,Bancos,22.0,2.38,0.0,0.0,0.0,21.49,0,0,22.46,18.84,87111820,9.36,2.35,1.54,12.88,0.77,13.78,1.76,0.17,35.98,0.17,7.04,0.0,6.94,0.0,1.67,29.92,123122505.44000001,6872145.1899999995,12552135.446685879,49495352.27272727,5.57,1.23,0.0,0.1,14.65,0.0,25.0,12.76,0.0,0.0,0.0,0.0,0.0,0.78,0.22,24.69,29.3,4115057,0.7084,2.8336,0.3537,4,0.7084,33.52974798593034,19.51020689655173,47.226666666666674,48.931,11.806666666666668,52.40794539059247,-11.317241379310323,114.6666666666667,122.41363636363636,-46.33333333333333,3,Fraco,0,0,0,1,0,1,0,1,0,0,0,0,0,,
BMIN4,Banco Mercantil de Investimentos SA Preference Shares,Financeiro e Outros,Intermediários Financeiros,Bancos,17.85,0.0,0.0,0.0,0.0,17.85,0,250,25.98,15.5,87111820,7.59,2.35,6.73,22.45,0.7,12.47,1.59,0.15,32.55,0.15,6.37,0.0,6.94,0.0,1.67,29.92,21247478.560000002,1185938.81,12552135.446685879,54787308.17610063,5.57,1.23,0.0,0.1,14.65,0.0,25.0,12.76,0.0,0.0,0.0,0.0,0.0,0.78,0.22,24.69,29.3,710143,1.0018,4.0071,1.4,4,1.0018,33.52974798593034,19.51020689655173,66.78500000000001,48.931,16.69666666666667,87.84172541137445,9.300878972278586,274.1456582633054,174.12324929971984,-6.461251167133515,4,Fraco,0,1,0,1,0,1,0,1,0,0,0,0,0,,
BMKS3,Bicicletas Monark SA,Consumo Cíclico,Viagens e Lazer,Bicicletas,374.98,0.67,374.97,374.98,372.0,372.49,6,98,404.5,263.89,172466318,2.89,129.85,40.62,61.38,0.7,2.87,12.12,0.64,0.8,3.34,7.94,0.0,0.55,0.0,131.35,540.16,245637760.0,59731412.5,313575123.6363636,14229894.224422444,24.32,22.18,23.1,0.05,29.43,0.0,152.67,422.1,0.75,0.8242,8.49,0.0,58.78,0.09,0.91,0.59,85.96,454750,57.5452,230.1807,100.0,4,57.5452,1263.4774869383307,1534.5303448275863,3836.3450000000003,11290.846,959.0866666666667,236.9453002662357,309.2299175496256,923.0798975945384,2911.052856152328,155.77008551567195,7,Bom,1,1,0,1,0,1,1,1,1,0,0,0,0,,
BMOB3,Bemobi Mobile Tech SA,Tecnologia da Informação,Programas e Serviços,Programas e Serviços,25.32,5.24,24.48,25.44,24.18,24.04,208300,607069,28.45,16.94,2165892454,13.44,1.88,11.39,7.69,1.75,13.52,1.21,1.15,2.89,3.73,14.05,9.07,10.82,6.99,1.72,13.27,1136023361.84,147246434.24,200174903.3271719,1789993763.6363637,12.93,8.49,7.66,0.95,25.01,13.39,8.65,8.98,0.4,0.6061,3.23,2.08,2.34,0.34,0.66,57.5,32.15,85608392,0.4865,1.9461,0.5001,4,0.4865,22.661619536123183,20.09434482758621,32.435,55.297999999999995,8.108333333333334,-10.49913295369991,-20.638448548237722,28.100315955766202,118.39652448657185,-67.97656661400737,6,Regular,1,1,1,1,0,0,1,1,0,0,0,0,0,,
BNBR3,Banco do Nordeste do Brasil SA,Financeiro e Outros,Intermediários Financeiros,Bancos,111.0,0.0,0.0,0.0,0.0,111.0,0,253,125.27,80.1,11080580000,3.39,32.73,4.91,10.76,0.77,4.26,1.23,0.17,18.88,0.17,2.44,0.0,2.44,0.0,28.6,157.26,15521522527.74,2822812821.4,4541221311.4754095,9008601626.01626,18.19,3.97,0.0,0.14,45.77,0.0,50.32,28.85,0.0,0.0,0.0,0.0,0.0,0.78,0.22,8.63,10.2,98699749,2.9859,11.9435,2.7832,4,2.9859,318.1144605326831,250.81213793103453,199.05833333333334,291.71999999999997,49.765,186.5896040834983,125.95688101895001,79.33183183183183,162.81081081081078,-55.166666666666664,4,Fraco,1,0,0,1,0,1,0,1,0,0,0,0,0,,
BOAS3,#N/A,Financeiro e Outros,Serviços Financeiros Diversos,Serviços Financeiros Diversos,0.0,0.0,0.0,0.0,0.0,0.0,0,0,0.0,0.0,0,0.0,0.0,0.0,0.0,1.83,15.22,4.93,1.7,3.34,3.8,25.6,0.0,18.69,0.0,0.52,4.34,0.0,0.0,0.0,0.0,12.04,11.16,0.99,0.34,56.53,0.0,19.25,32.39,0.5,0.5376,6.92,0.0,12.37,0.07,0.93,8.81,74.34,0,0.0886,0.3542,0.254,4,0.0886,7.125868368135915,6.075034482758622,5.903333333333334,38.656800000000004,1.4766666666666668,0.0,0.0,0.0,0.0,0.0,5,Regular,1,0,0,1,0,1,1,1,0,0,0,0,0,,
BOBR3,Bombril SA,Consumo não Cíclico,Produtos de Uso Pessoal e de Limpeza,Produtos de Limpeza,0.0,-100.0,0.0,0.0,0.0,1.0,0,0,1.0,1.0,308616852,0.0,-6.08,0.0,0.0,275.96,3.57,0.17,0.28,15.43,0.61,1.22,0.91,2.62,1.95,0.28,0.0,0.0,38532288.760000005,117792691.60305344,1815393247.0588233,7721.5,7.91,41.92,1.67,41.02,18.6,13.83,4.73,277.35,0.0,1.23,0.91,0.97,1.0,0.0,6.3,0.76,137615317,0.4655,1.8621,0.27,4,0.4655,0.0,3.271172413793104,31.035000000000004,21.28,7.758333333333334,0.0,0.0,0.0,0.0,0.0,3,Fraco,1,0,1,0,0,0,0,0,1,0,0,0,0,,
BOBR4,Bombril SA Preference Shares,Consumo não Cíclico,Produtos de Uso Pessoal e de Limpeza,Produtos de Limpeza,1.2,0.0,0.0,0.0,0.0,1.2,0,5350,1.68,1.16,308616852,0.0,-6.08,0.0,170.95,358.75,4.65,0.22,0.37,20.06,0.8,1.59,1.18,2.62,1.95,0.28,0.0,0.0,34410449.36000001,117792691.60305344,1402803872.7272727,7721.5,7.91,41.92,1.67,41.02,18.6,13.83,4.73,277.35,0.0,1.23,0.91,0.97,1.0,0.0,6.3,0.76,122894462,0.5129,2.0514,0.3,4,0.5129,0.0,3.271172413793104,34.190000000000005,21.28,8.548333333333334,0.0,172.59770114942538,2749.166666666667,1673.3333333333335,612.3611111111112,4,Fraco,1,1,1,0,0,0,0,0,1,0,0,0,0,,
BPAC11,Banco BTG Pactual SA Unit,Financeiro e Outros,Intermediários Financeiros,Bancos,54.21,2.0,53.52,55.12,52.95,53.07,5723300,8625203,65.5,37.19,234949793518,36.33,1.5,2.07,2.86,3.41,16.54,6.1,0.34,0.46,0.34,13.39,0.0,13.39,0.0,3.64,17.69,0.0,0.0,17546661203.73413,38516359593.11475,20.6,2.06,0.0,0.06,47.69,0.0,45.56,36.88,0.0,0.0,0.0,0.0,0.01,0.89,0.1,25.49,30.46,0,0.3877,1.5507,0.495,4,0.3877,38.063249992610984,42.52524137931036,25.845,110.87440000000001,6.461666666666667,-29.785556184078615,-21.55461837426608,-52.32429441062535,104.52757793764988,-88.08030498677981,5,Regular,1,0,0,1,0,1,0,1,0,1,0,0,0,,
BPAC3,Banco BTG Pactual SA,Financeiro e Outros,Intermediários Financeiros,Bancos,25.68,3.88,25.32,25.75,24.5,24.72,5700,18880,46.88,20.32,233955710656,17.14,1.5,0.96,2.01,7.38,35.82,13.21,0.74,1.0,0.74,29.0,0.0,13.39,0.0,1.21,5.9,43062999142.600006,8831564230.94,17472420512.0239,17710500428.160484,20.6,2.06,0.0,0.06,47.69,0.0,45.56,36.88,0.0,0.0,0.0,0.0,0.01,0.89,0.1,25.49,30.46,7298813414,0.1292,0.5169,0.165,4,0.1292,12.673890483983204,14.136137931034485,8.615,36.8566,2.1533333333333338,-50.646843909722726,-44.95273391341711,-66.452492211838,43.52258566978193,-91.6147455867082,4,Fraco,1,0,0,1,0,1,0,1,0,0,0,0,0,,
BPAC5,Banco BTG Pactual SA Preference Shares Class A,Financeiro e Outros,Intermediários Financeiros,Bancos,15.15,-2.82,15.01,15.24,14.51,15.59,6000,22763,21.4,8.03,234820135554,10.11,1.5,3.68,3.41,1.92,9.3,3.43,0.19,0.26,0.19,7.53,0.0,13.39,0.0,1.21,5.9,17536895998.600002,3596549857.3399997,17536978010.00747,68460680919.53352,20.6,2.06,0.0,0.06,47.69,0.0,45.56,36.88,0.0,0.0,0.0,0.0,0.01,0.89,0.1,25.49,30.46,2972355254,0.1292,0.5169,0.165,4,0.1292,12.673890483983204,14.136137931034485,8.615,36.8566,2.1533333333333338,-16.343957201431,-6.692158871059509,-43.135313531353134,143.27788778877888,-85.78657865786579,4,Fraco,1,0,0,1,0,1,0,1,0,0,0,0,0,,
BPAN4,#N/A,Financeiro e Outros,Intermediários Financeiros,Bancos,0.0,0.0,0.0,0.0,0.0,0.0,0,0,0.0,0.0,0,0.0,0.0,0.0,0.0,2.13,41.71,1.08,0.24,525.36,0.24,567.54,0.0,567.54,0.0,0.31,5.99,0.0,0.0,0.0,0.0,5.1,0.56,0.0,0.22,34.9,0.0,0.19,2.58,0.0,0.0,0.0,0.0,0.05,0.89,0.11,10.77,9.0,0,0.1838,0.7352,0.2415,4,0.1838,6.463764383082045,2.492827586206897,12.253333333333334,2.79,3.0633333333333335,0.0,0.0,0.0,0.0,0.0,2,Pessimo,0,0,0,1,0,0,0,1,0,0,0,0,0,,
BPAR3,Banco do Estado do Para SA,Financeiro e Outros,Intermediários Financeiros,Bancos,180.0,2.05,0.0,0.0,0.0,176.39,0,3,176.39,176.39,1698629000,8.53,21.09,3.75,8.57,0.5,4.43,0.31,0.06,4.29,0.06,2.76,0.0,2.76,0.0,26.49,233.36,2221972010.6400003,252228482.01,615445289.8550725,5479448387.096774,11.35,1.29,0.0,0.19,49.16,0.0,11.13,6.92,0.0,0.0,0.0,0.0,0.0,0.89,0.11,14.76,4.89,9521649,3.858,15.432,4.4015,4,3.858,372.9455643924459,146.9409434482759,257.2,129.53609999999998,64.3,107.19198021802549,-18.36614252873561,42.88888888888888,-28.035500000000013,-64.27777777777777,2,Pessimo,1,0,0,1,0,0,0,0,0,0,0,0,0,,
BPHA3,#N/A,Saúde,Comércio e Distribuição,Medicamentos e Outros Produtos,0.0,0.0,0.0,0.0,0.0,0.0,0,0,0.0,0.0,0,0.0,0.0,0.0,0.0,0.24,0.06,8.28,0.99,0.38,1.18,0.8,0.58,1.66,1.19,10.4,2.58,0.0,0.0,0.0,0.0,402.5,1669.02,36.75,0.12,98.02,1429.91,1029.99,13896.67,0.0,0.0,0.85,0.62,0.06,5.15,4.15,68.85,0.0,0,0.0077,0.0077,0.0077,1,0.0077,24.570714275331923,26.824827586206904,0.12833333333333335,0.0,0.12833333333333335,0.0,0.0,0.0,0.0,0.0,6,Regular,1,0,1,1,1,1,0,0,1,0,0,0,0,,
BRAP3,Bradespar SA,Materiais Básicos,Mineração,Minerais Metálicos,19.56,1.35,19.49,19.63,19.4,19.3,7200,58280,22.11,14.12,8631982082,9.83,1.99,14.25,8.79,0.9,7.27,0.0,0.89,18.55,0.95,7.83,0.0,8.13,0.0,2.87,23.21,3202745532.58,396031007.26,1061744413.5301352,0.0,12.38,12.25,11.41,0.0,0.0,0.0,0.0,0.0,0.06,0.0606,0.51,0.0,5.95,0.01,0.99,0.0,0.0,137989898,0.43,1.72,0.1911,4,0.43,38.71415438828543,7.402620689655174,28.666666666666668,0.0,7.166666666666667,97.92512468448584,-62.15429095268317,46.55760054533062,0.0,-63.360599863667346,5,Regular,1,1,0,1,0,0,1,0,1,0,0,0,0,,
BRAP4,Bradespar SA Preference Shares,Materiais Básicos,Mineração,Minerais Metálicos,22.76,1.88,22.52,22.91,22.48,22.4,953400,2316850,25.63,14.94,8639547533,11.48,1.99,13.52,8.31,1.04,8.43,0.0,1.03,21.51,1.1,9.08,0.0,8.13,0.0,2.87,23.21,5921026785.52,732156263.44,1062674973.308733,0.0,12.38,12.25,11.41,0.0,0.0,0.0,0.0,0.0,0.06,0.0606,0.51,0.0,5.95,0.01,0.99,0.0,0.0,255106712,0.473,1.892,0.2102,4,0.473,38.71415438828543,7.402620689655174,31.53333333333333,0.0,7.883333333333333,70.09733914009414,-67.47530452699837,38.54715875805505,0.0,-65.36321031048624,6,Regular,1,1,0,1,0,0,1,0,1,1,0,0,0,,
BRAV3,Brava Energia SA,Petróleo. Gás e Biocombustíveis,Petróleo. Gás e Biocombustíveis,Exploração. Refino e Distribuição,19.27,2.72,18.65,19.43,18.65,18.76,3487700,12019872,22.15,13.21,9058781586,15.94,1.21,0.0,2.0,0.65,8.36,0.74,0.19,2.31,0.24,3.12,0.0,7.13,0.0,2.09,26.7,12403679055.6,970924690.1199999,1270516351.4726508,12241596737.837837,7.83,2.31,6.15,0.26,30.2,0.0,23.64,8.81,0.84,2.8966,4.01,0.0,1.72,0.71,0.29,206.24,0.0,464557268,0.385,0.385,0.385,1,0.385,35.43398792120356,5.390758620689656,6.416666666666667,0.0,6.416666666666667,83.88161868813472,-72.02512391961777,-66.70126275730843,0.0,-66.70126275730843,3,Fraco,0,0,0,1,0,0,1,0,0,1,0,0,0,,
BRBI11,BRBI BR Partners SA,Financeiro e Outros,Intermediários Financeiros,Bancos,16.53,4.03,16.05,16.65,15.95,15.89,202500,265458,21.5,13.52,1735578993,30.69,0.54,9.78,11.25,2.47,11.57,6.27,0.12,2.99,13.99,516.03,96.66,217.43,40.73,1.64,7.71,0.0,0.0,7982242.528629904,276806856.93779904,21.33,1.02,0.32,0.02,100.0,6.48,1.21,54.18,1.43,28.6,298.59,55.93,1.04,0.95,0.05,5.26,17.68,0,0.465,1.86,1.02,4,0.465,16.867098149948614,19.159724137931036,31.000000000000004,28.995199999999997,7.750000000000001,2.03931125195773,15.908796962680185,87.53781004234725,75.40955837870536,-53.115547489413196,6,Regular,1,1,0,1,0,1,1,1,0,0,0,0,0,,
BRDT3,#N/A,Petróleo. Gás e Biocombustíveis,Petróleo. Gás e Biocombustíveis,Exploração. Refino e Distribuição,0.0,0.0,0.0,0.0,0.0,0.0,0,0,0.0,0.0,0,0.0,0.0,0.0,0.0,2.19,5.36,0.22,0.84,2.72,-1.73,4.64,4.2,6.28,5.69,3.97,9.69,0.0,0.0,0.0,0.0,40.93,15.63,20.83,3.9,5.39,5.12,4.64,4.01,0.78,2.0526,1.64,1.49,2.49,0.62,0.38,-3.48,0.0,0,0.0,0.0,0.0,0,0.0,29.420388338701446,10.23986206896552,0.0,0.0,0.0,0.0,0.0,0.0,0.0,0.0,5,Regular,1,0,1,1,0,0,1,0,1,0,0,0,0,,
BRFS3,#N/A,Consumo não Cíclico,Alimentos Processados,Carnes e Derivados,0.0,0.0,0.0,0.0,0.0,0.0,0,0,0.0,0.0,0,0.0,0.0,11.62,0.0,2.03,8.49,0.44,0.44,3.6,0.89,4.11,2.65,5.32,3.43,2.11,8.85,0.0,0.0,0.0,0.0,23.9,5.24,13.44,1.01,25.68,16.64,10.73,5.19,0.6,2.7273,1.21,0.78,1.33,0.76,0.22,12.91,62.44,0,0.6977,2.7907,1.8349,4,0.6977,20.497652304593323,24.650620689655177,46.51166666666667,131.74839999999998,11.628333333333334,0.0,0.0,0.0,0.0,0.0,7,Bom,1,1,1,1,0,0,1,1,1,0,0,0,0,,
BRGE11,#N/A,Financeiro e Outros,Previdência e Seguros,Seguradoras,0.0,0.0,0.0,0.0,0.0,0.0,0,0,0.0,0.0,0,0.0,0.0,0.0,0.0,0.52,33.11,273.04,0.32,0.85,0.75,34.21,69.06,21.81,44.03,0.4,25.56,0.0,0.0,0.0,0.0,1.56,0.98,2.91,0.0,4115.33,395.36,798.17,824.67,0.85,1.3492,56.17,113.39,3.06,0.37,0.63,32.83,11.18,0,0.1897,0.759,0.2637,4,0.1897,15.167069591717445,3.7457655172413804,12.65,4.472,3.161666666666667,0.0,0.0,0.0,0.0,0.0,4,Fraco,0,0,0,1,0,1,1,1,0,0,0,0,0,,
BRGE12,#N/A,Financeiro e Outros,Previdência e Seguros,Seguradoras,0.0,0.0,0.0,0.0,0.0,0.0,0,0,0.0,0.0,0,0.0,0.0,0.0,0.0,0.53,33.84,279.05,0.33,0.87,0.77,34.96,70.58,21.81,44.03,0.4,25.56,0.0,0.0,0.0,0.0,1.56,0.98,2.91,0.0,4115.33,395.36,798.17,824.67,0.85,1.3492,56.17,113.39,3.06,0.37,0.63,32.83,11.18,0,0.0015,0.006,0.0005,4,0.0015,15.167069591717445,3.7457655172413804,0.1,4.472,0.025,0.0,0.0,0.0,0.0,0.0,4,Fraco,0,0,0,1,0,1,1,1,0,0,0,0,0,,
BRGE3,#N/A,Financeiro e Outros,Previdência e Seguros,Seguradoras,0.0,0.0,0.0,0.0,0.0,0.0,0,0,0.0,0.0,0,0.0,0.0,0.0,0.0,0.53,33.91,279.67,0.33,0.87,0.77,35.04,70.74,21.81,44.03,0.4,25.56,0.0,0.0,0.0,0.0,1.56,0.98,2.91,0.0,4115.33,395.36,798.17,824.67,0.85,1.3492,56.17,113.39,3.06,0.37,0.63,32.83,11.18,0,0.0017,0.0069,0.0005,4,0.0017,15.167069591717445,3.7457655172413804,0.115,4.472,0.028333333333333332,0.0,0.0,0.0,0.0,0.0,4,Fraco,0,0,0,1,0,1,1,1,0,0,0,0,0,,
BRGE5,#N/A,Financeiro e Outros,Previdência e Seguros,Seguradoras,0.0,0.0,0.0,0.0,0.0,0.0,0,0,0.0,0.0,0,0.0,0.0,0.0,0.0,0.52,33.11,273.04,0.32,0.85,0.75,34.21,69.06,21.81,44.03,0.4,25.56,0.0,0.0,0.0,0.0,1.56,0.98,2.91,0.0,4115.33,395.36,798.17,824.67,0.85,1.3492,56.17,113.39,3.06,0.37,0.63,32.83,11.18,0,0.1581,0.6325,0.2197,4,0.1581,15.167069591717445,3.7457655172413804,10.541666666666666,4.472,2.635,0.0,0.0,0.0,0.0,0.0,4,Fraco,0,0,0,1,0,1,1,1,0,0,0,0,0,,
BRGE6,#N/A,Financeiro e Outros,Previdência e Seguros,Seguradoras,0.0,0.0,0.0,0.0,0.0,0.0,0,0,0.0,0.0,0,0.0,0.0,0.0,0.0,0.51,32.46,267.65,0.32,0.83,0.74,33.53,67.7,21.81,44.03,0.4,25.56,0.0,0.0,0.0,0.0,1.56,0.98,2.91,0.0,4115.33,395.36,798.17,824.67,0.85,1.3492,56.17,113.39,3.06,0.37,0.63,32.83,11.18,0,0.3795,1.5179,0.5274,4,0.3795,15.167069591717445,3.7457655172413804,25.298333333333336,4.472,6.325,0.0,0.0,0.0,0.0,0.0,4,Fraco,0,0,0,1,0,1,1,1,0,0,0,0,0,,
BRGE7,#N/A,Financeiro e Outros,Previdência e Seguros,Seguradoras,0.0,0.0,0.0,0.0,0.0,0.0,0,0,0.0,0.0,0,0.0,0.0,0.0,0.0,0.51,32.83,270.76,0.32,0.84,0.74,33.92,68.49,21.81,44.03,0.4,25.56,0.0,0.0,0.0,0.0,1.56,0.98,2.91,0.0,4115.33,395.36,798.17,824.67,0.85,1.3492,56.17,113.39,3.06,0.37,0.63,32.83,11.18,0,0.2214,0.8855,0.3076,4,0.2214,15.167069591717445,3.7457655172413804,14.758333333333333,4.472,3.6900000000000004,0.0,0.0,0.0,0.0,0.0,4,Fraco,0,0,0,1,0,1,1,1,0,0,0,0,0,,
BRGE8,#N/A,Financeiro e Outros,Previdência e Seguros,Seguradoras,0.0,0.0,0.0,0.0,0.0,0.0,0,0,0.0,0.0,0,0.0,0.0,0.0,0.0,0.52,33.08,272.83,0.32,0.85,0.75,34.18,69.01,21.81,44.03,0.4,25.56,0.0,0.0,0.0,0.0,1.56,0.98,2.91,0.0,4115.33,395.36,798.17,824.67,0.85,1.3492,56.17,113.39,3.06,0.37,0.63,32.83,11.18,0,0.1581,0.6325,0.2197,4,0.1581,15.167069591717445,3.7457655172413804,10.541666666666666,4.472,2.635,0.0,0.0,0.0,0.0,0.0,4,Fraco,0,0,0,1,0,1,1,1,0,0,0,0,0,,
BRIN3,#N/A,Financeiro e Outros,Previdência e Seguros,Corretoras de Seguros,0.0,0.0,0.0,0.0,0.0,0.0,0,0,0.0,0.0,0,0.0,0.0,0.0,0.0,1.69,27.48,2.24,0.85,96.54,1.15,33.97,16.03,36.72,17.32,1.42,23.15,0.0,0.0,0.0,0.0,6.15,3.09,2.91,0.38,100.0,13.99,6.6,8.16,0.14,0.28,2.74,1.3,1.03,0.5,0.5,29.52,0.0,0,0.2098,0.8394,0.3237,4,0.2098,27.19636924297065,3.662620689655173,13.99,0.0,3.4966666666666666,0.0,0.0,0.0,0.0,0.0,3,Fraco,0,0,1,1,0,0,1,0,0,0,0,0,0,,
BRIT3,#N/A,Comunicações,Telecomunicações,Telecomunicações,0.0,0.0,0.0,0.0,0.0,0.0,0,0,0.0,0.0,0,0.0,0.0,2.68,0.0,0.94,12.59,1.06,0.36,3.6,0.5,7.12,2.46,12.15,4.21,0.26,3.47,0.0,0.0,0.0,0.0,7.44,2.86,5.76,0.34,42.4,43.22,14.96,8.46,0.66,1.7368,5.03,1.74,1.54,0.62,0.38,41.71,35.66,0,0.0,0.0,0.0,0,0.0,4.505496642990648,3.037517241379311,0.0,9.2716,0.0,0.0,0.0,0.0,0.0,0.0,4,Fraco,0,0,1,1,0,0,1,1,0,0,0,0,0,,
BRIV3,#N/A,Financeiro e Outros,Intermediários Financeiros,Bancos,0.0,0.0,0.0,0.0,0.0,0.0,0,0,0.0,0.0,0,0.0,0.0,0.0,0.0,0.67,388.74,0.35,0.04,2.19,0.04,37.4,0.0,37.03,0.0,0.03,19.32,0.0,0.0,0.0,0.0,0.17,0.01,0.0,0.12,12.7,0.0,0.94,0.09,0.0,0.0,0.0,0.0,4.0,0.94,0.06,29.48,43.98,0,0.058,0.232,0.1583,4,0.058,3.611232476592998,0.3504827586206897,3.866666666666667,1.3194,0.9666666666666668,0.0,0.0,0.0,0.0,0.0,3,Fraco,0,0,0,1,0,0,1,1,0,0,0,0,0,,
BRIV4,#N/A,Financeiro e Outros,Intermediários Financeiros,Bancos,0.0,0.0,0.0,0.0,0.0,0.0,0,0,0.0,0.0,0,0.0,0.0,0.0,0.0,0.65,379.07,0.34,0.04,2.14,0.04,36.47,0.0,37.03,0.0,0.03,19.32,0.0,0.0,0.0,0.0,0.17,0.01,0.0,0.12,12.7,0.0,0.94,0.09,0.0,0.0,0.0,0.0,4.0,0.94,0.06,29.48,43.98,0,0.3119,1.2476,0.3273,4,0.3119,3.611232476592998,0.3504827586206897,20.793333333333337,1.3194,5.198333333333334,0.0,0.0,0.0,0.0,0.0,3,Fraco,0,0,0,1,0,0,1,1,0,0,0,0,0,,
BRKM3,Braskem SA,Materiais Básicos,Químicos,Petroquímicos,8.64,1.29,8.53,8.75,8.44,8.53,4100,65160,12.78,7.0,1632258216,0.0,-12.39,0.0,138.42,2.02,1.5,0.1,0.08,1.82,0.12,1.79,1.23,11.18,7.67,5.96,4.43,2000892128.36,2691945165.92,145998051.52057245,16322582160.0,134.56,5.44,21.87,0.84,4.41,7.89,5.41,6.44,0.0,0.0,9.35,6.41,1.18,1.04,0.04,8.15,0.0,451668652,2.9899,11.9598,1.6963,4,2.9899,24.37340764029519,15.372689655172415,199.33,0.0,49.83166666666667,182.0996254663795,77.92464878671775,2207.060185185185,0.0,476.7554012345679,6,Regular,1,1,0,1,1,0,1,0,1,0,0,0,0,,
BRKM5,Braskem SA Preference Shares Class A,Materiais Básicos,Químicos,Petroquímicos,12.16,0.99,12.11,12.33,12.0,12.12,1885300,6678757,13.78,6.11,1630597692,0.0,-12.39,0.0,98.35,2.11,1.57,0.1,0.09,1.9,0.12,1.87,1.28,11.18,7.67,5.96,4.43,1528617536.56,2056559936.32,145849525.2236136,16305976920.0,134.56,5.44,21.87,0.84,4.41,7.89,5.41,6.44,0.0,0.0,9.35,6.41,1.18,1.04,0.04,8.15,0.0,345060392,2.9899,11.9598,1.6963,4,2.9899,24.37340764029519,15.372689655172415,199.33,0.0,49.83166666666667,100.43920756821703,26.42014519056262,1539.2269736842106,0.0,309.7998903508772,7,Bom,1,1,0,1,1,0,1,0,1,1,0,0,0,,
BRKM6,Braskem SA Preference Shares Class B,Materiais Básicos,Químicos,Petroquímicos,7.02,0.29,7.0,7.02,6.99,7.0,500,40,9.89,6.11,1630597692,0.0,-12.39,0.0,34.54,1.83,1.36,0.09,0.07,1.65,0.11,1.62,1.11,11.18,7.67,5.96,4.43,2121039.6999999997,2853588.4,145849525.2236136,18117752133.333336,134.56,5.44,21.87,0.84,4.41,7.89,5.41,6.44,0.0,0.0,9.35,6.41,1.18,1.04,0.04,8.15,0.0,478790,0.6062,2.4248,0.606,4,0.6062,24.37340764029519,15.372689655172415,40.413333333333334,0.0,10.103333333333333,247.19953903554406,118.98418312211419,475.6885090218423,0.0,43.9221272554606,6,Regular,1,1,0,1,1,0,1,0,1,0,0,0,0,,
BRML3,#N/A,Financeiro e Outros,Exploração de Imóveis,Exploração de Imóveis,0.0,0.0,0.0,0.0,0.0,0.0,0,0,0.0,0.0,0,0.0,0.0,0.0,0.0,0.57,12.56,4.13,0.34,6.6,0.37,6.28,6.27,8.08,8.07,0.66,14.53,0.0,0.0,0.0,0.0,4.53,2.71,6.98,0.08,89.0,65.88,65.8,32.9,0.16,0.2667,1.8,1.79,2.42,0.4,0.6,4.55,15.44,0,0.2362,0.9448,0.0536,4,0.2362,14.689128633108227,7.710620689655173,15.746666666666666,10.1904,3.9366666666666665,0.0,0.0,0.0,0.0,0.0,5,Regular,0,0,1,1,0,1,1,1,0,0,0,0,0,,
BRPR3,#N/A,Financeiro e Outros,Exploração de Imóveis,Exploração de Imóveis,0.0,0.0,0.0,0.0,0.0,0.0,0,0,0.0,0.0,0,0.0,0.0,0.0,0.0,0.05,0.56,0.7,0.04,1.73,0.05,0.21,0.25,0.06,0.08,233.75,2447.95,0.0,0.0,0.0,0.0,9.55,6.86,31.25,0.06,100.0,280.26,336.36,123.98,0.07,0.0972,0.27,0.32,1.12,0.28,0.72,7.12,0.0,0,717.4733,2869.8932,63.0533,4,717.4733,3588.1314122046865,602.9137931034484,47831.55333333334,0.0,11957.888333333334,0.0,0.0,0.0,0.0,0.0,6,Regular,0,0,1,1,1,1,1,0,1,0,0,0,0,,
BRQB3,BRQ Solucoes em Informatica SA,Tecnologia da Informação,Programas e Serviços,Programas e Serviços,0.0,0.0,0.0,0.0,0.0,0.0,0,0,0.0,0.0,0,0.0,0.5,0.0,0.0,0.0,0.0,0.0,0.0,0.0,0.0,0.0,0.0,1.27,0.0,0.47,1.83,243730531.89000002,62597459.01,0.0,0.0,25.74,15.73,14.0,1.39,36.45,0.0,14.51,11.33,0.42,0.6885,1.27,0.0,2.91,0.38,0.61,6.83,17.62,133186083,0.1627,0.6508,0.3928,4,0.1627,4.399119230027756,5.490896551724139,10.846666666666668,8.2814,2.711666666666667,0.0,0.0,0.0,0.0,0.0,5,Regular,1,0,0,0,0,1,1,1,1,0,0,0,0,,
BRSR3,Banco do Estado do Rio Grande do Sul SA,Financeiro e Outros,Intermediários Financeiros,Bancos,17.3,1.17,17.5,17.5,17.19,17.1,4000,6478,19.79,10.45,6711562213,4.47,3.87,8.47,7.49,0.7,6.09,0.37,0.05,15.53,0.05,4.81,0.0,4.69,0.0,3.11,27.14,5565459784.74,637751655.51,1431036719.1897655,18139357332.432434,11.45,0.8,0.0,0.13,29.79,0.0,7.77,6.14,0.0,0.0,0.0,0.0,1.31,0.93,0.07,15.28,0.02,205064841,0.324,1.2958,0.44,4,0.324,43.578911184195505,11.796551724137933,21.596666666666668,6.22,5.4,151.90122071789307,-31.81183974486744,24.83622350674374,-64.04624277456648,-68.78612716763006,4,Fraco,1,1,0,1,0,0,1,0,0,0,0,0,0,,
BRSR5,Banco do Estado do Rio Grande do Sul SA Preference Shares Class A,Financeiro e Outros,Intermediários Financeiros,Bancos,17.01,0.0,0.0,0.0,0.0,17.01,0,30,19.34,13.34,6720607220,4.39,3.87,10.33,7.75,0.68,5.92,0.36,0.05,15.1,0.05,4.68,0.0,4.69,0.0,3.11,27.14,37265689.74,4270313.01,1432965292.1108742,18668353388.88889,11.45,0.8,0.0,0.13,29.79,0.0,7.77,6.14,0.0,0.0,0.0,0.0,1.31,0.93,0.07,15.28,0.02,1373091,0.3296,1.3183,0.4625,4,0.3296,43.578911184195505,11.796551724137933,21.971666666666668,6.22,5.493333333333333,156.1958329464756,-30.64931379107624,29.169116206153234,-63.43327454438567,-67.70527140897512,4,Fraco,1,1,0,1,0,0,1,0,0,0,0,0,0,,
BRSR6,Banco do Estado do Rio Grande do Sul SA Preference Shares Class B,Financeiro e Outros,Intermediários Financeiros,Bancos,14.86,2.98,14.43,14.93,14.43,14.43,675700,1920290,18.9,9.66,6711562213,3.84,3.87,8.95,8.72,0.66,5.76,0.35,0.05,14.7,0.05,4.56,0.0,4.69,0.0,3.11,27.14,5496841831.3,629888654.9499999,1431036719.1897655,19175892037.142857,11.45,0.8,0.0,0.13,29.79,0.0,7.77,6.14,0.0,0.0,0.0,0.0,1.31,0.93,0.07,15.28,0.02,202536545,0.324,1.2958,0.44,4,0.324,43.578911184195505,11.796551724137933,21.596666666666668,6.22,5.4,193.263197740212,-20.615398895437863,45.334230596680136,-58.14266487213998,-63.66083445491252,5,Regular,1,1,0,1,0,0,1,0,0,1,0,0,0,,
BRST3,Brisanet Participacoes SA,Comunicações,Telecomunicações,Telecomunicações,2.77,1.47,2.74,2.79,2.73,2.73,205100,407827,3.55,2.58,1227113869,0.0,0.0,0.0,5.77,0.88,11.86,1.0,0.34,3.4,0.47,6.71,2.33,11.74,4.07,0.26,3.56,1559306831.72,113881959.62,104524179.64224872,1227113869.0,7.44,2.86,5.71,0.34,42.4,43.1,14.96,8.46,0.66,1.7368,5.03,1.75,1.54,0.62,0.38,41.71,35.66,438007537,0.0399,0.1597,0.039,4,0.0399,4.563551248753541,3.037517241379311,2.661666666666667,9.2716,0.665,64.74914255427944,9.657662143657436,-3.910950661853175,234.7148014440433,-75.9927797833935,4,Fraco,0,0,1,1,0,0,1,1,0,0,0,0,0,,
BSEV3,#N/A,Consumo não Cíclico,Alimentos Processados,Açucar e Alcool,0.0,0.0,0.0,0.0,0.0,0.0,0,0,0.0,0.0,0,0.0,0.0,0.0,0.0,10.84,10.22,0.57,0.78,1.59,1.13,3.17,1.18,5.46,2.04,0.88,0.83,0.0,0.0,0.0,0.0,106.05,7.59,30.9,1.37,26.77,47.91,17.92,5.55,0.0,0.0,2.3,0.86,0.39,1.07,0.07,10.88,0.0,0,0.0034,0.0135,0.0042,4,0.0034,4.053887023586129,2.2697931034482766,0.225,0.0,0.056666666666666664,0.0,0.0,0.0,0.0,0.0,4,Fraco,1,0,1,1,0,0,0,0,1,0,0,0,0,,
BSLI3,BRB-Banco de Brasilia SA,Financeiro e Outros,Intermediários Financeiros,Bancos,3.59,-1.91,3.71,3.75,3.55,3.66,31100,32937,10.81,3.55,7709284285,2.21,1.63,9.96,13.32,0.5,2.47,0.18,0.03,1.01,0.03,1.65,0.0,1.85,0.0,1.66,8.2,2624993348.0,531401092.4,4167180694.5945945,42829357138.88889,20.28,1.08,0.0,0.15,35.96,0.0,11.12,7.43,0.0,0.0,0.0,0.0,0.11,0.95,0.05,23.49,15.97,320121140,0.1195,0.4781,0.2911,4,0.1195,17.500571419242288,19.39337931034483,7.968333333333334,26.5102,1.9916666666666667,387.48109802903315,440.20555182019024,121.95914577530178,638.4456824512536,-44.52181987000928,4,Fraco,1,1,0,1,0,0,0,1,0,0,0,0,0,,
BSLI4,BRB-Banco de Brasilia SA Preference Shares,Financeiro e Outros,Intermediários Financeiros,Bancos,3.6,-0.55,3.62,3.73,3.4,3.62,21000,36863,12.65,3.4,7709284285,2.21,1.63,8.04,14.61,0.68,3.36,0.25,0.04,1.38,0.04,2.25,0.0,1.85,0.0,1.66,8.2,1361691565.3999999,275659512.02,4167180694.5945945,30837137140.0,20.28,1.08,0.0,0.15,35.96,0.0,11.12,7.43,0.0,0.0,0.0,0.0,0.11,0.95,0.05,23.49,15.97,166059947,0.1315,0.5259,0.3203,4,0.1315,17.500571419242288,19.39337931034483,8.765,26.5102,2.191666666666667,386.1269838678413,438.70498084291194,143.47222222222226,636.3944444444444,-39.12037037037037,4,Fraco,1,1,0,1,0,0,0,1,0,0,0,0,0,,
BTOW3,#N/A,Consumo Cíclico,Comércio,Produtos Diversos,0.0,0.0,0.0,0.0,0.0,0.0,0,0,0.0,0.0,0,0.0,0.0,0.0,0.0,1.77,396.47,1.63,0.64,2.72,-1.48,63.93,18.05,72.39,20.44,0.08,17.34,0.0,0.0,0.0,0.0,0.45,0.16,0.71,0.39,29.84,9.05,2.55,0.41,0.23,0.6389,8.46,2.39,1.7,0.64,0.36,2.35,0.0,0,0.0,0.0,0.0,0,0.0,5.586770086552694,0.20634482758620695,0.0,0.0,0.0,0.0,0.0,0.0,0.0,0.0,3,Fraco,0,0,1,1,0,0,1,0,0,0,0,0,0,,
BTTL3,#N/A,Financeiro e Outros,Holdings Diversificadas,Holdings Diversificadas,0.0,0.0,0.0,0.0,0.0,0.0,0,0,0.0,0.0,0,0.0,0.0,0.0,0.0,2.76,3.76,0.23,0.9,3.25,-2.79,2.73,2.44,2.84,2.54,3.56,4.84,0.0,0.0,0.0,0.0,73.44,23.89,52.61,3.96,15.66,9.29,8.3,6.03,0.12,0.3636,0.11,0.1,1.69,0.67,0.33,5.92,-3.83,0,0.0,0.0,0.0,0,0.0,19.68969273503271,-818.3089655172415,0.0,0.0,0.0,0.0,0.0,0.0,0.0,0.0,5,Regular,1,0,1,1,0,0,1,0,1,0,0,0,0,,
CALI3,Construtora Adolpho Lindenberg SA,Consumo Cíclico,Construção Civil,Incorporações,23.37,0.0,0.0,0.0,0.0,23.37,0,230,25.0,14.59,0,0.0,0.0,1.71,24.2,0.62,5.21,0.58,0.16,0.27,0.55,4.13,4.03,7.07,6.9,3.03,25.57,178703616.0,21176064.0,0.0,0.0,11.84,3.08,5.58,0.28,28.56,14.46,14.1,11.18,0.44,1.6923,2.94,2.87,5.79,0.61,0.26,79.12,0.0,6988800,1.4137,5.6546,0.2702,4,1.4137,41.75206282329054,7.815310344827587,94.24333333333334,0.0,23.561666666666667,78.6566659105286,-66.55836395024566,303.266295820853,0.0,0.8201397803451709,4,Fraco,1,0,0,1,0,1,1,0,0,0,0,0,0,,
CALI4,#N/A,Consumo Cíclico,Construção Civil,Incorporações,0.0,0.0,0.0,0.0,0.0,0.0,0,0,0.0,0.0,0,0.0,0.0,0.0,0.0,1.96,16.51,1.85,0.51,0.87,1.76,13.09,12.77,7.07,6.9,3.03,25.57,0.0,0.0,0.0,0.0,11.84,3.08,5.58,0.28,28.56,14.46,14.1,11.18,0.44,1.6923,2.94,2.87,5.79,0.61,0.26,79.12,0.0,0,3.2119,12.8478,4.3199,4,3.2119,41.75206282329054,7.815310344827587,214.13,0.0,53.531666666666666,0.0,0.0,0.0,0.0,0.0,4,Fraco,1,0,0,1,0,1,1,0,0,0,0,0,0,,
CAMB3,Cambuci SA,Consumo Cíclico,Tecidos. Vestuário e Calçados,Calçados,9.56,0.31,9.52,9.8,9.5,9.53,8100,26428,10.14,8.05,407474900,0.0,0.0,11.21,7.69,1.28,6.04,1.01,1.01,2.9,2.08,5.62,3.98,4.75,3.37,1.56,7.35,310721838.0,65949124.800000004,85784189.4736842,403440495.04950494,21.24,16.65,17.34,0.99,48.58,25.44,18.02,16.77,0.2,0.2564,0.87,0.61,3.04,0.22,0.78,14.78,26.72,42275080,0.1838,0.7351,0.102,4,0.1838,16.06191146781727,18.225103448275867,12.251666666666667,41.6832,3.0633333333333335,68.01162623239823,90.63915740874336,28.155509065550905,336.0167364016736,-67.95676429567644,8,Bom,1,1,1,1,0,1,1,1,1,0,0,0,0,,
CAML3,Camil Alimentos SA,Consumo não Cíclico,Alimentos Processados,Alimentos Diversos,5.76,2.5,5.71,5.79,5.66,5.6,249200,1226903,7.4,4.07,2035445375,13.96,0.41,4.1,7.13,0.68,10.09,0.2,0.21,0.97,0.48,4.24,0.0,9.6,0.0,0.67,9.88,3458000000.0000005,234500000.0,212025559.89583334,10177226875.0,6.75,2.1,3.74,1.07,15.28,0.0,4.68,1.97,0.86,2.7742,5.36,0.0,1.64,0.69,0.31,17.84,0.53,350000000,0.1026,0.4105,0.1906,4,0.1026,12.204138642280332,7.8274482758620705,6.841666666666667,35.510000000000005,1.71,111.87740698403357,35.89319923371651,18.77893518518519,516.4930555555557,-70.3125,3,Fraco,0,0,0,1,0,0,1,0,0,1,0,0,0,,
CARD3,#N/A,Bens Industriais,Serviços,Serviços Diversos,0.0,0.0,0.0,0.0,0.0,0.0,0,0,0.0,0.0,0,0.0,0.0,0.0,0.0,1.64,9.1,1.05,0.94,24.77,-1.37,5.94,3.55,6.12,3.65,1.38,7.66,0.0,0.0,0.0,0.0,18.07,10.36,15.18,0.9,31.33,29.49,17.6,11.5,0.05,0.0877,0.17,0.1,1.14,0.43,0.57,-0.29,24.92,0,0.0,0.0,0.0,0,0.0,15.422159381876456,16.122206896551724,0.0,34.3896,0.0,0.0,0.0,0.0,0.0,0.0,7,Bom,1,0,1,1,0,1,1,1,1,0,0,0,0,,
CASH3,Meliuz SA,Tecnologia da Informação,Programas e Serviços,Programas e Serviços,4.07,3.83,3.92,4.14,3.92,3.92,594400,1304120,9.05,3.21,460829839,0.0,-0.61,0.0,121.58,0.73,7.3,0.93,0.6,5.74,0.79,5.18,0.0,4.31,0.0,0.48,4.81,544617526.5699999,54348526.559999995,106921076.33410674,495515955.91397846,10.03,8.18,3.74,0.64,18.02,0.0,18.02,12.8,0.12,0.1463,0.87,0.0,1.73,0.18,0.82,34.97,29.42,113226097,1.6494,4.9483,2.5271,3,1.6494,7.20749609781372,5.607724137931036,82.47166666666666,14.1216,27.490000000000002,77.0883562116393,37.78191985088539,1926.3308763308764,246.96805896805895,575.4299754299755,7,Bom,1,1,0,1,0,1,1,1,0,1,0,0,0,,
CASN3,Companhia Catarinense d Ags e Smnt CASAN,Utilidade Pública,Água e Saneamento,Água e Saneamento,8.49,1.46,0.0,0.0,0.0,8.37,0,0,9.09,9.09,0,26.5,0.32,0.54,0.95,4.07,27.16,4.87,1.76,80.32,2.15,15.81,12.82,16.62,13.48,0.32,2.16,1280827732.3200002,189752256.64000002,0.0,0.0,14.98,6.46,10.54,0.36,52.92,38.02,30.82,17.94,0.84,1.9535,3.26,2.65,1.13,0.57,0.43,11.65,26.37,592975802,0.0202,0.0808,0.043,4,0.0202,3.9436024140371964,3.7384827586206906,1.3466666666666667,8.4384,0.33666666666666667,-53.550030458925846,-55.96604524592826,-84.13820180604633,-0.6077738515901123,-96.03455045151159,6,Regular,1,0,0,1,0,1,1,1,1,0,0,0,0,,
CASN4,Companhia Catarinense d Ags e Smnt CASAN Preference Shares,Utilidade Pública,Água e Saneamento,Água e Saneamento,0.0,-100.0,0.0,0.0,0.0,5.76,0,0,7.97,7.97,0,0.0,0.32,0.87,0.0,2.82,18.8,3.37,1.22,55.59,1.49,10.95,8.87,16.62,13.48,0.32,2.16,1299999618.0,192592536.0,0.0,0.0,14.98,6.46,10.54,0.36,52.92,38.02,30.82,17.94,0.84,1.9535,3.26,2.65,1.13,0.57,0.43,11.65,26.37,601851675,0.0287,0.1149,0.0473,4,0.0287,3.9436024140371964,3.7384827586206906,1.915,8.4384,0.47833333333333333,0.0,0.0,0.0,0.0,0.0,6,Regular,1,0,0,1,0,1,1,1,1,0,0,0,0,,
CATA3,Companhia Industrial Cataguases,Consumo Cíclico,Tecidos. Vestuário e Calçados,Fios e Tecidos,0.0,0.0,0.0,0.0,0.0,0.0,0,0,0.0,0.0,0,0.0,108.79,6.63,0.0,0.07,0.82,0.05,0.03,0.13,0.09,0.64,0.33,4.08,2.1,126.09,1418.62,204562166.76,18181925.82,0.0,0.0,8.89,4.22,2.32,0.73,26.05,14.44,7.43,5.8,0.39,0.8298,3.45,1.77,1.78,0.53,0.47,12.29,20.24,144198,9.9716,39.8863,6.8659,4,9.9716,2006.1556284346436,1473.079034482759,664.7716666666666,2552.0616,166.19333333333336,0.0,0.0,0.0,0.0,0.0,6,Regular,0,1,1,1,1,0,1,1,0,0,0,0,0,,
CATA4,Companhia Industrial Cataguases Preference Shares,Consumo Cíclico,Tecidos. Vestuário e Calçados,Fios e Tecidos,0.0,0.0,0.0,0.0,0.0,0.0,0,0,0.0,0.0,0,0.0,108.79,0.0,0.0,0.0,0.0,0.0,0.0,0.0,0.0,0.0,0.0,4.08,2.1,126.09,1418.62,1573249.5799999998,139833.81,0.0,0.0,8.89,4.22,2.32,0.73,26.05,14.44,7.43,5.8,0.39,0.8298,3.45,1.77,1.78,0.53,0.47,12.29,20.24,1109,56.0173,224.0691,8.9826,4,56.0173,2006.1556284346436,1473.079034482759,3734.485,2552.0616,933.6216666666667,0.0,0.0,0.0,0.0,0.0,3,Fraco,0,0,1,0,0,0,1,1,0,0,0,0,0,,
CBAV3,Companhia Brasileira de Aluminio,Materiais Básicos,Mineração,Minerais Metálicos,10.59,0.38,10.55,10.61,10.55,10.56,1190900,2737174,10.75,2.73,6973470622,56.29,0.19,0.0,6.89,1.47,28.39,0.75,0.48,2.87,0.72,8.03,2.97,11.86,4.39,0.36,6.95,4524955244.150001,234386170.92,587982345.8684654,9297960829.333334,5.18,1.69,6.92,0.64,9.04,25.19,9.32,2.64,0.7,2.1212,3.83,1.42,2.01,0.66,0.33,9.2,0.0,651072697,0.1823,0.7293,0.3458,4,0.1823,7.50299940023988,0.9285517241379312,12.155,0.0,3.038333333333333,-29.15014730651671,-91.23180619322068,14.778092540132196,0.0,-71.30941139439723,5,Regular,0,1,1,1,0,0,1,0,0,1,0,0,0,,
CBEE3,Ampla Energia e Servicos SA,Utilidade Pública,Energia Elétrica,Energia Elétrica,8.91,0.0,0.0,0.0,0.0,8.91,0,30,14.83,8.4,4084267000,115.77,0.08,0.0,12.01,0.5,7.13,0.44,0.21,1.08,0.25,5.49,2.42,12.27,5.41,1.28,18.33,8307594875.19,580126647.04,332866096.1695192,9282425000.0,6.99,2.88,0.25,0.47,13.85,18.23,8.03,6.19,0.61,1.4878,6.78,2.99,0.51,0.59,0.41,8.16,15.76,453223943,0.2676,1.0703,0.3581,4,0.2676,22.976161559320566,14.953931034482762,17.838333333333335,20.1728,4.46,157.86937777015225,67.83312047679868,100.20576131687244,126.40628507295173,-49.943883277216614,3,Fraco,0,1,0,1,0,0,0,1,0,0,0,0,0,,
CCPR3,#N/A,Financeiro e Outros,Exploração de Imóveis,Exploração de Imóveis,0.0,0.0,0.0,0.0,0.0,0.0,0,0,0.0,0.0,0,0.0,0.0,0.0,0.0,0.61,33.61,2.1,0.2,1.04,-0.26,3.89,3.89,7.94,7.94,0.2,10.82,0.0,0.0,0.0,0.0,1.81,0.58,4.84,0.09,60.53,53.95,53.95,6.25,0.63,1.9688,4.05,4.05,4.35,0.42,0.32,4.82,5.13,0,0.0,0.0,0.0,0,0.0,6.977822009767804,1.138537931034483,0.0,1.026,0.0,0.0,0.0,0.0,0.0,0.0,3,Fraco,0,0,0,1,0,0,1,1,0,0,0,0,0,,
CCRO3,#N/A,Bens Industriais,Transporte,Exploração de Rodovias,0.0,0.0,0.0,0.0,0.0,0.0,0,0,0.0,0.0,0,0.0,0.0,1.16,0.0,1.88,21.13,1.21,0.45,6.12,0.54,4.86,0.0,9.86,0.0,0.62,6.93,0.0,0.0,0.0,0.0,8.92,2.11,9.2,0.37,33.68,0.0,24.92,5.73,1.94,8.0833,5.0,0.0,1.7,0.76,0.24,15.52,2.79,0,0.0,0.0,0.0,0,0.0,9.832268303906275,2.6489820689655175,0.0,1.7298,0.0,0.0,0.0,0.0,0.0,0.0,2,Pessimo,0,0,0,1,0,0,1,0,0,0,0,0,0,,
CCXC3,#N/A,Financeiro e Outros,Outros,Outros,0.0,0.0,0.0,0.0,0.0,0.0,0,0,0.0,0.0,0,0.0,0.0,0.0,0.0,0.03,0.25,0.0,2.34,0.03,0.0,3.26,0.0,3.21,0.0,4.68,43.93,0.0,0.0,0.0,0.0,10.66,946.44,0.81,0.0,0.0,0.0,0.0,0.0,0.0,0.0,0.05,0.0,0.01,89.75,88.75,0.0,0.0,0,0.0,0.0,0.0,0,0.0,68.01344719980013,12.071172413793105,0.0,0.0,0.0,0.0,0.0,0.0,0.0,0.0,3,Fraco,1,0,0,1,1,0,0,0,0,0,0,0,0,,
CEAB3,C&A Modas SA,Consumo Cíclico,Comércio,Tecidos. Vestuário e Calçados,11.07,5.03,10.66,11.1,10.66,10.54,4853000,8950630,20.58,9.44,3412272055,5.9,1.88,6.53,8.38,1.14,7.6,0.5,0.45,2.84,0.86,3.99,2.4,4.06,2.44,1.72,11.47,3535570929.96,530181516.96,840461097.2906405,6824544110.0,14.95,5.93,16.61,0.9,55.15,20.79,12.5,6.56,0.02,0.05,0.07,0.04,1.5,0.6,0.4,7.64,252.47,308245068,0.3092,0.9276,0.3447,3,0.3092,21.068673427627097,20.09434482758621,15.46,434.2484,5.153333333333333,90.32225318542996,81.52073014983024,39.65672990063234,3822.749774164409,-53.44775669978922,8,Bom,1,1,1,1,0,0,1,1,1,1,0,0,0,,
CEBR3,Companhia Energetica de Brasilia CEB,Utilidade Pública,Energia Elétrica,Energia Elétrica,27.92,-0.29,27.53,28.1,27.53,28.0,1700,6382,35.13,15.57,2091078278,12.18,2.32,20.22,22.02,2.2,11.38,4.57,1.53,3.38,3.23,9.17,0.0,7.1,0.0,2.67,13.8,495708282.0,95908776.3,294518067.3239437,457566362.80087525,19.36,13.44,14.02,0.33,45.61,0.0,49.84,40.15,0.49,0.7101,2.03,0.0,7.12,0.13,0.69,33.77,10.1,35920890,1.5367,6.1469,1.6657,4,1.5367,28.792967891483503,23.252937931034484,102.44833333333332,26.967,25.611666666666668,3.126675829095635,-16.715838355893688,266.9352913085004,-3.413323782234967,-8.26766953199618,7,Bom,1,1,0,1,0,1,1,1,1,0,0,0,0,,
CEBR5,Companhia Energetica de Brasilia CEB Preference Shares Class A,Utilidade Pública,Energia Elétrica,Energia Elétrica,27.02,0.07,26.5,27.02,26.5,27.0,300,1901,29.47,15.38,2091078278,11.55,2.32,15.84,19.63,2.05,10.59,4.25,1.42,3.15,3.0,8.53,0.0,7.1,0.0,2.67,13.8,90597138.0,17528576.7,294518067.3239437,492018418.35294116,19.36,13.44,14.02,0.33,45.61,0.0,49.84,40.15,0.49,0.7101,2.03,0.0,7.12,0.13,0.69,33.77,10.1,6565010,1.3262,5.305,1.6657,4,1.3262,28.792967891483503,23.252937931034484,88.41666666666667,26.967,22.103333333333335,6.561687237170627,-13.941754511345355,227.22674562052805,-0.19615099925981058,-18.196397730076477,7,Bom,1,1,0,1,0,1,1,1,1,0,0,0,0,,
CEBR6,Companhia Energetica de Brasilia CEB Preference Shares Class B,Utilidade Pública,Energia Elétrica,Energia Elétrica,30.42,0.8,30.4,30.42,30.39,30.18,1500,8650,33.27,17.3,2070315748,13.14,2.32,22.4,22.23,2.19,11.3,4.54,1.52,3.36,3.2,9.1,0.0,7.1,0.0,2.67,13.8,408425007.0,79021360.05,291593767.3239437,456016684.5814978,19.36,13.44,14.02,0.33,45.61,0.0,49.84,40.15,0.49,0.7101,2.03,0.0,7.12,0.13,0.69,33.77,10.1,29596015,1.6904,6.7616,1.8323,4,1.6904,28.792967891483503,23.252937931034484,112.69333333333333,26.967,28.173333333333332,-5.348560514518405,-23.560361830918858,270.4580319964935,-11.351084812623283,-7.385492000876626,7,Bom,1,1,0,1,0,1,1,1,1,0,0,0,0,,
CEDO3,Companhia de Fc  Tcds Cdr Cchr,Consumo Cíclico,Tecidos. Vestuário e Calçados,Fios e Tecidos,10.0,0.0,0.0,0.0,0.0,10.0,0,307,29.0,7.0,84885300,2.45,4.09,0.0,12.0,0.48,3.42,0.15,0.15,3.99,0.25,1.41,0.93,5.06,3.35,4.09,29.08,165962584.32,23342055.36,16775750.988142293,565902000.0,14.05,4.27,8.45,0.99,27.41,15.83,10.49,4.31,1.32,4.4,3.85,2.55,1.1,0.7,0.3,8.89,0.0,5707104,0.3,1.2,0.2,4,0.3,51.730909522257576,10.549379310344829,20.0,0.0,5.0,417.3090952225758,5.49379310344829,100.0,0.0,-50.0,4,Fraco,1,1,0,1,0,0,1,0,0,0,0,0,0,,
CEDO4,Companhia de Fc  Tcds Cdr Cchr Preference Shares,Consumo Cíclico,Tecidos. Vestuário e Calçados,Fios e Tecidos,6.39,2.4,6.31,6.4,6.3,6.24,6500,3050,19.55,6.23,84885300,1.56,4.09,0.0,18.78,0.32,2.3,0.1,0.1,2.69,0.17,0.95,0.63,5.06,3.35,4.09,29.08,124837415.67999999,17557944.64,16775750.988142293,848853000.0,14.05,4.27,8.45,0.99,27.41,15.83,10.49,4.31,1.32,4.4,3.85,2.55,1.1,0.7,0.3,8.89,0.0,4292896,0.3,1.2,0.2,4,0.3,51.730909522257576,10.549379310344829,20.0,0.0,5.0,709.5603994093517,65.09200798661705,212.98904538341156,0.0,-21.752738654147098,4,Fraco,1,1,0,1,0,0,1,0,0,0,0,0,0,,
CEEB3,Companhia de ltrcdd d std d Bh Clb,Utilidade Pública,Energia Elétrica,Energia Elétrica,48.19,0.0,0.0,0.0,0.0,48.19,0,340,50.75,34.7,8608604000,6.75,7.14,11.52,13.08,1.41,5.78,0.66,0.36,40.82,0.44,2.78,2.29,6.81,5.61,7.96,32.69,4968801838.21,1209900967.64,1264112187.958884,13043339393.939394,24.33,6.25,16.82,0.55,29.88,28.63,23.58,11.36,1.84,7.0769,3.65,3.01,0.95,0.74,0.26,10.09,15.61,151997609,1.5753,6.301,0.5215,4,1.5753,76.51652762638932,92.99475862068967,105.01666666666668,124.2556,26.255,58.780924727929694,92.97522021309332,117.92211385488002,157.8451960987757,-45.517742270180534,6,Regular,1,1,0,1,0,1,0,1,1,0,0,0,0,,
CEEB5,Companhia de ltrcdd d std d Bh Clb Preference Shares Class A,Utilidade Pública,Energia Elétrica,Energia Elétrica,43.6,0.0,0.0,0.0,0.0,43.6,0,10,49.0,34.01,8608604000,6.1,7.14,14.31,11.92,1.13,4.65,0.53,0.29,32.87,0.35,2.24,1.85,6.81,5.61,7.96,32.69,889824055.6099999,216671749.24,1264112187.958884,16242649056.603773,24.33,6.25,16.82,0.55,29.88,28.63,23.58,11.36,1.84,7.0769,3.65,3.01,0.95,0.74,0.26,10.09,15.61,27220069,1.2991,5.1962,0.5215,4,1.2991,76.51652762638932,92.99475862068967,86.60333333333334,124.2556,21.651666666666667,75.49662299630577,113.29073078139831,98.63149847094802,184.9899082568807,-50.34021406727829,6,Regular,1,1,0,1,0,1,0,1,1,0,0,0,0,,
CEEB6,Companhia de ltrcdd d std d Bh Clb Preference Shares Class B,Utilidade Pública,Energia Elétrica,Energia Elétrica,0.0,0.0,0.0,0.0,0.0,0.0,0,0,0.0,0.0,8608604000,0.0,7.14,9.6,0.0,1.86,7.63,0.87,0.48,53.91,0.58,3.67,3.03,6.81,5.61,7.96,32.69,2709295190.21,659712135.64,1264112187.958884,9894947126.43678,24.33,6.25,16.82,0.55,29.88,28.63,23.58,11.36,1.84,7.0769,3.65,3.01,0.95,0.74,0.26,10.09,15.61,82878409,1.429,5.7158,0.5737,4,1.429,76.51652762638932,92.99475862068967,95.26333333333334,124.2556,23.81666666666667,0.0,0.0,0.0,0.0,0.0,6,Regular,1,1,0,1,0,1,0,1,1,0,0,0,0,,
CEED3,Companhia Estadual de Distribuicao,Utilidade Pública,Energia Elétrica,Energia Elétrica,9.79,0.0,0.0,0.0,0.0,9.79,0,0,9.99,6.35,1563382000,0.0,-10.87,0.0,0.0,0.15,0.98,0.1,0.07,1.22,0.1,1.47,0.89,15.75,9.58,9.15,59.06,4021449498.96,623031881.4,99262349.20634921,15633820000.0,15.49,6.99,13.37,0.68,17.46,11.24,6.84,10.25,0.0,0.0,14.27,8.68,1.22,1.45,0.45,9.53,0.0,68090916,0.0,0.0,0.0,0,0.0,110.26775367259461,23.60068965517242,0.0,0.0,0.0,1026.3304767374325,141.06935296396753,0.0,0.0,0.0,6,Regular,1,0,0,1,1,1,1,0,1,0,0,0,0,,
CEED4,Companhia Estadual de Distribuicao Preference Shares,Utilidade Pública,Energia Elétrica,Energia Elétrica,20.0,0.0,0.0,0.0,0.0,20.0,0,0,20.0,20.0,1563382000,0.0,-10.87,0.0,0.0,0.34,2.19,0.22,0.15,2.72,0.22,3.28,1.99,15.75,9.58,9.15,59.06,9686666.84,1500728.1,99262349.20634921,7106281818.181818,15.49,6.99,13.37,0.68,17.46,11.24,6.84,10.25,0.0,0.0,14.27,8.68,1.22,1.45,0.45,9.53,0.0,164014,0.0,0.0,0.0,0,0.0,110.26775367259461,23.60068965517242,0.0,0.0,0.0,451.33876836297304,18.0034482758621,0.0,0.0,0.0,5,Regular,1,0,0,1,0,1,1,0,1,0,0,0,0,,
CEGR3,Companhia Distribuidora d Gs d RdJnr CEG,Utilidade Pública,Gás,Gás,32.69,0.0,0.0,0.0,0.0,32.69,0,57,95.41,32.69,8584328000,12.67,2.58,0.0,5.26,7.14,24.76,2.9,3.06,42.29,3.99,14.39,0.0,15.03,0.0,2.22,7.7,1999210536.4,576395765.0400001,571146240.8516301,2960113103.448276,28.85,12.36,25.85,1.06,31.38,0.0,20.13,11.7,0.32,0.7442,0.65,0.0,0.76,0.57,0.43,2.19,9.12,259637732,0.4302,1.7208,0.7328,4,0.4302,19.611603708009195,18.013539310344832,28.680000000000003,20.2464,7.170000000000001,-40.007330351761404,-44.8958724064092,-12.266748241052293,-38.065463444478425,-78.06668706026308,5,Regular,1,0,0,1,0,1,0,1,1,0,0,0,0,,
CEPE3,#N/A,Utilidade Pública,Energia Elétrica,Energia Elétrica,0.0,0.0,0.0,0.0,0.0,0.0,0,0,0.0,0.0,0,0.0,0.0,0.0,0.0,10.88,38.46,2.73,1.57,46.96,2.03,17.85,13.37,23.55,17.63,3.26,11.51,0.0,0.0,0.0,0.0,28.29,4.08,8.14,0.58,22.37,20.4,15.27,7.09,3.77,26.9286,6.18,4.63,1.17,0.86,0.14,6.27,27.12,0,0.8879,3.5515,0.5423,4,0.8879,29.056126720538646,38.08579310344828,59.19166666666667,88.4112,14.798333333333334,0.0,0.0,0.0,0.0,0.0,4,Fraco,1,0,0,1,0,0,1,1,0,0,0,0,0,,
CEPE5,#N/A,Utilidade Pública,Energia Elétrica,Energia Elétrica,0.0,0.0,0.0,0.0,0.0,0.0,0,0,0.0,0.0,0,0.0,0.0,0.0,0.0,3.48,12.32,0.87,0.5,15.04,0.65,5.72,4.28,23.55,17.63,3.26,11.51,0.0,0.0,0.0,0.0,28.29,4.08,8.14,0.58,22.37,20.4,15.27,7.09,3.77,26.9286,6.18,4.63,1.17,0.86,0.14,6.27,27.12,0,0.8879,3.5515,0.5423,4,0.8879,29.056126720538646,38.08579310344828,59.19166666666667,88.4112,14.798333333333334,0.0,0.0,0.0,0.0,0.0,4,Fraco,1,0,0,1,0,0,1,1,0,0,0,0,0,,
CEPE6,#N/A,Utilidade Pública,Energia Elétrica,Energia Elétrica,0.0,0.0,0.0,0.0,0.0,0.0,0,0,0.0,0.0,0,0.0,0.0,0.0,0.0,3.73,13.2,0.94,0.54,16.12,0.7,6.13,4.59,23.55,17.63,3.26,11.51,0.0,0.0,0.0,0.0,28.29,4.08,8.14,0.58,22.37,20.4,15.27,7.09,3.77,26.9286,6.18,4.63,1.17,0.86,0.14,6.27,27.12,0,0.9767,3.9066,0.5966,4,0.9767,29.056126720538646,38.08579310344828,65.11,88.4112,16.278333333333332,0.0,0.0,0.0,0.0,0.0,4,Fraco,1,0,0,1,0,0,1,1,0,0,0,0,0,,
CESP3,#N/A,Utilidade Pública,Energia Elétrica,Energia Elétrica,0.0,0.0,0.0,0.0,0.0,0.0,0,0,0.0,0.0,0,0.0,0.0,0.0,0.0,1.81,8.74,5.05,0.64,12.17,0.7,4.4,3.13,7.24,5.15,2.92,14.12,0.0,0.0,0.0,0.0,20.71,7.31,12.31,0.13,29.87,161.14,114.64,57.81,1.18,3.3714,2.87,2.04,2.37,0.65,0.35,1.33,3.81,0,0.7991,3.1963,0.7753,4,0.7991,30.457905377750453,14.283431724137934,53.27166666666667,11.1252,13.318333333333335,0.0,0.0,0.0,0.0,0.0,6,Regular,1,0,1,1,0,1,1,0,1,0,0,0,0,,
CESP5,#N/A,Utilidade Pública,Energia Elétrica,Energia Elétrica,0.0,0.0,0.0,0.0,0.0,0.0,0,0,0.0,0.0,0,0.0,0.0,0.0,0.0,1.77,8.55,4.94,0.63,11.91,0.69,4.31,3.07,7.24,5.15,2.92,14.12,0.0,0.0,0.0,0.0,20.71,7.31,12.31,0.13,29.87,161.14,114.64,57.81,1.18,3.3714,2.87,2.04,2.37,0.65,0.35,1.33,3.81,0,0.718,2.872,0.2757,4,0.718,30.457905377750453,14.283431724137934,47.86666666666667,11.1252,11.966666666666667,0.0,0.0,0.0,0.0,0.0,6,Regular,1,0,1,1,0,1,1,0,1,0,0,0,0,,
CESP6,#N/A,Utilidade Pública,Energia Elétrica,Energia Elétrica,0.0,0.0,0.0,0.0,0.0,0.0,0,0,0.0,0.0,0,0.0,0.0,0.0,0.0,1.79,8.63,4.99,0.63,12.03,0.69,4.35,3.1,7.24,5.15,2.92,14.12,0.0,0.0,0.0,0.0,20.71,7.31,12.31,0.13,29.87,161.14,114.64,57.81,1.18,3.3714,2.87,2.04,2.37,0.65,0.35,1.33,3.81,0,0.7991,3.1963,0.7753,4,0.7991,30.457905377750453,14.283431724137934,53.27166666666667,11.1252,13.318333333333335,0.0,0.0,0.0,0.0,0.0,6,Regular,1,0,1,1,0,1,1,0,1,0,0,0,0,,
CGAS3,Companhia de Gas de Sao Paulo COMGAS,Utilidade Pública,Gás,Gás,124.51,0.0,0.0,0.0,0.0,124.51,0,107,144.97,110.9,16667861360,10.72,11.62,7.37,7.08,8.5,10.65,1.33,1.16,13.28,1.63,5.81,4.9,8.19,6.91,12.2,15.29,1588061722.72,1267125769.6,2035147907.2039073,12532226586.466166,79.8,10.87,22.09,0.87,26.94,27.25,22.97,12.52,3.49,24.9286,2.38,2.01,1.43,0.86,0.14,10.17,3.41,103862768,2.2053,8.821,2.5852,4,2.2053,64.78506772397479,56.71569655172414,147.01666666666668,41.602,36.754999999999995,-47.96798030361032,-54.44888237754064,18.076192005996848,-66.58742269697214,-70.48028270821621,7,Bom,1,1,1,1,0,1,1,0,1,0,0,0,0,,
CGAS5,Companhia de Gas de Sao Paulo COMGAS Preference Shares Class A,Utilidade Pública,Gás,Gás,124.36,-0.11,124.52,124.52,124.36,124.5,200,1320,139.96,115.92,16667861360,10.7,11.62,7.36,7.8,8.63,10.81,1.35,1.18,13.47,1.65,5.9,4.97,8.19,6.91,12.2,15.29,438178052.51,349625391.79999995,2035147907.2039073,12346563970.370369,79.8,10.87,22.09,0.87,26.94,27.25,22.97,12.52,3.49,24.9286,2.38,2.01,1.43,0.86,0.14,10.17,3.41,28657819,2.4258,9.7031,2.8437,4,2.4258,64.78506772397479,56.71569655172414,161.71833333333333,41.602,40.43000000000001,-47.905220550036354,-54.393939730038475,30.04047389299882,-66.54712126085559,-67.4895464779672,7,Bom,1,1,1,1,0,1,1,0,1,0,0,0,0,,
CGRA3,Grazziotin SA,Consumo Cíclico,Comércio,Tecidos. Vestuário e Calçados,25.7,1.62,25.75,25.75,25.7,25.29,500,1341,29.22,18.29,648178616,7.4,3.47,25.76,30.8,0.67,6.28,0.86,0.49,1.69,0.88,9.67,0.0,6.46,0.0,4.26,39.96,399917682.0,42633867.0,100337247.05882353,753696065.1162791,10.65,7.77,6.37,0.56,53.39,0.0,8.92,13.75,0.22,0.3014,3.25,0.0,2.81,0.27,0.73,8.68,4.66,10007950,1.9789,7.9154,3.9545,4,1.9789,61.888334926704886,23.035729655172418,131.92333333333335,19.8516,32.98166666666667,140.8106417381513,-10.366810680262963,413.3203631647212,-22.75642023346303,28.333333333333343,5,Regular,1,1,0,1,0,1,1,0,0,0,0,0,0,,
CGRA4,Grazziotin SA Preference Shares,Consumo Cíclico,Comércio,Tecidos. Vestuário e Calçados,25.15,0.68,25.06,25.15,25.06,24.98,1900,6742,27.91,17.92,648178616,7.25,3.47,25.6,31.47,0.67,6.32,0.87,0.49,1.7,0.89,9.73,0.0,6.46,0.0,4.26,39.96,557416785.24,59424311.94,100337247.05882353,745032891.954023,10.65,7.77,6.37,0.56,53.39,0.0,8.92,13.75,0.22,0.3014,3.25,0.0,2.81,0.27,0.73,8.68,4.66,13949369,1.9789,7.9154,3.9545,4,1.9789,61.888334926704886,23.035729655172418,131.92333333333335,19.8516,32.98166666666667,146.07687843620235,-8.406641530129546,424.54605699138506,-21.067196819085478,31.1398277004639,5,Regular,1,1,0,1,0,1,1,0,0,0,0,0,0,,
CIEL3,#N/A,Financeiro e Outros,Serviços Financeiros Diversos,Serviços Financeiros Diversos,0.0,0.0,0.0,0.0,0.0,0.0,0,0,0.0,0.0,0,0.0,0.0,0.0,0.0,1.54,11.35,1.46,0.14,1.54,1.52,7.6,4.46,11.71,6.87,0.51,3.78,0.0,0.0,0.0,0.0,13.6,1.27,4.71,0.1,40.95,32.77,19.23,12.88,0.84,9.3333,4.11,2.41,1.12,0.88,0.09,1.94,2.04,0,0.0904,0.3618,0.1517,4,0.0904,6.586007895531252,1.9468634482758624,6.03,1.0404,1.5066666666666666,0.0,0.0,0.0,0.0,0.0,5,Regular,1,0,1,1,0,1,1,0,0,0,0,0,0,,
CLSA3,#N/A,Tecnologia da Informação,Programas e Serviços,Programas e Serviços,0.0,0.0,0.0,0.0,0.0,0.0,0,0,0.0,0.0,0,0.0,0.0,0.0,0.0,3.06,24.41,4.14,2.3,7.9,4.94,12.93,0.0,10.71,0.0,0.43,3.43,0.0,0.0,0.0,0.0,12.52,9.4,34.71,0.55,33.36,0.0,32.02,16.96,0.52,0.6933,2.22,0.0,2.19,0.25,0.75,17.88,0.0,0,0.0,0.0,0.0,0,0.0,5.760664024224986,1.1091034482758622,0.0,0.0,0.0,0.0,0.0,0.0,0.0,0.0,5,Regular,1,0,0,1,0,1,1,0,1,0,0,0,0,,
CLSC3,Centrais Eletricas d Snt Ctrn S Clsc,Utilidade Pública,Energia Elétrica,Energia Elétrica,128.5,0.0,0.0,0.0,0.0,128.5,0,191,133.72,74.93,5321497749,6.79,18.91,2.24,2.26,1.27,7.15,0.43,0.37,7.12,0.51,3.67,2.87,6.9,5.4,18.18,102.44,1590599914.28,282283350.65999997,771231557.8260869,12375576160.465117,17.75,5.19,13.54,0.86,17.1,14.97,11.73,6.02,1.04,3.5862,3.02,2.36,1.23,0.71,0.29,5.86,19.86,15527137,0.7266,2.9063,0.7355,4,0.7266,204.702423043793,212.39255172413795,48.43833333333333,361.0548,12.110000000000001,59.301496532134635,65.28603247014627,-62.304798962386506,180.97649805447472,-90.57587548638132,6,Regular,1,0,1,1,0,0,1,1,1,0,0,0,0,,
CLSC4,Centrais Eletricas d Snt Ctrn S Clsc Preference Shares,Utilidade Pública,Energia Elétrica,Energia Elétrica,145.99,0.0,0.0,0.0,0.0,145.99,0,2609,156.75,81.84,5321497749,7.72,18.91,2.24,2.19,1.39,7.84,0.47,0.41,7.81,0.56,4.03,3.15,6.9,5.4,18.18,102.44,2360673867.7599998,418948173.71999997,771231557.8260869,11322335636.170214,17.75,5.19,13.54,0.86,17.1,14.97,11.73,6.02,1.04,3.5862,3.02,2.36,1.23,0.71,0.29,5.86,19.86,23044454,0.7992,3.1969,0.809,4,0.7992,204.702423043793,212.39255172413795,53.281666666666666,361.0548,13.32,40.21674295759504,45.48431517510647,-63.50320798228189,147.31474758545104,-90.87608740324681,6,Regular,1,0,1,1,0,0,1,1,1,0,0,0,0,,
CMIG3,Energy of Minas Gerais Co,Utilidade Pública,Energia Elétrica,Energia Elétrica,16.51,3.12,16.05,16.55,16.05,16.02,29800,179909,19.68,12.91,7639095751,9.77,1.69,11.08,2.34,1.48,10.61,1.01,0.66,26.05,0.83,7.38,10.48,8.48,12.03,1.4,10.04,9604283186.439999,1339242675.3999999,900836763.0896226,7563461139.60396,13.99,6.21,12.05,0.66,17.82,9.59,13.62,9.47,0.46,1.0455,2.27,3.22,0.89,0.56,0.44,9.42,5.15,956601911,0.0967,0.387,0.1057,4,0.0967,17.783700402334716,7.986758620689657,6.45,7.21,1.6116666666666666,7.714720789428919,-51.6247206499718,-60.9327680193822,-56.32949727437916,-90.23823945083788,5,Regular,1,1,0,1,0,0,0,1,1,0,0,0,0,,
CMIG4,Energy of Minas Gerais Co Preference Shares,Utilidade Pública,Energia Elétrica,Energia Elétrica,11.56,2.12,11.39,11.6,11.35,11.31,6385300,18423247,13.61,9.16,7639095751,6.84,1.69,14.54,3.66,1.13,8.08,0.77,0.5,19.84,0.63,5.62,7.98,8.48,12.03,1.4,10.04,19128007039.359997,2667251977.6,900836763.0896226,9920903572.727272,13.99,6.21,12.05,0.66,17.82,9.59,13.62,9.47,0.46,1.0455,2.27,3.22,0.89,0.56,0.44,9.42,5.15,1905179984,0.1057,0.423,0.0946,4,0.1057,17.783700402334716,7.986758620689657,7.05,7.21,1.7616666666666667,53.83823877452176,-30.910392554587744,-39.01384083044983,-37.629757785467135,-84.76066897347174,6,Regular,1,1,0,1,0,0,0,1,1,1,0,0,0,,
CMIN3,CSN Mineracao SA,Materiais Básicos,Mineração,Minerais Metálicos,4.44,9.31,4.16,4.45,4.13,4.08,14659000,8022896,6.37,4.13,24118275670,10.81,0.41,8.21,5.5,3.2,13.07,1.8,0.89,3.82,1.65,6.15,0.0,5.32,0.0,0.45,1.84,9994961949.92,2444420042.1,4533510464.285714,13399042038.88889,24.47,6.8,19.37,0.49,47.64,0.0,29.29,13.79,0.43,1.5357,0.83,0.0,2.02,0.72,0.28,7.57,7.58,5432044538,0.0611,0.2443,0.0478,4,0.0611,4.316248370981448,3.230813793103449,4.071666666666666,3.411,1.0183333333333333,-2.7871988517691957,-27.233923578751153,-8.295795795795812,-23.17567567567568,-77.06456456456456,8,Bom,1,1,0,1,0,1,1,1,1,1,0,0,0,,
CMSA3,#N/A,Financeiro e Outros,Outros,Outros,0.0,0.0,0.0,0.0,0.0,0.0,0,0,0.0,0.0,0,0.0,0.0,0.0,0.0,0.0,0.0,0.0,0.0,0.0,0.0,0.0,0.0,0.07,0.0,0.0,0.0,0.0,0.0,0.0,0.0,1369.84,1336.29,1392.4,0.0,0.0,0.0,0.0,0.0,0.96,0.9796,0.07,0.0,38.28,0.02,0.98,0.0,0.0,0,0.0,0.0,0.0,0,0.0,0.0,0.0,0.0,0.0,0.0,0.0,0.0,0.0,0.0,0.0,3,Fraco,1,0,0,0,0,0,1,0,1,0,0,0,0,,
CMSA4,#N/A,Financeiro e Outros,Outros,Outros,0.0,0.0,0.0,0.0,0.0,0.0,0,0,0.0,0.0,0,0.0,0.0,0.0,0.0,0.0,0.0,0.0,0.0,0.0,0.0,0.0,0.0,0.07,0.0,0.0,0.0,0.0,0.0,0.0,0.0,1369.84,1336.29,1392.4,0.0,0.0,0.0,0.0,0.0,0.96,0.9796,0.07,0.0,38.28,0.02,0.98,0.0,0.0,0,0.0,0.0,0.0,0,0.0,0.0,0.0,0.0,0.0,0.0,0.0,0.0,0.0,0.0,0.0,3,Fraco,1,0,0,0,0,0,1,0,1,0,0,0,0,,
CNSY3,#N/A,Consumo Cíclico,Mídia,Produção e Difusão de Filmes e Programas,0.0,0.0,0.0,0.0,0.0,0.0,0,0,0.0,0.0,0,0.0,0.0,0.0,0.0,23.75,86.19,6.65,5.37,28.61,6.18,93.87,0.0,109.95,0.0,0.35,1.27,0.0,0.0,0.0,0.0,27.56,6.23,4.37,0.81,18.72,0.0,7.08,7.71,0.0,0.0,16.08,0.0,0.41,1.23,0.23,2.97,0.0,0,0.0,0.0,0.0,0,0.0,3.162475296346202,0.9027586206896552,0.0,0.0,0.0,0.0,0.0,0.0,0.0,0.0,1,Pessimo,1,0,0,0,0,0,0,0,0,0,0,0,0,,
CNTO3,#N/A,Consumo Cíclico,Comércio,Produtos Diversos,0.0,0.0,0.0,0.0,0.0,0.0,0,0,0.0,0.0,0,0.0,0.0,0.0,0.0,2.43,23.76,1.18,0.75,3.21,-1.66,18.32,0.0,24.46,0.0,0.92,9.01,0.0,0.0,0.0,0.0,10.23,3.15,3.63,0.63,44.56,0.0,6.43,4.96,0.81,2.6129,6.14,0.0,1.74,0.69,0.31,0.0,0.0,0,0.0,0.0,0.0,0,0.0,13.656756569551936,2.3729655172413797,0.0,0.0,0.0,0.0,0.0,0.0,0.0,0.0,3,Fraco,1,0,0,1,0,0,1,0,0,0,0,0,0,,
COCE3,Companhia Energetica do Ceara,Utilidade Pública,Energia Elétrica,Energia Elétrica,33.32,0.0,0.0,0.0,0.0,33.32,0,3,48.49,24.66,2878863370,5.59,5.96,3.46,7.93,0.65,11.44,0.38,0.21,1.17,0.27,2.84,1.79,7.42,4.67,3.41,60.39,3224948229.36,182100901.84,387986977.0889488,7575956236.842105,5.64,1.87,9.92,0.56,17.1,21.28,13.41,3.33,1.09,3.303,4.81,3.03,0.53,0.67,0.33,9.44,6.19,53402024,0.6602,2.6408,0.9289,4,0.6602,68.06924966532245,21.605760000000007,44.013333333333335,21.1079,11.003333333333334,104.28946478188008,-35.156782713085214,32.092837134853944,-36.650960384153656,-66.97679071628652,2,Pessimo,0,0,0,1,0,0,0,1,0,0,0,0,0,,
COCE5,Companhia Energetica do Ceara Preference Shares Class A,Utilidade Pública,Energia Elétrica,Energia Elétrica,33.5,1.21,33.25,33.5,33.25,33.1,1000,15794,34.54,24.25,2878863370,5.62,5.96,4.45,8.06,0.5,8.92,0.3,0.17,0.91,0.21,2.21,1.39,7.42,4.67,3.41,60.39,1884802940.46,106427852.74000001,387986977.0889488,9596211233.333334,5.64,1.87,9.92,0.56,17.1,21.28,13.41,3.33,1.09,3.303,4.81,3.03,0.53,0.67,0.33,9.44,6.19,31210514,0.6751,2.7002,0.9883,4,0.6751,68.06924966532245,21.605760000000007,45.00333333333334,21.1079,11.251666666666667,103.19179004573864,-35.50519402985072,34.338308457711456,-36.99134328358209,-66.4129353233831,2,Pessimo,0,0,0,1,0,0,0,1,0,0,0,0,0,,
COCE6,Companhia Energetica do Ceara Preference Shares Class B,Utilidade Pública,Energia Elétrica,Energia Elétrica,0.0,-100.0,0.0,0.0,0.0,8.58,0,0,0.0,0.0,2878863370,0.0,5.96,13.9,0.0,0.21,3.76,0.13,0.07,0.38,0.09,0.93,0.59,7.42,4.67,3.41,60.39,102027757.59,5761130.21,387986977.0889488,22145102846.153847,5.64,1.87,9.92,0.56,17.1,21.28,13.41,3.33,1.09,3.303,4.81,3.03,0.53,0.67,0.33,9.44,6.19,1689481,0.8398,3.359,1.6471,4,0.8398,68.06924966532245,21.605760000000007,55.983333333333334,21.1079,13.996666666666666,0.0,0.0,0.0,0.0,0.0,3,Fraco,0,1,0,1,0,0,0,1,0,0,0,0,0,,
COGN3,Cogna Educacao SA,Consumo Cíclico,Diversos,Serviços Educacionais,2.55,3.66,2.5,2.56,2.47,2.46,13594800,31397139,4.73,2.18,5323895000,6.16,0.42,4.76,7.3,0.62,5.91,1.13,0.33,4.06,0.4,5.03,3.96,8.29,6.53,0.64,6.18,12757169015.58,1321130771.84,642206875.7539204,4711411504.424779,10.43,5.59,5.58,0.29,68.62,28.48,22.42,19.08,0.4,0.7407,3.26,2.57,1.81,0.42,0.54,1.88,41.43,2064266831,0.0465,0.1862,0.0486,4,0.0465,9.433557123376103,7.476965517241381,3.1033333333333335,26.5152,0.775,269.9434166029845,193.21433400946594,21.699346405228773,939.8117647058823,-69.6078431372549,6,Regular,1,0,0,1,0,1,1,1,0,1,0,0,0,,
CORR3,#N/A,Financeiro e Outros,Exploração de Imóveis,Exploração de Imóveis,0.0,0.0,0.0,0.0,0.0,0.0,0,0,0.0,0.0,0,0.0,0.0,0.0,0.0,0.01,0.01,0.19,0.0,0.01,0.02,0.01,0.0,1.26,0.0,307.95,201.49,0.0,0.0,0.0,0.0,152.84,44.18,126.45,0.02,100.0,0.0,2560.96,2141.14,2.58,8.8966,1.41,0.0,4.25,0.71,0.29,16.36,0.0,0,74.8669,74.8669,74.8669,1,74.8669,1181.5663433552938,794.2986206896552,1247.7816666666668,0.0,1247.7816666666668,0.0,0.0,0.0,0.0,0.0,6,Regular,1,0,0,1,1,1,1,0,1,0,0,0,0,,
CORR4,#N/A,Financeiro e Outros,Exploração de Imóveis,Exploração de Imóveis,0.0,0.0,0.0,0.0,0.0,0.0,0,0,0.0,0.0,0,0.0,0.0,0.0,0.0,0.41,0.27,5.7,0.12,0.2,0.48,0.22,0.0,1.26,0.0,307.95,201.49,0.0,0.0,0.0,0.0,152.84,44.18,126.45,0.02,100.0,0.0,2560.96,2141.14,2.58,8.8966,1.41,0.0,4.25,0.71,0.29,16.36,0.0,0,23.3277,93.3109,74.8669,4,23.3277,1181.5663433552938,794.2986206896552,1555.1816666666668,0.0,388.795,0.0,0.0,0.0,0.0,0.0,6,Regular,1,0,0,1,1,1,1,0,1,0,0,0,0,,
CPFE3,CPFL Energia SA,Utilidade Pública,Energia Elétrica,Energia Elétrica,44.26,1.26,44.01,44.44,43.76,43.72,1056500,2333096,53.06,34.32,51603512057,8.86,5.0,5.67,2.84,2.51,10.42,1.28,0.69,558.74,0.89,5.19,4.24,7.28,5.94,4.73,19.67,22664844834.800003,5450163501.200001,7088394513.324176,40315243794.53125,24.04,6.61,16.03,0.54,31.43,30.14,24.61,12.25,1.01,3.7407,2.09,1.71,1.01,0.71,0.27,7.33,15.06,1152254440,0.3145,1.2581,0.26,4,0.3145,45.75346708174147,55.259448275862084,20.968333333333334,71.2338,5.241666666666667,3.374304296749822,24.85189398070964,-52.62464226540141,60.94396746497968,-88.15710197318873,8,Bom,1,0,1,1,0,1,1,1,1,1,0,0,0,,
CPLE11,#N/A,Utilidade Pública,Energia Elétrica,Energia Elétrica,0.0,0.0,0.0,0.0,0.0,0.0,0,0,0.0,0.0,0,0.0,0.0,3.28,0.0,1.19,12.9,1.36,0.53,5.33,0.73,8.26,0.0,10.82,0.0,3.89,41.96,0.0,0.0,0.0,0.0,12.17,5.49,8.87,0.39,16.34,0.0,19.49,13.97,0.34,0.7556,2.0,0.0,1.45,0.55,0.45,9.35,24.58,0,0.8612,3.445,0.8587,4,0.8612,60.601559385877195,45.44593103448277,57.416666666666664,95.61619999999999,14.353333333333333,0.0,0.0,0.0,0.0,0.0,5,Regular,1,0,0,1,0,1,1,1,0,0,0,0,0,,
CPLE3,Companhia Paranaense de Energia,Utilidade Pública,Energia Elétrica,Energia Elétrica,15.15,2.79,14.8,15.17,14.79,14.7,12949100,26524508,16.87,9.85,19687254026,16.57,0.91,9.13,6.76,1.54,18.1,1.6,0.64,10.04,0.82,8.87,8.11,12.63,11.55,0.74,8.71,25980280238.9,2207279836.6,1558769123.198733,12304533766.25,8.5,3.56,8.15,0.4,21.31,19.76,18.07,8.85,0.65,1.5476,3.76,3.44,1.43,0.58,0.42,6.88,2.1,2982810590,0.2559,1.0234,0.3704,4,0.2559,12.042487284610269,2.8518068965517247,17.05666666666667,1.554,4.265000000000001,-20.511635085080734,-81.17619210196881,12.585258525852595,-89.74257425742574,-71.84818481848184,4,Fraco,0,1,0,1,0,0,1,0,0,1,0,0,0,,
CPLE5,#N/A,Utilidade Pública,Energia Elétrica,Energia Elétrica,0.0,0.0,0.0,0.0,0.0,0.0,0,0,0.0,0.0,0,0.0,0.0,3.23,0.0,1.56,18.34,1.62,0.65,10.18,0.83,8.99,8.22,12.63,11.55,0.74,8.71,0.0,0.0,0.0,0.0,8.5,3.56,8.15,0.4,21.31,19.76,18.07,8.85,0.65,1.5476,3.76,3.44,1.43,0.58,0.42,6.88,2.1,0,0.2043,0.8172,0.4384,4,0.2043,12.042487284610269,2.8518068965517247,13.620000000000001,1.554,3.4050000000000002,0.0,0.0,0.0,0.0,0.0,2,Pessimo,0,0,0,1,0,0,1,0,0,0,0,0,0,,
CPLE6,#N/A,Utilidade Pública,Energia Elétrica,Energia Elétrica,0.0,0.0,0.0,0.0,0.0,0.0,0,0,0.0,0.0,0,0.0,0.0,3.08,0.0,1.63,19.21,1.7,0.68,10.66,0.87,9.41,8.6,12.63,11.55,0.74,8.71,0.0,0.0,0.0,0.0,8.5,3.56,8.15,0.4,21.31,19.76,18.07,8.85,0.65,1.5476,3.76,3.44,1.43,0.58,0.42,6.88,2.1,0,0.2043,0.8172,0.4384,4,0.2043,12.042487284610269,2.8518068965517247,13.620000000000001,1.554,3.4050000000000002,0.0,0.0,0.0,0.0,0.0,2,Pessimo,0,0,0,1,0,0,1,0,0,0,0,0,0,,
CPRE3,#N/A,Utilidade Pública,Energia Elétrica,Energia Elétrica,0.0,0.0,0.0,0.0,0.0,0.0,0,0,0.0,0.0,0,0.0,0.0,0.0,0.0,2.26,10.21,2.98,1.01,3979.65,1.2,6.39,3.97,6.38,3.96,1.79,8.05,0.0,0.0,0.0,0.0,22.18,9.85,20.91,0.34,63.22,74.96,46.54,29.15,0.01,0.0227,0.01,0.01,1.0,0.55,0.44,13.5,61.47,0,0.0072,0.0072,0.0072,1,0.0072,18.00593652104772,20.91213793103449,0.12,110.0313,0.12,0.0,0.0,0.0,0.0,0.0,6,Regular,1,0,1,1,0,1,0,1,1,0,0,0,0,,
CRDE3,#N/A,Consumo Cíclico,Construção Civil,Incorporações,0.0,0.0,0.0,0.0,0.0,0.0,0,0,0.0,0.0,0,0.0,0.0,0.0,0.0,0.33,3.8,7.47,0.28,2.76,0.32,3.46,0.0,2.7,0.0,3.29,37.5,0.0,0.0,0.0,0.0,8.76,7.4,9.87,0.04,16.11,0.0,216.3,196.64,0.07,0.0824,0.75,0.0,5.02,0.15,0.85,18.7,0.0,0,0.0,0.0,0.0,0,0.0,52.687166369050445,8.48593103448276,0.0,0.0,0.0,0.0,0.0,0.0,0.0,0.0,3,Fraco,0,0,0,1,0,1,1,0,0,0,0,0,0,,
CRFB3,#N/A,Consumo não Cíclico,Comércio e Distribuição,Alimentos,0.0,0.0,0.0,0.0,0.0,0.0,0,0,0.0,0.0,0,0.0,0.0,0.01,0.0,0.83,9.84,0.15,0.19,5.86,0.36,3.99,2.71,8.47,5.76,0.86,10.16,0.0,0.0,0.0,0.0,8.48,1.89,8.28,1.25,18.14,5.52,3.75,1.52,0.94,4.2727,4.49,3.05,1.07,0.76,0.22,14.0,12.41,0,0.0788,0.3153,0.0948,4,0.0788,14.02126955735464,8.69537103448276,5.255000000000001,10.6726,1.3133333333333332,0.0,0.0,0.0,0.0,0.0,3,Fraco,0,0,0,1,0,0,1,1,0,0,0,0,0,,
CRIV3,#N/A,Financeiro e Outros,Intermediários Financeiros,Soc. Crédito e Financiamento,0.0,0.0,0.0,0.0,0.0,0.0,0,0,0.0,0.0,0,0.0,0.0,0.0,0.0,0.66,35.1,0.35,0.04,0.07,0.09,81.37,0.0,80.16,0.0,0.2,10.5,0.0,0.0,0.0,0.0,1.89,0.12,0.0,0.12,20.26,0.0,0.43,0.99,0.0,0.0,0.0,0.0,131.56,0.94,0.06,27.56,21.36,0,0.0231,0.0924,0.025,4,0.0231,6.87386354243376,2.3365517241379314,1.54,4.272,0.385,0.0,0.0,0.0,0.0,0.0,3,Fraco,0,0,0,1,0,0,1,1,0,0,0,0,0,,
CRIV4,#N/A,Financeiro e Outros,Intermediários Financeiros,Soc. Crédito e Financiamento,0.0,0.0,0.0,0.0,0.0,0.0,0,0,0.0,0.0,0,0.0,0.0,0.0,0.0,0.64,33.89,0.33,0.04,0.07,0.09,78.57,0.0,80.16,0.0,0.2,10.5,0.0,0.0,0.0,0.0,1.89,0.12,0.0,0.12,20.26,0.0,0.43,0.99,0.0,0.0,0.0,0.0,131.56,0.94,0.06,27.56,21.36,0,0.2288,0.9151,0.237,4,0.2288,6.87386354243376,2.3365517241379314,15.251666666666667,4.272,3.8133333333333335,0.0,0.0,0.0,0.0,0.0,3,Fraco,0,0,0,1,0,0,1,1,0,0,0,0,0,,
CRPG3,Tronox Pigmentos do Brasil SA,Materiais Básicos,Químicos,Químicos Diversos,18.7,0.0,0.0,0.0,0.0,18.7,0,10,21.5,15.0,515434932,0.0,-2.3,0.0,44.97,0.89,20.65,0.65,0.54,1.51,1.48,13.49,0.0,12.4,0.0,0.83,19.31,196158665.38,8431470.34,41567333.22580645,792976818.4615384,4.29,2.61,6.82,0.83,2.16,0.0,4.84,3.16,0.14,0.2295,2.2,0.0,2.3,0.39,0.61,2.32,0.0,10158398,2.1022,8.409,0.2786,4,2.1022,18.98984597093931,2.1408275862068966,140.15,0.0,35.03666666666667,1.5499784542209138,-88.55172413793103,649.4652406417113,0.0,87.36185383244208,3,Fraco,0,1,0,1,0,0,1,0,0,0,0,0,0,,
CRPG5,Cristal Pigmentos do Brasil Pref Shs A,Materiais Básicos,Químicos,Químicos Diversos,16.4,2.56,16.45,16.45,16.38,15.99,700,3537,25.48,11.64,515434932,0.0,-2.3,0.0,51.34,1.0,23.27,0.74,0.61,1.7,1.66,15.19,0.0,12.4,0.0,0.83,19.31,238328615.77999997,10244057.54,41567333.22580645,696533691.891892,4.29,2.61,6.82,0.83,2.16,0.0,4.84,3.16,0.14,0.2295,2.2,0.0,2.3,0.39,0.61,2.32,0.0,12342238,2.105,8.4199,0.2895,4,2.105,18.98984597093931,2.1408275862068966,140.33166666666668,0.0,35.083333333333336,15.791743725239707,-86.946173254836,755.6808943089432,0.0,113.92276422764232,3,Fraco,0,1,0,1,0,0,1,0,0,0,0,0,0,,
CRPG6,Cristal Pigmentos do Brasil Pref Shs B,Materiais Básicos,Químicos,Químicos Diversos,16.81,0.0,0.0,0.0,16.8,16.81,100,243,23.89,10.5,515434932,0.0,-2.3,0.0,50.02,0.97,22.56,0.71,0.59,1.64,1.61,14.73,0.0,12.4,0.0,0.83,19.31,125864723.41,5410032.13,41567333.22580645,725964692.9577465,4.29,2.61,6.82,0.83,2.16,0.0,4.84,3.16,0.14,0.2295,2.2,0.0,2.3,0.39,0.61,2.32,0.0,6518111,2.1022,8.409,0.2786,4,2.1022,18.98984597093931,2.1408275862068966,140.15,0.0,35.03666666666667,12.967554853892397,-87.26455927301073,733.7299226650804,0.0,108.42752329962326,3,Fraco,0,1,0,1,0,0,1,0,0,0,0,0,0,,
CSAB3,#N/A,Financeiro e Outros,Previdência e Seguros,Seguradoras,0.0,0.0,0.0,0.0,0.0,0.0,0,0,0.0,0.0,0,0.0,0.0,0.0,0.0,1.11,12.39,312.32,0.57,3.54,0.71,18.86,8.8,24.57,11.46,2.46,27.56,0.0,0.0,0.0,0.0,8.94,4.57,0.0,0.0,124.0,3550.67,1656.27,2521.73,0.0,0.0,0.0,0.0,4.45,0.49,0.51,33.4,1.31,0,1.1226,4.4905,0.6023,4,1.1226,39.05695840692155,8.300888275862071,74.84166666666667,3.2226,18.71,0.0,0.0,0.0,0.0,0.0,3,Fraco,0,0,0,1,0,1,1,0,0,0,0,0,0,,
CSAB4,#N/A,Financeiro e Outros,Previdência e Seguros,Seguradoras,0.0,0.0,0.0,0.0,0.0,0.0,0,0,0.0,0.0,0,0.0,0.0,0.0,0.0,1.78,19.89,501.45,0.91,5.68,1.15,30.28,14.12,24.57,11.46,2.46,27.56,0.0,0.0,0.0,0.0,8.94,4.57,0.0,0.0,124.0,3550.67,1656.27,2521.73,0.0,0.0,0.0,0.0,4.45,0.49,0.51,33.4,1.31,0,1.2349,4.9395,0.6626,4,1.2349,39.05695840692155,8.300888275862071,82.325,3.2226,20.58166666666667,0.0,0.0,0.0,0.0,0.0,3,Fraco,0,0,0,1,0,1,1,0,0,0,0,0,0,,
CSAN3,Cosan SA,Petróleo. Gás e Biocombustíveis,Petróleo. Gás e Biocombustíveis,Exploração. Refino e Distribuição,4.29,3.87,4.17,4.34,4.15,4.13,18011100,32411067,8.78,4.15,3404846055,0.0,-2.86,0.0,39.23,3.88,1.73,0.54,0.18,1.92,0.23,13.66,3.02,46.1,10.19,3.33,1.49,5910190688.68,13208681203.56,73857831.9956616,6305270472.222221,223.96,10.51,3.92,0.34,31.95,17.81,3.94,31.04,9.21,184.2,32.44,7.17,1.8,0.75,0.05,26.51,0.0,3966570932,0.4207,1.6828,0.4515,4,0.4207,10.565900340245502,8.589103448275864,28.04666666666667,0.0,7.011666666666668,146.29138322250589,100.21220159151198,553.7684537684538,0.0,63.44211344211347,7,Bom,1,1,0,1,1,1,1,0,0,1,0,0,0,,
CSED3,Cruzeiro do Sul Educacional SA,Consumo Cíclico,Diversos,Serviços Educacionais,4.18,3.72,4.04,4.21,4.04,4.03,150200,723438,7.03,3.88,1544847574,5.72,0.75,7.44,17.2,1.44,9.43,0.87,0.5,6.95,0.65,3.94,6.48,4.65,7.63,0.69,4.54,1655023186.08,251534360.88,332225284.73118275,1775686866.6666667,15.25,5.28,20.33,0.58,50.81,13.36,21.95,9.18,0.26,0.7429,0.7,1.16,1.44,0.65,0.35,11.74,15.88,364542552,0.1797,0.7189,0.2743,4,0.1797,8.395445193674961,8.061103448275862,11.981666666666667,10.9572,2.995,100.84797114054933,92.84936479128858,186.64274322169064,162.13397129186606,-28.349282296650713,7,Bom,1,1,1,1,0,0,1,1,1,0,0,0,0,,
CSMG3,Companhia de Saneamento d Mns Grs CPS MG,Utilidade Pública,Água e Saneamento,Água e Saneamento,52.86,0.34,52.79,53.65,52.56,52.77,2753900,4264137,61.0,21.78,20145809063,14.82,3.57,4.25,2.68,2.38,15.16,2.51,1.22,62.25,1.41,10.48,5.35,13.54,6.92,3.55,22.65,8612732012.85,1349898394.95,1487873638.3308716,8026218750.1992035,15.68,8.05,8.75,0.49,42.25,46.86,23.95,16.55,0.7,1.3725,3.07,1.57,1.17,0.49,0.51,8.84,12.36,380253069,0.3537,1.4146,0.1638,4,0.3537,42.534324374556604,35.785958620689655,23.576666666666668,43.87799999999999,5.8950000000000005,-19.534006101860378,-32.30049447466959,-55.39790641947282,-16.992054483541445,-88.84790011350738,7,Bom,1,0,1,1,0,1,1,1,0,1,0,0,0,,
CSNA3,Companhia Siderurgica Nacional SA,Materiais Básicos,Siderurgia e Metalurgia,Siderurgia,6.05,2.88,5.97,6.17,5.95,5.9,7007800,10662180,11.32,5.66,1627524006,0.0,-1.51,0.0,41.94,0.89,8.11,0.28,0.13,1.57,0.19,2.27,1.55,8.53,5.83,1.17,10.66,14136161475.02,1551529917.99,190800000.70339978,5812585735.714285,11.0,1.54,6.52,0.45,27.54,17.87,12.21,3.42,2.45,17.5,6.26,4.27,1.32,0.83,0.14,11.42,0.0,1326093947,0.6344,2.5375,0.5505,4,0.6344,16.751850644033333,3.0177931034482763,42.29166666666667,0.0,10.573333333333332,176.89009328980714,-50.119122257053284,599.0358126721765,0.0,74.76584022038566,5,Regular,1,1,0,1,0,0,1,0,0,1,0,0,0,,
CSRN3,#N/A,Utilidade Pública,Energia Elétrica,Energia Elétrica,0.0,0.0,0.0,0.0,0.0,0.0,0,0,0.0,0.0,0,0.0,0.0,0.0,0.0,1.19,3.44,0.55,0.36,9.63,0.46,2.16,1.87,4.64,4.03,3.95,11.45,0.0,0.0,0.0,0.0,34.54,10.32,21.05,0.65,30.22,29.19,25.36,15.9,1.36,4.5333,2.48,2.15,1.2,0.7,0.3,7.94,19.34,0,0.4097,1.6389,0.0863,4,0.4097,31.900137147040606,46.146896551724154,27.315,76.393,6.828333333333334,0.0,0.0,0.0,0.0,0.0,7,Bom,1,0,1,1,0,1,1,1,1,0,0,0,0,,
CSRN5,#N/A,Utilidade Pública,Energia Elétrica,Energia Elétrica,0.0,0.0,0.0,0.0,0.0,0.0,0,0,0.0,0.0,0,0.0,0.0,0.0,0.0,1.32,3.82,0.61,0.39,10.7,0.51,2.39,2.08,4.64,4.03,3.95,11.45,0.0,0.0,0.0,0.0,34.54,10.32,21.05,0.65,30.22,29.19,25.36,15.9,1.36,4.5333,2.48,2.15,1.2,0.7,0.3,7.94,19.34,0,0.4507,1.8028,0.0949,4,0.4507,31.900137147040606,46.146896551724154,30.046666666666667,76.393,7.511666666666667,0.0,0.0,0.0,0.0,0.0,7,Bom,1,0,1,1,0,1,1,1,1,0,0,0,0,,
CSRN6,#N/A,Utilidade Pública,Energia Elétrica,Energia Elétrica,0.0,0.0,0.0,0.0,0.0,0.0,0,0,0.0,0.0,0,0.0,0.0,0.0,0.0,1.35,3.92,0.62,0.4,10.98,0.52,2.46,2.14,4.64,4.03,3.95,11.45,0.0,0.0,0.0,0.0,34.54,10.32,21.05,0.65,30.22,29.19,25.36,15.9,1.36,4.5333,2.48,2.15,1.2,0.7,0.3,7.94,19.34,0,0.6682,2.6729,1.0442,4,0.6682,31.900137147040606,46.146896551724154,44.54833333333333,76.393,11.136666666666667,0.0,0.0,0.0,0.0,0.0,7,Bom,1,0,1,1,0,1,1,1,1,0,0,0,0,,
CSUD3,CSU Digital SA,Bens Industriais,Serviços,Serviços Diversos,17.54,4.84,16.82,17.51,16.82,16.75,43700,140567,19.8,15.02,734007977,7.11,2.47,14.88,12.44,1.54,8.31,1.29,1.05,17.11,1.54,6.22,3.08,5.81,2.88,2.25,12.19,509542000.0,94050000.0,126335280.03442341,568998431.7829458,18.49,12.63,13.85,0.81,41.64,41.98,20.82,15.58,0.1,0.1471,0.41,0.2,1.24,0.32,0.68,5.53,28.57,41800000,0.5454,2.1815,0.6288,4,0.5454,24.841874929239943,26.28620689655173,36.35833333333334,64.2825,9.09,41.62984566271348,49.864349467227655,107.28810338274425,266.4908779931585,-48.175598631698975,8,Bom,1,1,1,1,0,1,1,1,1,0,0,0,0,,
CTAX3,Contax Participacoes SA em Recpraca Jdcl,Bens Industriais,Serviços,Serviços Diversos,0.57,-6.56,0.57,0.57,0.57,0.61,100,11227,1.29,0.51,15398481,0.0,-1.29,0.0,466.6,0.28,0.19,0.06,0.02,0.08,0.03,2.99,0.05,19.95,0.31,4.83,3.33,88945485.48,129011019.48,771853.6842105263,256641350.0,144.99,11.36,3.01,0.38,16.15,122.77,1.89,29.79,1.56,19.5,16.96,0.26,0.38,0.92,0.08,15.5,0.0,26710356,0.6649,2.6596,0.2283,4,0.6649,19.023347497220357,12.458068965517244,44.32666666666667,0.0,11.081666666666667,3237.429385477256,2085.626134301271,7676.608187134504,0.0,1844.152046783626,6,Regular,1,1,1,1,1,1,0,0,0,0,0,0,0,,
CTCA3,CTC Centro de Tecnologia Canavieira SA,Consumo não Cíclico,Agropecuária,Agricultura,0.0,0.0,0.0,0.0,0.0,0.0,0,0,0.0,0.0,0,0.0,0.68,0.0,0.0,0.0,0.0,0.0,0.0,0.0,0.0,0.0,0.0,2.85,0.0,0.65,3.51,1125825480.0,208486200.0,0.0,0.0,18.55,14.43,10.0,0.31,66.76,0.0,35.31,45.88,0.41,0.5256,2.85,0.0,5.53,0.22,0.78,11.54,60.86,320748000,0.1122,0.4487,0.1564,4,0.1122,7.164757497640796,7.593793103448278,7.4783333333333335,39.559,1.8699999999999999,0.0,0.0,0.0,0.0,0.0,4,Fraco,1,0,0,0,0,1,1,1,0,0,0,0,0,,
CTKA3,Karsten SA,Consumo Cíclico,Tecidos. Vestuário e Calçados,Fios e Tecidos,46.95,0.0,0.0,0.0,0.0,46.95,0,0,50.0,31.0,254275396,4.73,9.92,0.0,7.32,5.75,2.81,0.41,0.43,1.35,1.28,3.43,2.29,7.24,4.83,17.81,8.69,25013330.759999998,51264375.239999995,35120911.04972376,620183892.6829269,204.93,15.25,14.07,1.04,46.03,17.96,11.99,14.68,6.5,92.8571,3.88,2.59,1.91,0.93,0.07,15.69,0.0,2878404,0.8595,3.4381,0.1678,4,0.8595,59.01101803900691,45.93751724137932,57.30166666666667,0.0,14.325000000000001,25.689069305659018,-2.156512797914132,22.04827831025914,0.0,-69.4888178913738,6,Regular,1,1,0,1,0,1,1,0,1,0,0,0,0,,
CTKA4,Karsten SA Preference Shares,Consumo Cíclico,Tecidos. Vestuário e Calçados,Fios e Tecidos,35.82,-0.03,35.82,35.82,35.82,35.83,100,1360,49.97,31.0,254275396,3.61,9.92,0.0,10.56,5.52,2.69,0.4,0.41,1.3,1.23,3.3,2.2,7.24,4.83,17.81,8.69,28911377.99,59253353.51,35120911.04972376,635688490.0,204.93,15.25,14.07,1.04,46.03,17.96,11.99,14.68,6.5,92.8571,3.88,2.59,1.91,0.93,0.07,15.69,0.0,3326971,0.9455,3.782,0.1846,4,0.9455,59.01101803900691,45.93751724137932,63.03333333333334,0.0,15.758333333333335,64.7432106058261,28.245441768228137,75.97245486692724,0.0,-56.0068862832682,6,Regular,1,1,0,1,0,1,1,0,1,0,0,0,0,,
CTNM3,#N/A,Consumo Cíclico,Tecidos. Vestuário e Calçados,Fios e Tecidos,0.0,0.0,0.0,0.0,0.0,0.0,0,0,0.0,0.0,0,0.0,0.0,0.0,0.0,0.56,0.54,0.4,0.07,0.15,0.09,0.46,0.55,2.74,3.27,13.27,12.84,0.0,0.0,0.0,0.0,103.41,13.26,89.33,0.18,10.28,73.13,87.29,74.24,0.0,0.0,2.5,2.98,0.29,1.23,0.13,15.32,0.0,0,2.0338,8.1351,0.0059,4,2.0338,61.91690399236706,34.22744827586207,135.585,0.0,33.89666666666667,0.0,0.0,0.0,0.0,0.0,5,Regular,1,0,0,1,1,1,0,0,1,0,0,0,0,,
CTNM4,#N/A,Consumo Cíclico,Tecidos. Vestuário e Calçados,Fios e Tecidos,0.0,0.0,0.0,0.0,0.0,0.0,0,0,0.0,0.0,0,0.0,0.0,0.0,0.0,0.07,0.06,0.05,0.01,0.02,0.01,0.06,0.07,2.74,3.27,13.27,12.84,0.0,0.0,0.0,0.0,103.41,13.26,89.33,0.18,10.28,73.13,87.29,74.24,0.0,0.0,2.5,2.98,0.29,1.23,0.13,15.32,0.0,0,2.0338,8.1351,0.0059,4,2.0338,61.91690399236706,34.22744827586207,135.585,0.0,33.89666666666667,0.0,0.0,0.0,0.0,0.0,5,Regular,1,0,0,1,1,1,0,0,1,0,0,0,0,,
CTSA3,Companhia Tecidos Santanense,Consumo Cíclico,Tecidos. Vestuário e Calçados,Fios e Tecidos,2.0,0.0,0.0,0.0,0.0,2.0,0,137,4.3,2.0,10792726,0.0,0.0,0.0,6587.0,0.13,0.15,0.28,0.03,0.09,0.03,0.2,0.27,2.52,3.49,18.07,20.51,48763940.190000005,42962671.83,4282827.777777778,38545450.0,88.09,19.38,25.55,0.1,72.76,101.51,140.51,191.17,1.5,6.8182,2.32,3.21,0.33,0.78,0.22,25.55,0.0,2377569,32.935,131.74,1.948,4,32.935,91.31732174127754,46.60813793103449,2195.666666666667,0.0,548.9166666666667,4465.866087063877,2230.4068965517245,109683.33333333334,0.0,27345.833333333336,6,Regular,1,1,0,1,1,1,0,0,1,0,0,0,0,,
CTSA4,Companhia Tecidos Santanense Preference Shares,Consumo Cíclico,Tecidos. Vestuário e Calçados,Fios e Tecidos,1.29,0.0,0.0,0.0,0.0,1.29,0,727,2.8,1.07,10792726,0.0,0.0,0.0,2804.62,0.1,0.11,0.21,0.02,0.06,0.03,0.15,0.21,2.52,3.49,18.07,20.51,93907619.26,82735771.82000001,4282827.777777778,51393933.333333336,88.09,19.38,25.55,0.1,72.76,101.51,140.51,191.17,1.5,6.8182,2.32,3.21,0.33,0.78,0.22,25.55,0.0,4578626,9.0449,36.1796,0.487,4,9.0449,91.31732174127754,46.60813793103449,602.9933333333333,0.0,150.74833333333333,6978.86215048663,3513.0339481422084,46643.669250645995,0.0,11585.917312661499,6,Regular,1,1,0,1,1,1,0,0,1,0,0,0,0,,
CTSA8,#N/A,Consumo Cíclico,Tecidos. Vestuário e Calçados,Fios e Tecidos,0.0,0.0,0.0,0.0,0.0,0.0,0,0,0.0,0.0,0,0.0,0.0,0.0,0.0,0.0,0.0,0.0,0.0,0.0,0.0,0.0,0.0,2.52,3.49,18.07,20.51,0.0,0.0,0.0,0.0,88.09,19.38,25.55,0.1,72.76,101.51,140.51,191.17,1.5,6.8182,2.32,3.21,0.33,0.78,0.22,25.55,0.0,0,0.5653,2.2612,0.0304,4,0.5653,91.31732174127754,46.60813793103449,37.68666666666667,0.0,9.421666666666667,0.0,0.0,0.0,0.0,0.0,3,Fraco,1,0,0,0,0,1,0,0,1,0,0,0,0,,
CURY3,Cury Construtora E Incorporadora SA,Consumo Cíclico,Construção Civil,Incorporações,30.91,7.73,28.98,30.98,28.93,28.84,2164400,5019434,41.05,24.68,9649003695,8.69,3.58,12.97,12.48,8.56,13.61,2.37,2.11,6.97,5.33,10.32,0.0,9.93,0.0,2.83,4.5,1386214173.0,871774691.02,971702285.4984895,4071309575.949367,62.9,15.47,34.56,0.89,39.45,0.0,22.92,17.37,0.33,1.32,0.39,0.0,2.0,0.71,0.25,30.96,40.32,308047594,0.9641,3.8563,0.4545,4,0.9641,16.927418586423627,33.06220689655173,64.27166666666668,114.10560000000001,16.06833333333333,-45.23643291354375,6.962817523622544,107.93162946187861,269.1543189906179,-48.01574463496172,8,Bom,1,1,0,1,0,1,1,1,1,1,0,0,0,,
CVCB3,CVC Brasil Operadora e Agencia d Vgns SA,Consumo Cíclico,Viagens e Lazer,Viagens e Turismo,1.84,3.93,1.79,1.85,1.77,1.78,6659900,17819173,2.79,1.64,978113657,0.0,-0.45,0.0,51.28,2.62,17.71,0.89,0.37,2.75,0.85,7.21,2.52,7.97,2.79,0.14,0.96,504567453.12,73582753.58000001,122724423.71392722,1099004108.988764,14.79,2.08,18.78,0.42,96.57,35.17,12.3,5.0,0.28,2.0,0.76,0.27,0.81,0.86,0.14,4.2,0.0,525591097,0.2359,0.9436,0.4174,4,0.2359,1.7389652095427326,0.36110344827586216,15.726666666666667,0.0,3.9316666666666666,-5.491021220503668,-80.37481259370315,754.7101449275362,0.0,113.67753623188406,6,Regular,1,1,1,1,0,0,0,0,1,1,0,0,0,,
CXSE3,Caixa Seguridade Participacoes SA,Financeiro e Outros,Previdência e Seguros,Corretoras de Seguros,17.98,2.4,17.57,17.99,17.56,17.53,1261400,4126393,19.76,12.39,54494301062,12.28,1.46,7.15,7.29,4.04,12.43,0.0,3.73,66.0,4.3,11.39,0.0,11.17,0.0,1.46,4.5,13500000000.0,4380000000.0,4878630354.700089,0.0,32.48,29.99,31.0,0.0,0.0,0.0,0.0,0.0,0.08,0.087,0.23,0.0,1.75,0.08,0.92,0.0,23.35,3000000000,0.3275,1.31,0.33,4,0.3275,12.158330477495667,17.0568275862069,21.833333333333336,34.091,5.458333333333334,-32.378584663539115,-5.134440566146275,21.43121987393401,89.60511679644048,-69.6421950315165,7,Bom,1,1,0,1,0,0,1,1,1,1,0,0,0,,
CYRE3,Cyrela Brazil Realty SA Emprdts e Prtpcs,Consumo Cíclico,Construção Civil,Incorporações,22.14,3.46,21.59,22.35,21.44,21.4,2978900,7222370,36.02,20.2,10107721066,4.39,5.05,12.2,21.36,1.36,7.81,1.64,0.57,1.37,1.36,6.62,8.28,8.15,10.2,3.99,22.84,8770560000.0,1532160000.0,1240211173.7423313,6163244552.439025,17.45,7.3,10.25,0.35,32.51,19.75,24.72,20.95,0.32,0.7619,1.53,1.92,3.51,0.54,0.42,15.17,34.36,384000000,1.1823,4.7292,2.7299,4,1.1823,45.28201629786377,46.614206896551735,78.82,137.09640000000002,19.705,104.52581887020673,110.54293991215778,256.00722673893404,519.2249322493226,-10.998193315266496,9,Excelente,1,1,1,1,0,1,1,1,1,1,0,0,0,,
DASA3,Diagnosticos da America SA,Saúde,Serv.Méd.Hospit..Análises e Diagnósticos,Serv.Méd.Hospit..Análises e Diagnósticos,3.01,0.0,3.03,3.04,2.81,3.0,1817200,1633057,4.77,1.18,3820641147,0.0,-0.83,0.0,41.43,0.68,5.15,0.42,0.25,4.35,0.36,4.19,1.62,8.82,3.41,0.82,6.23,7818693909.040001,1029105779.3599999,433179268.36734694,9096764635.714287,13.14,4.87,4.58,0.6,28.6,26.03,10.06,8.18,0.75,2.027,4.63,1.79,1.23,0.63,0.37,28.55,0.0,1255007048,0.3118,1.247,0.3012,4,0.3118,10.721170645036857,2.115034482758621,20.783333333333335,0.0,5.196666666666667,256.18507126368297,-29.733073662504278,590.4761904761905,0.0,72.64673311184943,6,Regular,1,1,1,1,0,0,1,0,0,1,0,0,0,,
DESK3,Desktop SA,Comunicações,Telecomunicações,Telecomunicações,17.7,1.49,17.46,17.77,17.46,17.49,128600,569037,18.71,7.46,2054720131,33.41,0.53,0.87,1.14,1.33,25.42,1.56,0.5,13.81,0.6,5.16,2.74,8.29,4.41,0.63,12.09,1405066467.87,73216863.09,247855263.08805794,1317128289.102564,5.22,1.96,11.49,0.32,61.1,56.73,30.18,6.12,0.8,2.1053,3.13,1.66,1.26,0.62,0.38,0.0,0.0,116217243,0.0503,0.2011,0.1024,4,0.0503,13.09105610712902,1.6249655172413797,3.351666666666667,0.0,0.8383333333333334,-26.039231033169376,-90.81940385739334,-81.06403013182674,0.0,-95.26365348399246,4,Fraco,0,0,1,1,0,0,1,0,1,0,0,0,0,,
DEXP3,Dexxos Participacoes SA,Materiais Básicos,Químicos,Petroquímicos,7.14,-0.7,7.21,7.21,7.07,7.19,79500,131653,8.15,6.41,841157672,6.19,1.15,12.59,20.63,0.88,5.89,0.42,0.57,1.24,1.62,3.91,3.42,3.56,3.11,1.27,8.46,985430842.0200001,147931107.49,236280244.9438202,2002756361.904762,15.0,9.7,12.78,1.37,15.81,12.19,10.66,7.08,0.08,0.1231,0.35,0.31,3.48,0.35,0.65,17.81,44.31,116481187,0.3683,1.4732,0.5585,4,0.3683,15.54813493638385,14.837103448275865,24.553333333333335,56.273700000000005,6.138333333333334,117.7609935067766,107.80256930358357,243.8842203548086,688.1470588235295,-14.028944911297843,7,Bom,1,1,1,1,0,0,1,1,1,0,0,0,0,,
DEXP4,Dexxos Participacoes SA Preference Shares,Materiais Básicos,Químicos,Petroquímicos,7.12,0.28,7.11,7.12,7.11,7.1,200,2510,8.49,6.38,842335791,6.17,1.15,9.4,20.08,0.87,5.83,0.41,0.57,1.23,1.6,3.87,3.38,3.56,3.11,1.27,8.46,54933148.800000004,8246465.600000001,236611177.247191,2054477539.0243905,15.0,9.7,12.78,1.37,15.81,12.19,10.66,7.08,0.08,0.1231,0.35,0.31,3.48,0.35,0.65,17.81,44.31,6493280,0.3574,1.4295,0.5729,4,0.3574,15.54813493638385,14.837103448275865,23.825,56.273700000000005,5.956666666666667,118.37268169078439,108.38628438589699,234.6207865168539,690.3609550561799,-16.338951310861418,7,Bom,1,1,1,1,0,0,1,1,1,0,0,0,0,,
DIRR3,Direcional Engenharia SA,Consumo Cíclico,Construção Civil,Incorporações,13.19,5.53,12.57,13.25,12.54,12.48,2521900,7856323,17.26,10.68,6964726871,8.34,1.59,14.02,21.18,3.36,10.84,2.04,0.66,1.97,1.21,8.82,7.98,9.05,8.19,1.46,4.7,2446350000.0,759930000.0,769583079.6685082,3414081799.509804,31.05,6.12,15.67,0.33,38.74,25.51,23.09,18.79,0.09,0.45,0.23,0.21,3.93,0.78,0.2,18.09,49.86,520500000,0.6983,2.7933,1.55,4,0.6983,12.425578457359642,17.0568275862069,46.555,72.7956,11.638333333333334,-5.795462794847293,29.31635774228128,252.95678544351782,451.8999241849886,-11.763962597927717,9,Excelente,1,1,1,1,0,1,1,1,1,1,0,0,0,,
DMMO11,#N/A,Petróleo. Gás e Biocombustíveis,Petróleo. Gás e Biocombustíveis,Exploração. Refino e Distribuição,0.0,0.0,0.0,0.0,0.0,0.0,0,0,0.0,0.0,0,0.0,0.0,0.0,0.0,0.08,0.6,0.02,0.0,0.91,0.0,0.49,0.0,2.52,0.0,0.57,4.29,0.0,0.0,0.0,0.0,13.29,0.62,0.0,0.16,45.67,0.0,4.75,3.87,0.0,0.0,0.0,0.0,0.0,0.95,0.05,51.46,0.0,0,0.0,0.0,0.0,0,0.0,7.417496208290234,1.4702068965517243,0.0,0.0,0.0,0.0,0.0,0.0,0.0,0.0,3,Fraco,1,0,0,1,1,0,0,0,0,0,0,0,0,,
DMMO3,#N/A,Petróleo. Gás e Biocombustíveis,Petróleo. Gás e Biocombustíveis,Exploração. Refino e Distribuição,0.0,0.0,0.0,0.0,0.0,0.0,0,0,0.0,0.0,0,0.0,0.0,0.0,0.0,0.41,3.09,0.12,0.02,4.72,0.02,2.52,0.0,2.52,0.0,0.57,4.29,0.0,0.0,0.0,0.0,13.29,0.62,0.0,0.16,45.67,0.0,4.75,3.87,0.0,0.0,0.0,0.0,0.0,0.95,0.05,51.46,0.0,0,0.0,0.0,0.0,0,0.0,7.417496208290234,1.4702068965517243,0.0,0.0,0.0,0.0,0.0,0.0,0.0,0.0,2,Pessimo,1,0,0,1,0,0,0,0,0,0,0,0,0,,
DMVF3,D1000 Varejo Farma Participacoes SA,Saúde,Comércio e Distribuição,Medicamentos e Outros Produtos,5.89,1.55,5.88,5.94,5.8,5.8,17500,107193,7.5,4.28,300425361,12.55,0.47,0.0,0.0,0.38,20.69,0.13,0.18,9.08,0.26,5.04,3.73,5.31,3.93,0.33,17.98,909839099.16,16698937.860000001,56577280.79096045,2310964315.3846154,1.83,0.86,6.67,1.34,28.13,3.56,2.63,0.64,0.02,0.0426,0.27,0.2,1.06,0.53,0.47,353.03,0.0,50602842,0.0,0.0,0.0,0,0.0,11.554284919457372,0.8511724137931036,0.0,0.0,0.0,96.16782545768035,-85.54885545342778,0.0,0.0,0.0,3,Fraco,0,0,1,1,0,0,1,0,0,0,0,0,0,,
DOHL3,Dohler SA,Consumo Cíclico,Tecidos. Vestuário e Calçados,Fios e Tecidos,6.51,0.51,0.0,0.0,0.0,6.48,0,0,6.48,6.0,439059100,48.08,0.14,0.15,4.55,0.71,89.8,0.8,0.49,1.07,1.14,59.15,34.79,58.76,34.56,0.07,9.14,497835874.8,3812747.4000000004,7472074.540503744,548823875.0,0.79,0.55,1.03,0.62,18.5,2.3,1.35,0.89,0.08,0.1159,6.6,3.88,5.27,0.31,0.69,4.67,29.67,54467820,0.074,0.296,0.01,4,0.074,3.794140218811108,0.817793103448276,4.933333333333334,2.0769,1.2333333333333334,-41.71827620873874,-87.43789395624768,-24.219150025601632,-68.09677419354838,-81.0547875064004,3,Fraco,0,0,0,1,0,0,1,1,0,0,0,0,0,,
DOHL4,Dohler SA Preference Shares,Consumo Cíclico,Tecidos. Vestuário e Calçados,Fios e Tecidos,3.84,0.0,0.0,0.0,0.0,3.84,0,3458,4.31,3.2,439059100,28.36,0.14,0.27,8.45,0.41,51.86,0.46,0.29,0.62,0.66,34.17,20.1,58.76,34.56,0.07,9.14,193562030.10000002,1482422.55,7472074.540503744,954476304.347826,0.79,0.55,1.03,0.62,18.5,2.3,1.35,0.89,0.08,0.1159,6.6,3.88,5.27,0.31,0.69,4.67,29.67,21177465,0.0811,0.3246,0.01,4,0.0811,3.794140218811108,0.817793103448276,5.41,2.0769,1.3516666666666668,-1.194265135127393,-78.70330459770113,40.88541666666667,-45.91406249999999,-64.80034722222221,3,Fraco,0,0,0,1,0,0,1,1,0,0,0,0,0,,
DOTZ3,Dotz SA,Tecnologia da Informação,Programas e Serviços,Programas e Serviços,3.78,-3.08,3.86,4.0,3.75,3.9,10500,23900,9.38,2.65,50357046,6.82,0.55,0.0,0.0,0.18,15.76,0.24,0.2,0.25,0.35,1.92,0.0,5.02,0.0,0.21,18.67,248721329.26000002,2797615.38,10031284.06374502,209821025.0,1.13,1.26,11.09,0.84,83.0,0.0,12.29,1.49,0.0,0.0,3.1,0.0,0.35,2.11,1.11,3.9,0.0,13321978,0.0,0.0,0.0,0,0.0,9.392323993559847,0.5416551724137931,0.0,0.0,0.0,148.4741797238055,-85.6704980842912,0.0,0.0,0.0,2,Pessimo,0,0,0,1,0,0,0,0,1,0,0,0,0,,
DTCY3,Dtcom Direct to Company S/A,Bens Industriais,Serviços,Serviços Diversos,2.5,0.0,0.0,0.0,0.0,2.5,0,100,4.0,2.5,27005620,0.0,-0.03,0.0,0.0,24.75,186.65,3.7,4.19,9.59,135.45,246.86,33.02,435.18,58.21,0.01,0.11,1174852.36,106804.76000000001,62056.20662714279,7298816.216216216,13.26,2.24,10.02,1.13,29.74,11.21,1.5,1.98,2.93,17.2353,29.19,3.91,1.82,0.83,0.17,12.65,0.0,10680476,0.0,0.0,0.0,0,0.0,0.15732132722552272,0.02579310344827587,0.0,0.0,0.0,-93.70714691097909,-98.96827586206896,0.0,0.0,0.0,3,Fraco,1,0,0,0,0,0,1,0,1,0,0,0,0,,
DTCY4,Dtcom Direct to Company S/A Preference Shares,Bens Industriais,Serviços,Serviços Diversos,0.0,0.0,0.0,0.0,0.0,0.0,0,0,0.0,0.0,27005620,0.0,-0.03,0.0,0.0,563.31,4248.83,84.25,95.35,218.37,3083.22,5619.43,751.68,435.18,58.21,0.01,0.11,49572.05,4506.55,62056.20662714279,320541.4836795252,13.26,2.24,10.02,1.13,29.74,11.21,1.5,1.98,2.93,17.2353,29.19,3.91,1.82,0.83,0.17,12.65,0.0,450655,0.0,0.0,0.0,0,0.0,0.15732132722552272,0.02579310344827587,0.0,0.0,0.0,0.0,0.0,0.0,0.0,0.0,3,Fraco,1,0,0,0,0,0,1,0,1,0,0,0,0,,
DTEX3,#N/A,Materiais Básicos,Madeira e Papel,Madeira,0.0,0.0,0.0,0.0,0.0,0.0,0,0,0.0,0.0,0,0.0,0.0,0.0,0.0,1.94,8.08,1.5,0.94,6.19,-1.48,6.09,4.38,6.97,5.02,1.9,7.9,0.0,0.0,0.0,0.0,24.04,11.6,14.88,0.63,34.51,34.11,24.57,18.51,0.28,0.5833,0.89,0.64,1.7,0.52,0.48,8.21,51.12,0,0.0,0.0,0.0,0,0.0,18.377295774950134,22.197241379310345,0.0,97.12799999999999,0.0,0.0,0.0,0.0,0.0,0.0,7,Bom,1,0,1,1,0,1,1,1,1,0,0,0,0,,
DXCO3,Dexco SA,Materiais Básicos,Madeira e Papel,Madeira,4.9,3.82,4.74,4.92,4.7,4.71,1017800,2938760,6.22,4.43,4503267177,0.0,-0.05,0.13,6.95,0.76,46.22,0.63,0.29,3.91,0.41,6.65,2.56,13.25,5.11,0.12,7.34,6745710998.64,110284103.52,339869220.9056604,7148043138.095238,1.65,0.62,3.71,0.46,23.52,24.41,9.4,1.35,0.76,2.0541,6.6,2.54,1.33,0.61,0.37,10.44,22.81,919034196,0.0851,0.3404,0.0462,4,0.0851,4.451741232371891,1.401931034482759,5.673333333333333,2.7371999999999996,1.4183333333333332,-9.148138114859378,-71.38916256157634,15.78231292517005,-44.13877551020409,-71.05442176870748,4,Fraco,0,0,0,1,0,0,1,1,0,1,0,0,0,,
EALT3,Electro Aco Altona SA,Bens Industriais,Máquinas e Equipamentos,Máq. e Equip. Industriais,13.5,0.0,13.5,13.5,13.5,13.5,200,602,14.77,11.26,305716005,5.23,2.58,4.82,0.61,0.88,2.98,0.54,0.5,5.37,0.82,3.85,2.95,4.92,3.76,4.71,15.84,154440000.0,45922500.0,62137399.3902439,566140750.0,29.71,16.76,11.99,0.92,22.97,18.47,14.12,18.28,0.23,0.4107,1.01,0.77,1.31,0.44,0.56,13.53,44.42,9750000,0.0206,0.0824,0.0093,4,0.0206,40.971258218414526,55.02579310344829,1.3733333333333333,209.2182,0.3433333333333333,203.4908016178854,307.59846743295026,-89.82716049382717,1449.7644444444445,-97.45679012345678,7,Bom,1,0,1,1,0,1,1,1,1,0,0,0,0,,
EALT4,Electro Aco Altona SA Preference Shares,Bens Industriais,Máquinas e Equipamentos,Máq. e Equip. Industriais,12.97,2.05,12.75,12.97,12.71,12.71,2000,10492,14.58,9.75,305716005,5.02,2.58,5.18,0.7,0.91,3.05,0.56,0.51,5.5,0.84,3.95,3.02,4.92,3.76,4.71,15.84,201960000.0,60052500.0,62137399.3902439,545921437.5,29.71,16.76,11.99,0.92,22.97,18.47,14.12,18.28,0.23,0.4107,1.01,0.77,1.31,0.44,0.56,13.53,44.42,12750000,0.0227,0.0906,0.0103,4,0.0227,40.971258218414526,55.02579310344829,1.51,209.2182,0.37833333333333335,215.89250746657305,324.25438013452805,-88.35774865073246,1513.0932922127986,-97.08301207915703,7,Bom,1,0,1,1,0,1,1,1,1,0,0,0,0,,
ECOR3,Ecorodovias Infraestrutura e Logistca SA,Bens Industriais,Transporte,Exploração de Rodovias,8.0,5.54,7.64,8.1,7.63,7.58,2667000,6660531,11.93,5.28,5606016290,7.62,1.05,2.83,7.43,1.81,8.23,0.69,0.22,4.31,0.25,1.85,1.68,6.89,6.25,1.33,6.04,4205858712.96,926124517.9200001,813645325.1088535,8124661289.855073,21.93,2.63,11.35,0.31,39.37,41.4,37.58,8.44,4.92,41.0,5.04,4.57,1.51,0.87,0.12,20.09,0.0,696334224,0.1487,0.5946,0.3087,4,0.1487,13.444218088085302,3.4304827586206903,9.91,0.0,2.4783333333333335,68.05272610106627,-57.11896551724137,23.875,0.0,-69.02083333333333,5,Regular,1,0,0,1,0,0,1,0,1,1,0,0,0,,
ECPR3,#N/A,Consumo Cíclico,Tecidos. Vestuário e Calçados,Fios e Tecidos,0.0,0.0,0.0,0.0,0.0,0.0,0,0,0.0,0.0,0,0.0,0.0,0.0,0.0,1.21,9.87,0.0,0.62,174.62,0.62,17.12,0.0,17.09,0.0,9.14,74.46,0.0,0.0,0.0,0.0,12.28,6.29,7.36,0.0,0.0,0.0,0.0,0.0,0.01,0.0196,0.08,0.0,2.97,0.49,0.51,0.0,0.0,0,7.4286,29.7146,2.0126,4,7.4286,123.74449078645885,23.57489655172414,495.24333333333334,0.0,123.81000000000002,0.0,0.0,0.0,0.0,0.0,3,Fraco,1,0,0,1,0,0,1,0,0,0,0,0,0,,
ECPR4,#N/A,Consumo Cíclico,Tecidos. Vestuário e Calçados,Fios e Tecidos,0.0,0.0,0.0,0.0,0.0,0.0,0,0,0.0,0.0,0,0.0,0.0,0.0,0.0,1.22,9.92,0.0,0.62,175.57,0.63,17.21,0.0,17.09,0.0,9.14,74.46,0.0,0.0,0.0,0.0,12.28,6.29,7.36,0.0,0.0,0.0,0.0,0.0,0.01,0.0196,0.08,0.0,2.97,0.49,0.51,0.0,0.0,0,8.1715,32.6861,2.2139,4,8.1715,123.74449078645885,23.57489655172414,544.7683333333334,0.0,136.19166666666666,0.0,0.0,0.0,0.0,0.0,3,Fraco,1,0,0,1,0,0,1,0,0,0,0,0,0,,
EEEL3,#N/A,Utilidade Pública,Energia Elétrica,Energia Elétrica,0.0,0.0,0.0,0.0,0.0,0.0,0,0,0.0,0.0,0,0.0,0.0,0.0,0.0,2.18,12.48,2.85,0.76,18.13,0.92,6.05,5.54,10.3,9.43,23.62,135.31,0.0,0.0,0.0,0.0,17.46,6.06,11.74,0.27,54.48,51.39,47.05,22.8,1.18,3.3714,3.28,3.0,1.31,0.65,0.35,13.69,5.88,0,31.5594,126.2378,5.2901,4,31.5594,268.16133110498987,145.21250206896553,2103.963333333333,138.8856,525.99,0.0,0.0,0.0,0.0,0.0,6,Regular,1,0,0,1,0,1,1,1,1,0,0,0,0,,
EEEL4,#N/A,Utilidade Pública,Energia Elétrica,Energia Elétrica,0.0,0.0,0.0,0.0,0.0,0.0,0,0,0.0,0.0,0,0.0,0.0,0.0,0.0,3.03,17.36,3.96,1.05,25.22,1.28,8.41,7.7,10.3,9.43,23.62,135.31,0.0,0.0,0.0,0.0,17.46,6.06,11.74,0.27,54.48,51.39,47.05,22.8,1.18,3.3714,3.28,3.0,1.31,0.65,0.35,13.69,5.88,0,34.7153,138.8614,5.8191,4,34.7153,268.16133110498987,145.21250206896553,2314.356666666667,138.8856,578.5883333333334,0.0,0.0,0.0,0.0,0.0,6,Regular,1,0,0,1,0,1,1,1,1,0,0,0,0,,
EGIE3,Engie Brasil Energia SA,Utilidade Pública,Energia Elétrica,Energia Elétrica,32.85,3.24,31.85,32.92,31.84,31.77,949400,2630961,38.81,26.72,37917667687,12.36,2.66,5.53,9.76,3.1,12.56,3.0,0.67,61.78,0.79,5.88,4.8,9.64,7.86,2.66,10.77,12302558463.72,3038514903.76,3933368017.3236513,12639222562.333334,24.66,5.37,13.72,0.22,48.47,62.44,50.93,23.87,1.98,9.0,3.76,3.07,1.08,0.76,0.22,2.73,5.61,1142298836,0.8019,3.2076,0.8765,4,0.8019,25.388668732330174,15.917440000000003,53.46,14.922600000000001,13.365,-22.713337192297796,-51.54508371385083,62.73972602739726,-54.573515981735156,-59.31506849315068,7,Bom,1,0,0,1,0,1,1,1,1,1,0,0,0,,
EKTR3,Elektro Redes SA,Utilidade Pública,Energia Elétrica,Energia Elétrica,51.52,0.0,0.0,0.0,0.0,51.52,0,17,51.52,31.48,8782534000,11.15,4.62,9.39,6.75,4.69,10.18,0.97,0.73,38.05,1.02,4.35,3.81,7.17,6.28,4.8,10.42,957399728.24,441028665.59999996,1224900139.4700139,9054158762.886599,46.11,7.16,19.94,0.75,27.36,25.47,22.31,9.53,3.53,22.0625,3.27,2.87,1.07,0.84,0.16,6.61,13.47,91880972,0.8698,3.4793,2.3728,4,0.8698,33.54638579638647,51.62019310344828,57.98833333333333,64.656,14.496666666666668,-34.88667353185857,0.19447419147569214,12.55499482401655,25.49689440993789,-71.86206004140786,6,Regular,1,1,0,1,0,0,1,1,1,0,0,0,0,,
EKTR4,Elektro Redes SA Preference Shares,Utilidade Pública,Energia Elétrica,Energia Elétrica,38.51,-0.67,38.13,38.51,38.13,38.77,300,767,53.61,34.17,8782534000,8.34,4.62,12.9,9.94,3.76,8.16,0.78,0.58,30.52,0.82,3.49,3.05,7.17,6.28,4.8,10.42,1061571813.06,489015806.4,1224900139.4700139,11259658974.358974,46.11,7.16,19.94,0.75,27.36,25.47,22.31,9.53,3.53,22.0625,3.27,2.87,1.07,0.84,0.16,6.61,13.47,101878293,0.9568,3.8273,2.6101,4,0.9568,33.54638579638647,51.62019310344828,63.78833333333334,64.656,15.946666666666667,-12.889156592089149,34.043607123989304,65.6409590582533,67.89405349259935,-58.59084220548776,6,Regular,1,1,0,1,0,0,1,1,1,0,0,0,0,,
ELEK3,#N/A,Materiais Básicos,Químicos,Petroquímicos,0.0,0.0,0.0,0.0,0.0,0.0,0,0,0.0,0.0,0,0.0,0.0,0.0,0.0,2.66,24.46,0.62,1.07,3.75,2.6,21.94,13.57,38.76,23.97,0.78,7.19,0.0,0.0,0.0,0.0,10.87,4.36,4.38,1.72,11.39,4.56,2.82,2.53,0.7,1.75,5.75,3.56,1.94,0.6,0.4,1.48,0.0,0,0.3595,1.438,0.0646,4,0.3595,11.233187437232587,2.0118620689655176,23.966666666666665,0.0,5.991666666666666,0.0,0.0,0.0,0.0,0.0,3,Fraco,1,0,0,1,0,0,1,0,0,0,0,0,0,,
ELEK4,#N/A,Materiais Básicos,Químicos,Petroquímicos,0.0,0.0,0.0,0.0,0.0,0.0,0,0,0.0,0.0,0,0.0,0.0,0.0,0.0,5.15,47.34,1.2,2.07,7.26,5.02,42.48,26.27,38.76,23.97,0.78,7.19,0.0,0.0,0.0,0.0,10.87,4.36,4.38,1.72,11.39,4.56,2.82,2.53,0.7,1.75,5.75,3.56,1.94,0.6,0.4,1.48,0.0,0,0.3595,1.438,0.0646,4,0.3595,11.233187437232587,2.0118620689655176,23.966666666666665,0.0,5.991666666666666,0.0,0.0,0.0,0.0,0.0,3,Fraco,1,0,0,1,0,0,1,0,0,0,0,0,0,,
ELET3,#N/A,Utilidade Pública,Energia Elétrica,Energia Elétrica,0.0,0.0,0.0,0.0,0.0,0.0,0,0,0.0,0.0,0,0.0,0.0,8.92,0.0,1.36,24.7,3.48,0.56,5.92,0.69,31.75,15.66,41.42,20.43,2.06,37.49,0.0,0.0,0.0,0.0,5.5,2.26,1.65,0.16,43.59,22.23,10.97,14.1,0.39,0.9512,9.11,4.49,1.92,0.59,0.41,7.7,0.0,0,0.0,0.0,0.0,0,0.0,41.68526718158348,5.313379310344829,0.0,0.0,0.0,0.0,0.0,0.0,0.0,0.0,4,Fraco,0,1,0,1,0,1,1,0,0,0,0,0,0,,
ELET5,#N/A,Utilidade Pública,Energia Elétrica,Energia Elétrica,0.0,0.0,0.0,0.0,0.0,0.0,0,0,0.0,0.0,0,0.0,0.0,4.23,0.0,2.11,38.31,5.4,0.86,9.19,1.08,49.25,24.29,41.42,20.43,2.06,37.49,0.0,0.0,0.0,0.0,5.5,2.26,1.65,0.16,43.59,22.23,10.97,14.1,0.39,0.9512,9.11,4.49,1.92,0.59,0.41,7.7,0.0,0,0.0,0.0,0.0,0,0.0,41.68526718158348,5.313379310344829,0.0,0.0,0.0,0.0,0.0,0.0,0.0,0.0,3,Fraco,0,0,0,1,0,1,1,0,0,0,0,0,0,,
ELET6,#N/A,Utilidade Pública,Energia Elétrica,Energia Elétrica,0.0,0.0,0.0,0.0,0.0,0.0,0,0,0.0,0.0,0,0.0,0.0,7.65,0.0,1.44,26.15,3.69,0.59,6.27,0.73,33.62,16.58,41.42,20.43,2.06,37.49,0.0,0.0,0.0,0.0,5.5,2.26,1.65,0.16,43.59,22.23,10.97,14.1,0.39,0.9512,9.11,4.49,1.92,0.59,0.41,7.7,0.0,0,0.0,0.0,0.0,0,0.0,41.68526718158348,5.313379310344829,0.0,0.0,0.0,0.0,0.0,0.0,0.0,0.0,4,Fraco,0,1,0,1,0,1,1,0,0,0,0,0,0,,
ELMD3,#N/A,Comunicações,Mídia,Publicidade,0.0,0.0,0.0,0.0,0.0,0.0,0,0,0.0,0.0,0,0.0,0.0,0.64,0.0,4.53,39.74,3.55,1.39,10.24,2.04,14.44,10.37,17.04,12.24,0.78,6.85,0.0,0.0,0.0,0.0,11.4,3.51,9.18,0.39,49.42,34.27,24.62,8.95,0.82,2.6452,2.6,1.87,1.76,0.63,0.31,32.0,51.88,0,0.0217,0.0217,0.0217,1,0.0217,10.964374127144696,9.112551724137933,0.3616666666666667,40.4664,0.3616666666666667,0.0,0.0,0.0,0.0,0.0,5,Regular,1,0,1,1,0,0,1,1,0,0,0,0,0,,
ELPL3,#N/A,Utilidade Pública,Energia Elétrica,Energia Elétrica,0.0,0.0,0.0,0.0,0.0,0.0,0,0,0.0,0.0,0,0.0,0.0,0.0,0.0,0.41,2.65,0.11,0.08,0.56,0.1,0.87,0.63,4.25,3.09,3.14,20.35,0.0,0.0,0.0,0.0,15.42,3.0,16.62,0.7,18.09,18.02,13.1,4.29,1.59,8.3684,3.38,2.46,0.63,0.81,0.19,6.92,3.85,0,0.2646,1.0583,0.126,4,0.2646,37.91737728271828,15.435806896551727,17.638333333333335,12.089,4.41,0.0,0.0,0.0,0.0,0.0,4,Fraco,1,0,1,1,0,0,0,0,1,0,0,0,0,,
EMAE3,EMAE Empresa Metropltn de Agus e Enrg SA,Utilidade Pública,Energia Elétrica,Energia Elétrica,150.0,0.0,0.0,0.0,0.0,150.0,0,0,150.02,150.0,1476421470,17.51,8.57,0.0,1.97,3.57,17.51,8.93,2.27,7.27,3.53,19.95,15.77,9.98,7.89,8.57,41.96,617036486.0,126024849.5,147938023.04609218,165332751.39977604,20.41,12.95,13.06,0.25,51.09,56.65,44.76,51.01,0.32,0.5079,1.78,1.41,7.69,0.37,0.63,7.2,27.86,14705350,0.7385,2.954,0.7631,4,0.7385,89.94963590810138,100.12124137931036,49.23333333333334,238.7602,12.308333333333335,-40.03357606126574,-33.25250574712643,-67.17777777777776,59.17346666666666,-91.79444444444445,7,Bom,1,0,1,1,0,1,1,1,1,0,0,0,0,,
EMAE4,EMAE Empresa Metropltn de Agus e Enrg SA Preference Shares,Utilidade Pública,Energia Elétrica,Energia Elétrica,39.31,-0.48,39.7,39.7,39.15,39.5,1100,12957,50.06,27.33,1468947924,4.59,8.57,0.0,8.27,1.14,5.57,2.84,0.72,2.31,1.12,6.35,5.02,9.98,7.89,8.57,41.96,933261732.0,190611369.0,147189170.74148297,517235184.5070423,20.41,12.95,13.06,0.25,51.09,56.65,44.76,51.01,0.32,0.5079,1.78,1.41,7.69,0.37,0.63,7.2,27.86,22241700,0.8123,3.2494,0.8394,4,0.8123,89.94963590810138,100.12124137931036,54.156666666666666,238.7602,13.538333333333334,128.82125644391093,154.69662014579077,37.76816755702534,507.37776647163565,-65.56007801238023,8,Bom,1,1,1,1,0,1,1,1,1,0,0,0,0,,
EMBR3,#N/A,Bens Industriais,Material de Transporte,Material Aeronáutico e de Defesa,0.0,0.0,0.0,0.0,0.0,0.0,0,0,0.0,0.0,0,0.0,0.0,0.3,0.0,3.74,40.29,1.73,1.07,6.46,2.35,19.19,0.0,19.93,0.0,2.39,25.75,0.0,0.0,0.0,0.0,9.28,2.65,7.38,0.62,18.2,0.0,9.0,4.29,0.14,0.4828,0.74,0.0,1.43,0.69,0.29,27.61,0.0,0,0.0,0.0,0.0,0,0.0,37.21164132365032,6.164551724137932,0.0,0.0,0.0,0.0,0.0,0.0,0.0,0.0,2,Pessimo,0,0,0,1,0,0,1,0,0,0,0,0,0,,
ENAT3,#N/A,Petróleo. Gás e Biocombustíveis,Petróleo. Gás e Biocombustíveis,Exploração. Refino e Distribuição,0.0,0.0,0.0,0.0,0.0,0.0,0,0,0.0,0.0,0,0.0,0.0,0.0,0.0,1.29,10.29,2.61,0.46,1.31,0.85,4.65,0.0,5.12,0.0,2.12,16.91,0.0,0.0,0.0,0.0,12.53,4.43,8.6,0.17,24.54,0.0,56.1,25.34,0.13,0.3714,0.47,0.0,3.9,0.65,0.35,11.74,5.75,0,0.7987,3.1949,0.15,4,0.7987,28.400827452734543,12.866206896551729,53.248333333333335,12.190000000000001,13.311666666666667,0.0,0.0,0.0,0.0,0.0,5,Regular,1,0,0,1,0,1,1,1,0,0,0,0,0,,
ENBR3,#N/A,Utilidade Pública,Energia Elétrica,Energia Elétrica,0.0,0.0,0.0,0.0,0.0,0.0,0,0,0.0,0.0,0,0.0,0.0,0.0,0.0,1.09,6.33,0.72,0.37,14.72,0.52,3.53,0.0,5.79,0.0,3.81,22.16,0.0,0.0,0.0,0.0,17.17,5.81,13.75,0.51,23.96,0.0,20.35,11.34,0.7,2.0588,2.26,0.0,1.09,0.63,0.34,2.76,10.57,0,0.9034,3.6137,1.1506,4,0.9034,43.58515802426326,34.267928275862076,60.22833333333334,40.2717,15.056666666666667,0.0,0.0,0.0,0.0,0.0,6,Regular,1,0,0,1,0,1,1,1,1,0,0,0,0,,
ENEV3,Eneva SA,Utilidade Pública,Energia Elétrica,Energia Elétrica,25.3,4.5,24.57,25.64,24.33,24.21,12545400,11478390,28.12,13.0,49295666377,41.93,0.6,0.0,28.04,2.14,1245.71,2.46,0.78,18.08,0.94,13.98,5.74,19.1,7.85,0.02,10.25,19853979994.5,38739473.160000004,2580924941.2041883,20038888771.13821,0.17,0.06,5.9,0.32,29.97,42.85,17.61,0.2,0.78,2.1667,5.12,2.1,1.34,0.61,0.36,29.41,43.68,1936973658,7.0952,7.0952,7.0952,1,7.0952,2.147673159491453,0.23365517241379316,118.25333333333334,0.8736,118.25333333333334,-91.51117328264247,-99.07646176911544,367.4044795783927,-96.54703557312253,367.4044795783927,6,Regular,0,1,1,1,0,0,1,1,0,1,0,0,0,,
ENGI11,Energisa SA Unit,Utilidade Pública,Energia Elétrica,Energia Elétrica,49.33,3.59,47.7,49.56,47.7,47.62,987900,2918253,59.25,39.17,26804892099,65.35,0.76,7.12,9.33,1.38,7.72,0.71,0.31,4.59,0.4,3.87,3.78,8.67,8.46,6.55,36.7,0.0,0.0,3091683056.401384,37753369153.521126,17.86,3.98,9.76,0.43,25.11,18.86,18.41,9.24,1.71,7.7727,4.8,4.68,1.39,0.73,0.22,11.12,48.61,0,1.1503,4.6012,0.7012,4,1.1503,73.54360951163602,76.52206896551725,76.68666666666668,318.39549999999997,19.17166666666667,49.08495745314418,55.12278322626647,55.456449760118964,545.439894587472,-61.13588755997026,6,Regular,1,1,0,1,0,0,1,1,0,1,0,0,0,,
ENGI3,Energisa SA,Utilidade Pública,Energia Elétrica,Energia Elétrica,12.39,3.68,11.96,12.39,11.95,11.95,2000,6070,14.47,9.19,26804892099,16.38,0.76,4.64,7.91,1.7,9.54,0.88,0.38,5.67,0.5,4.79,4.67,8.67,8.46,1.31,7.34,7163505090.48,1278500227.32,3091683056.401384,30460104657.954544,17.86,3.98,9.76,0.43,25.11,18.86,18.41,9.24,1.71,7.7727,4.8,4.68,1.39,0.73,0.22,11.12,48.61,975954372,0.245,0.98,0.2,4,0.245,14.708721902327204,15.304413793103452,16.333333333333332,63.679100000000005,4.083333333333333,18.71446248851657,23.522306643288545,31.826741996233505,413.95560936238905,-67.04331450094163,4,Fraco,1,0,0,1,0,0,1,1,0,0,0,0,0,,
ENGI4,Energisa SA Preference Shares,Utilidade Pública,Energia Elétrica,Energia Elétrica,9.29,4.38,8.9,9.29,8.85,8.9,3500,9980,11.5,7.17,26804892099,12.28,0.76,6.08,9.9,1.3,7.28,0.67,0.29,4.33,0.38,3.65,3.57,8.67,8.46,1.31,7.34,11321309643.72,2020560712.98,3091683056.401384,40007301640.29851,17.86,3.98,9.76,0.43,25.11,18.86,18.41,9.24,1.71,7.7727,4.8,4.68,1.39,0.73,0.22,11.12,48.61,1542412758,0.23,0.92,0.2,4,0.23,14.708721902327204,15.304413793103452,15.333333333333334,63.679100000000005,3.8333333333333335,58.32854577316691,64.7407297427713,65.0520272694654,585.4585575888053,-58.73699318263365,5,Regular,1,1,0,1,0,0,1,1,0,0,0,0,0,,
ENJU3,Enjoei SA,Tecnologia da Informação,Programas e Serviços,Programas e Serviços,1.08,0.93,1.07,1.1,1.07,1.07,126900,529233,1.39,0.85,223943948,0.0,-0.09,0.0,0.0,0.7,10.41,0.8,0.49,1.32,1.22,7.44,6.65,0.13,0.11,0.1,1.48,303426625.2,20501799.0,1722645753.8461537,279929935.0,6.74,4.69,10.0,0.61,55.9,11.99,10.71,7.66,0.69,0.9857,7.31,6.53,2.6,0.3,0.7,37.65,0.0,205017990,0.0,0.0,0.0,0,0.0,1.8248287590894658,0.25793103448275867,0.0,0.0,0.0,68.9656258416172,-76.11749680715198,0.0,0.0,0.0,2,Pessimo,0,0,0,1,0,0,1,0,0,0,0,0,0,,
ENMA3B,#N/A,Utilidade Pública,Energia Elétrica,Energia Elétrica,0.0,0.0,0.0,0.0,0.0,0.0,0,0,0.0,0.0,0,0.0,0.0,0.0,0.0,1.91,11.09,1.24,0.72,13.67,0.96,7.27,5.58,0.0,0.0,4.55,26.4,0.0,0.0,0.0,0.0,17.24,6.47,12.94,0.58,28.08,22.19,17.01,11.15,0.74,1.9474,2.82,2.16,1.26,0.62,0.38,10.37,2.92,0,2.0325,8.13,2.79,4,2.0325,51.98749849723489,19.799089655172416,135.50000000000003,13.286,33.87500000000001,0.0,0.0,0.0,0.0,0.0,6,Regular,1,0,1,1,0,1,1,0,1,0,0,0,0,,
ENMA6B,#N/A,Utilidade Pública,Energia Elétrica,Energia Elétrica,0.0,0.0,0.0,0.0,0.0,0.0,0,0,0.0,0.0,0,0.0,0.0,0.0,0.0,3.18,18.45,2.06,1.19,22.74,1.59,12.1,9.28,0.0,0.0,4.55,26.4,0.0,0.0,0.0,0.0,17.24,6.47,12.94,0.58,28.08,22.19,17.01,11.15,0.74,1.9474,2.82,2.16,1.26,0.62,0.38,10.37,2.92,0,2.0325,8.13,2.79,4,2.0325,51.98749849723489,19.799089655172416,135.50000000000003,13.286,33.87500000000001,0.0,0.0,0.0,0.0,0.0,6,Regular,1,0,1,1,0,1,1,0,1,0,0,0,0,,
ENMT3,Energisa Mato Grosso Distrbdr de Enrg SA,Utilidade Pública,Energia Elétrica,Energia Elétrica,41.0,-1.91,41.0,41.0,41.0,41.8,300,567,71.46,40.0,9229204792,12.29,3.34,9.28,14.51,2.76,10.95,1.21,0.71,8.38,0.94,6.34,5.45,10.48,9.0,4.57,18.11,1367844207.1399999,345171067.18,880649312.2137405,7627441976.859505,25.22,6.45,14.07,0.59,25.62,22.17,19.04,11.03,1.73,6.6538,3.98,3.42,1.52,0.74,0.26,10.74,10.97,75529774,1.4868,5.9473,1.87,4,1.4868,43.15276063011496,42.21293241379311,99.12166666666667,50.13290000000001,24.779999999999998,5.250635683207224,2.9583717409588104,141.76016260162604,22.275365853658553,-39.560975609756106,7,Bom,1,1,0,1,0,1,1,1,1,0,0,0,0,,
ENMT4,Energisa Mato Grosso Distrbdr de Enrg SA Preference Shares,Utilidade Pública,Energia Elétrica,Energia Elétrica,42.41,-3.61,41.62,42.41,41.62,44.0,600,300,71.29,41.62,9229204792,12.71,3.34,8.93,14.02,2.87,11.38,1.26,0.73,8.71,0.97,6.59,5.66,10.48,9.0,4.57,18.11,2597194308.15,655393594.0500001,880649312.2137405,7324765707.936508,25.22,6.45,14.07,0.59,25.62,22.17,19.04,11.03,1.73,6.6538,3.98,3.42,1.52,0.74,0.26,10.74,10.97,143412165,1.4868,5.9473,1.87,4,1.4868,43.15276063011496,42.21293241379311,99.12166666666667,50.13290000000001,24.779999999999998,1.7513808774226955,-0.464672450381713,133.72239251748803,18.210091959443552,-41.57038434331526,7,Bom,1,1,0,1,0,1,1,1,1,0,0,0,0,,
EPAR3,Embpar Participacoes SA,Financeiro e Outros,Holdings Diversificadas,Holdings Diversificadas,2.3,0.0,2.3,2.3,2.3,2.3,300,11677,5.3,2.27,34568999,0.0,-0.19,24.23,204.8,1.28,9.18,25.15,0.94,7.97,1.12,21.68,602.77,20.3,564.33,0.39,2.81,41758196.08,5795621.5200000005,1702906.354679803,1374512.8827037774,13.99,10.26,21.31,0.04,80.4,4.17,115.99,273.93,0.08,0.1096,1.38,38.44,4.12,0.27,0.73,44.69,9.58,14860568,1.1776,4.7105,0.8748,4,1.1776,4.965657056221261,3.273417931034483,78.50833333333333,3.7362,19.62666666666667,115.89813287918527,42.32251874062971,3313.405797101449,62.44347826086959,753.3333333333334,7,Bom,1,1,0,1,0,1,1,1,1,0,0,0,0,,
EQPA3,Equatorial Para Dist De Energia Ord Shs,Utilidade Pública,Energia Elétrica,Energia Elétrica,5.85,0.52,5.92,5.92,5.83,5.82,3200,11469,7.27,5.2,55013350,0.0,0.0,21.35,24.64,2.69,8.27,1.15,0.62,4.47,1.06,5.98,5.02,7.95,6.67,0.75,2.3,5070627308.7,1653465426.75,6919918.238993711,47837695.652173914,32.49,7.44,14.89,0.54,27.86,22.82,19.16,13.85,0.89,3.8696,1.97,1.66,1.49,0.77,0.23,14.19,28.57,2204620569,0.3603,1.4412,0.6587,4,0.3603,6.229967897188556,8.762068965517242,24.020000000000003,21.427500000000002,6.005000000000001,6.495177729718907,49.778956675508425,310.59829059829065,266.2820512820514,2.6495726495726695,8,Bom,1,1,1,1,0,1,1,1,1,0,0,0,0,,
EQPA5,Equatorial Para Distribuidra de Enrga SA,Utilidade Pública,Energia Elétrica,Energia Elétrica,16.4,0.0,0.0,0.0,0.0,16.4,0,130,16.85,5.27,55013350,1.88,8.71,11.98,8.79,4.79,14.74,2.04,1.1,7.97,1.89,10.65,8.95,7.95,6.67,0.75,2.3,4983676.8,1625112.0,6919918.238993711,26967328.43137255,32.49,7.44,14.89,0.54,27.86,22.82,19.16,13.85,0.89,3.8696,1.97,1.66,1.49,0.77,0.23,14.19,28.57,2166816,0.3603,1.4412,0.6587,4,0.3603,6.229967897188556,8.762068965517242,24.020000000000003,21.427500000000002,6.005000000000001,-62.01239087080149,-46.57275021026071,46.463414634146375,30.655487804878074,-63.384146341463406,8,Bom,1,1,1,1,0,1,1,1,1,0,0,0,0,,
EQPA6,Equatorial Para Dist Energia Prf Shs Class B,Utilidade Pública,Energia Elétrica,Energia Elétrica,6.59,2.09,0.0,0.0,0.0,6.46,0,0,6.97,6.46,55013350,0.0,0.0,19.99,23.43,2.87,8.83,1.22,0.66,4.77,1.13,6.38,5.36,7.95,6.67,0.75,2.3,2496357.9,814029.75,6919918.238993711,45092909.836065575,32.49,7.44,14.89,0.54,27.86,22.82,19.16,13.85,0.89,3.8696,1.97,1.66,1.49,0.77,0.23,14.19,28.57,1085373,0.3859,1.5438,0.6587,4,0.3859,6.229967897188556,8.762068965517242,25.73,21.427500000000002,6.4316666666666675,-5.463309602601581,32.9600753492753,290.44006069802737,225.1517450682853,-2.402630247850263,8,Bom,1,1,1,1,0,1,1,1,1,0,0,0,0,,
EQPA7,Equatorial Para Dist Energia Prf Shs Class C,Utilidade Pública,Energia Elétrica,Energia Elétrica,10.0,1.36,0.0,0.0,0.0,9.87,0,0,9.87,5.44,55013350,0.0,0.0,13.17,14.41,4.35,13.4,1.86,1.0,7.24,1.72,9.68,8.13,7.95,6.67,0.75,2.3,2762872.6999999997,900936.75,6919918.238993711,29577069.892473117,32.49,7.44,14.89,0.54,27.86,22.82,19.16,13.85,0.89,3.8696,1.97,1.66,1.49,0.77,0.23,14.19,28.57,1201249,0.3603,1.4412,0.6587,4,0.3603,6.229967897188556,8.762068965517242,24.020000000000003,21.427500000000002,6.005000000000001,-37.700321028114445,-12.379310344827577,140.20000000000005,114.27500000000002,-39.94999999999999,8,Bom,1,1,1,1,0,1,1,1,1,0,0,0,0,,
EQTL3,Equatorial SA,Utilidade Pública,Energia Elétrica,Energia Elétrica,38.78,2.59,38.27,38.96,37.95,37.82,3830400,8138000,46.32,31.81,48820541526,31.47,1.23,5.58,4.52,1.8,15.31,1.0,0.41,4.36,0.55,5.19,4.42,9.94,8.47,2.67,22.68,28554568995.96,3361582857.99,4911523292.354125,48820541526.0,11.78,2.67,10.39,0.41,26.64,22.72,19.36,6.56,1.65,7.1739,4.76,4.05,1.57,0.74,0.23,19.27,6.84,1259019797,0.438,1.7519,0.1333,4,0.438,36.91207119629024,17.970388965517245,29.198333333333334,18.2628,7.300000000000001,-4.816732345821968,-53.66067827355017,-24.707753137356026,-52.90665291387313,-81.17586384734399,6,Regular,1,0,0,1,0,0,1,1,1,1,0,0,0,,
ESPA3,MPM Corporeos SA,Consumo não Cíclico,Produtos de Uso Pessoal e de Limpeza,Produtos de Uso Pessoal,0.84,7.59,0.79,0.85,0.79,0.79,323300,1311177,1.32,0.78,307209558,19.71,0.04,4.46,10.27,0.37,28.13,0.3,0.14,0.87,0.27,2.04,1.26,5.94,3.68,0.03,2.39,863801127.74,10842691.98,51718780.80808081,1024031860.0,1.31,0.5,8.57,0.48,33.7,23.44,14.52,1.05,0.7,1.8421,3.9,2.42,1.52,0.62,0.38,9.72,26.03,361423066,0.0216,0.0863,0.0097,4,0.0216,1.2701377878009927,0.3504827586206897,1.4383333333333335,0.7809,0.36000000000000004,51.206879500118184,-58.27586206896551,71.23015873015875,-7.035714285714277,-57.14285714285714,5,Regular,0,0,1,1,0,0,1,1,0,1,0,0,0,,
ESTR3,Manufatura de Brinquedos Estrela SA,Consumo Cíclico,Viagens e Lazer,Brinquedos e Jogos,3.01,0.0,0.0,0.0,0.0,3.01,0,0,5.1,3.01,33426105,0.13,23.8,0.0,0.0,0.04,0.94,0.15,0.07,0.03,0.11,4.0,0.54,24.45,3.3,3.21,73.28,197452960.0,8649345.0,1367120.8588957055,222840700.0,4.38,7.31,1.28,0.45,39.41,28.03,3.79,16.12,0.0,0.0,18.84,2.54,0.15,2.67,1.67,6.61,0.0,2694500,0.0,0.0,0.0,0,0.0,72.75058762649275,8.279586206896553,0.0,0.0,0.0,2316.9630440695264,175.06930919922107,0.0,0.0,0.0,3,Fraco,0,0,0,1,1,1,0,0,0,0,0,0,0,,
ESTR4,Manufatura de Brinquedos Estrela SA Preference Shares,Consumo Cíclico,Viagens e Lazer,Brinquedos e Jogos,3.02,-33.04,3.65,3.66,3.01,4.51,9300,3,6.5,3.01,33426105,0.13,23.8,0.0,0.0,0.07,1.51,0.24,0.11,0.05,0.18,6.42,0.87,24.45,3.3,3.21,73.28,3949059200.0,172986900.0,1367120.8588957055,139275437.5,4.38,7.31,1.28,0.45,39.41,28.03,3.79,16.12,0.0,0.0,18.84,2.54,0.15,2.67,1.67,6.61,0.0,53890000,0.0,0.0,0.0,0,0.0,72.75058762649275,8.279586206896553,0.0,0.0,0.0,2308.959855181879,174.15848367207133,0.0,0.0,0.0,3,Fraco,0,0,0,1,1,1,0,0,0,0,0,0,0,,
ETER3,Eternit SA em Recuperacao Judicial,Bens Industriais,Construção e Engenharia,Produtos para Construção,3.63,-0.55,3.64,3.67,3.62,3.65,41500,182220,4.72,3.44,226805674,4.59,0.79,0.92,7.96,0.29,5.28,0.21,0.18,1.0,0.31,8.99,7.19,14.21,11.37,0.76,13.69,845721311.75,46950197.0,15960990.429275157,1080027019.047619,5.57,3.33,0.28,0.83,20.36,2.95,2.36,4.02,0.17,0.2833,5.22,4.18,1.66,0.4,0.6,18.91,0.0,61776575,0.0722,0.2888,0.0369,4,0.0722,15.300294114820147,1.9602758620689658,4.8133333333333335,0.0,1.2033333333333334,321.49570564242833,-45.99791013584117,32.59871441689624,0.0,-66.85032139577595,2,Pessimo,0,0,0,1,0,0,1,0,0,0,0,0,0,,
EUCA3,Eucatex SA Industria e Comercio,Materiais Básicos,Madeira e Papel,Madeira,25.31,-1.52,25.3,25.61,25.3,25.7,1000,990,25.61,15.41,2475148576,7.35,3.45,4.65,4.41,0.73,6.89,0.66,0.43,2.15,0.68,4.03,3.26,4.78,3.87,3.19,30.27,946170579.0,99712063.0,517813509.6234309,3750225115.151515,10.54,6.22,11.09,0.65,36.34,20.27,16.43,9.59,0.18,0.3051,0.99,0.81,2.16,0.41,0.59,13.37,35.1,31257700,0.2793,1.1172,0.6686,4,0.2793,46.61147122758517,37.26800000000001,18.62,111.96900000000001,4.655,84.1622727285072,47.246147767680796,-26.432240221256414,342.39035954168315,-81.6080600553141,6,Regular,1,0,1,1,0,0,1,1,1,0,0,0,0,,
EUCA4,Eucatex SA Industria e Comercio Preference Shares,Materiais Básicos,Madeira e Papel,Madeira,26.77,-0.45,26.59,27.0,26.42,26.88,51800,77557,27.0,14.61,2469611380,7.78,3.45,5.62,4.59,0.66,6.27,0.6,0.39,1.95,0.62,3.66,2.97,4.78,3.87,3.19,30.27,1857414300.12,195743363.64,516655100.41841,4116018966.666667,10.54,6.22,11.09,0.65,36.34,20.27,16.43,9.59,0.18,0.3051,0.99,0.81,2.16,0.41,0.59,13.37,35.1,61361556,0.3072,1.229,0.7355,4,0.3072,46.61147122758517,37.26800000000001,20.483333333333334,111.96900000000001,5.12,74.11830865739698,39.215539783339594,-23.48399950193002,318.2629809488234,-80.8741128128502,6,Regular,1,0,1,1,0,0,1,1,1,0,0,0,0,,
EVEN3,Even Construtora E Incorporadora SA,Consumo Cíclico,Construção Civil,Incorporações,5.74,2.13,5.65,5.81,5.64,5.63,524900,1028733,8.76,5.26,1150000000,3.28,1.75,9.82,33.45,0.79,8.71,0.95,0.31,0.54,1.09,10.17,10.41,12.11,12.4,0.89,9.9,1980000000.0,178000000.0,94962840.62758052,1210526315.7894738,9.03,3.57,3.21,0.33,26.08,9.12,9.34,10.9,0.15,0.375,1.95,1.99,5.14,0.55,0.4,2.43,8.46,200000000,0.48,1.9198,0.7652,4,0.48,14.080039062445815,6.865153103448278,31.996666666666666,7.529400000000001,8.0,145.29684777780164,19.601970443349785,457.4332171893148,31.174216027874575,39.37282229965156,7,Bom,0,1,1,1,0,1,1,1,0,1,0,0,0,,
EZTC3,EZ TEC Empreendimentos e Participaces SA,Consumo Cíclico,Construção Civil,Incorporações,13.23,5.08,12.71,13.3,12.67,12.59,492700,2143508,16.59,9.24,3760016143,3.56,3.73,9.72,10.7,0.87,8.25,2.71,0.64,1.84,1.11,9.74,8.89,10.1,9.22,1.94,18.27,5133870000.0,545140000.0,372278826.03960395,1387459831.3653138,10.6,7.76,6.18,0.24,40.82,30.48,27.83,32.85,0.03,0.0411,0.36,0.33,5.66,0.26,0.73,14.17,14.12,281000000,0.3539,1.4157,0.6091,4,0.3539,28.239785764059896,21.628457931034482,23.595,27.392799999999998,5.898333333333333,113.45265127785258,63.480407641983994,78.34467120181404,107.05064247921388,-55.41698160745779,8,Bom,1,1,1,1,0,1,1,1,0,1,0,0,0,,
FESA3,Companhia de Ferro Ligas da Bah Frbs,Materiais Básicos,Siderurgia e Metalurgia,Siderurgia,12.14,0.0,0.0,0.0,0.0,12.14,0,243,13.5,10.31,2978575200,25.41,0.48,5.62,5.46,1.23,19.39,1.78,0.98,3.36,1.64,61.9,9.61,38.43,5.97,0.61,9.59,1128982750.0,71812250.0,77506510.53864169,1673356853.9325843,6.34,5.08,0.46,0.55,17.26,18.53,2.88,9.19,0.21,0.2625,10.57,1.64,3.76,0.2,0.8,11.82,0.58,117725000,0.1658,0.6633,0.3878,4,0.1658,11.47269584709714,7.126482758620691,11.055,35.379999999999995,2.7633333333333336,-5.496739315509553,-41.29750610691359,-8.937397034596382,191.43327841845135,-77.2377814387699,3,Fraco,0,0,1,1,0,0,1,0,0,0,0,0,0,,
FESA4,Companhia de Ferro Ligas da Bah Frbs Preference Shares,Materiais Básicos,Siderurgia e Metalurgia,Siderurgia,6.3,2.44,6.18,6.32,6.16,6.16,484400,781963,8.9,5.58,2978575200,13.21,0.48,8.94,11.5,0.85,13.33,1.22,0.68,2.31,1.13,42.54,6.61,38.43,5.97,0.61,9.59,2257965500.0,143624500.0,77506510.53864169,2441455081.967213,6.34,5.08,0.46,0.55,17.26,18.53,2.88,9.19,0.21,0.2625,10.57,1.64,3.76,0.2,0.8,11.82,0.58,235450000,0.1812,0.7248,0.4266,4,0.1812,11.47269584709714,7.126482758620691,12.08,35.379999999999995,3.02,82.1062832872562,13.118773946360177,91.74603174603175,461.58730158730157,-52.06349206349207,4,Fraco,0,1,1,1,0,0,1,0,0,0,0,0,0,,
FHER3,Fertilizantes Heringer SA,Materiais Básicos,Químicos,Fertilizantes e Defensivos,4.13,0.73,4.01,4.13,4.01,4.1,300,4023,6.77,3.7,224966640,0.0,-4.03,0.0,8.96,0.21,0.38,0.05,0.08,0.68,0.29,1.0,1.75,0.66,1.16,11.9,20.97,1129387245.48,640901679.6,340858545.45454544,4499332800.0,56.73,22.3,48.85,1.57,2.02,3.06,5.37,14.19,0.0,0.0,0.34,0.59,0.85,1.39,0.39,31.29,0.0,53857284,0.185,0.37,0.06,2,0.185,74.93141864398405,30.693793103448282,6.166666666666667,0.0,3.0833333333333335,1714.3200640189843,643.1911163062538,49.313962873284915,0.0,-25.34301856335754,7,Bom,1,1,1,1,1,1,0,0,1,0,0,0,0,,
FICT3,Fictor Alimentos SA,Financeiro e Outros,Outros,Outros,0.19,-5.0,0.22,0.22,0.18,0.2,111300,51690,4.0,0.18,7662578,0.0,0.0,0.0,362.84,0.55,1.28,9.48,0.37,0.6,3.58,5.35,0.0,1.55,0.0,0.58,1.35,59213976.75000001,25440078.9,4943598.70967742,808288.8185654008,43.25,28.48,93.32,0.04,727.29,0.0,177.32,738.88,0.72,1.0909,6.89,0.0,3.17,0.34,0.66,0.0,0.0,43862205,0.2298,0.6894,0.3204,3,0.2298,4.197320573889967,1.4960000000000002,11.49,0.0,3.83,2109.1160915210353,687.3684210526317,5947.368421052633,0.0,1915.7894736842106,7,Bom,1,1,0,1,1,1,1,0,1,0,0,0,0,,
FIGE3,Investimentos Bemge SA,Financeiro e Outros,Outros,Outros,33.0,0.17,0.0,0.0,0.0,32.94,0,0,32.94,21.03,0,5.59,5.9,0.0,0.37,0.27,3.57,2.22,0.26,24904.07,0.26,2.39,0.0,0.8,0.0,5.9,77.27,61207421.48,4673531.600000001,0.0,0.0,7.64,7.39,0.0,0.12,100.0,0.0,93.05,62.25,0.0,0.0,0.0,0.0,0.0,0.03,0.97,6.8,12.43,792124,0.0305,0.1218,0.0453,4,0.0305,101.27977340022044,59.72590344827588,2.0300000000000002,73.337,0.5083333333333333,206.90840424309224,80.9875862068966,-93.84848484848484,122.23333333333335,-98.45959595959596,3,Fraco,0,0,0,1,0,1,0,1,0,0,0,0,0,,
FIGE4,Investimentos Bemge SA Preference Shares,Financeiro e Outros,Outros,Outros,0.0,0.0,0.0,0.0,0.0,0.0,0,0,38.01,38.01,0,0.0,5.9,0.0,0.0,0.0,0.0,0.0,0.0,0.0,0.0,0.0,0.0,0.8,0.0,5.9,77.27,121453913.24,9273690.8,0.0,0.0,7.64,7.39,0.0,0.12,100.0,0.0,93.05,62.25,0.0,0.0,0.0,0.0,0.0,0.03,0.97,6.8,12.43,1571812,0.0335,0.134,0.0498,4,0.0335,101.27977340022044,59.72590344827588,2.2333333333333334,73.337,0.5583333333333333,0.0,0.0,0.0,0.0,0.0,2,Pessimo,0,0,0,0,0,1,0,1,0,0,0,0,0,,
FIQE3,Unifique Telecomunicacoes SA,Comunicações,Telecomunicações,Telecomunicações,6.59,2.65,6.37,6.62,6.37,6.42,268500,932747,7.76,2.78,2629980754,11.53,0.57,15.12,6.24,1.61,10.45,1.82,0.87,9.82,1.15,6.84,2.79,7.62,3.11,0.49,3.18,1269095534.28,195552456.54,345141831.2335958,1445044370.3296702,15.46,8.31,9.98,0.48,51.52,65.11,26.58,17.41,0.18,0.3333,0.78,0.32,1.57,0.46,0.54,44.39,39.94,399086646,0.1029,0.4115,0.1133,4,0.1029,5.9211063155461074,5.724551724137932,6.858333333333333,19.5706,1.715,-10.150131782304893,-13.132750771806801,4.07182599898837,196.97420333839148,-73.97572078907436,7,Bom,1,1,1,1,0,1,1,1,0,0,0,0,0,,
FLEX3,#N/A,Bens Industriais,Serviços,Serviços Diversos,0.0,0.0,0.0,0.0,0.0,0.0,0,0,0.0,0.0,0,0.0,0.0,0.0,0.0,0.0,0.0,0.0,0.0,0.0,0.0,0.0,0.0,0.43,0.64,107.28,132.45,0.0,0.0,0.0,0.0,81.0,290.31,83.68,2.05,19.49,68.4,100.31,141.8,0.0,0.0,0.43,0.64,0.11,4.58,3.58,5.08,0.0,0,0.0,0.0,0.0,0,0.0,565.4271040549789,276.7084137931035,0.0,0.0,0.0,0.0,0.0,0.0,0.0,0.0,4,Fraco,1,0,1,0,0,1,0,0,1,0,0,0,0,,
FLRY3,Fleury SA,Saúde,Serv.Méd.Hospit..Análises e Diagnósticos,Serv.Méd.Hospit..Análises e Diagnósticos,15.89,3.59,15.42,15.92,15.39,15.32,1215100,2384937,18.1,11.25,8683921107,13.63,1.16,9.9,7.71,1.72,15.43,1.15,0.68,3.48,1.06,7.67,3.72,10.15,4.92,1.1,9.86,5395303516.36,601910128.6,855558729.7536945,7551235745.217392,11.13,4.42,9.31,0.59,26.88,30.89,14.96,7.44,0.55,1.375,2.48,1.2,2.21,0.6,0.4,21.48,13.97,547191026,0.3063,1.225,0.2349,4,0.3063,15.621619634340098,12.163420689655176,20.416666666666668,15.367000000000003,5.105,-1.6889890853360783,-23.452355634643325,28.48751835535977,-3.2913782252989168,-67.87287602265576,7,Bom,1,1,1,1,0,0,1,1,0,1,0,0,0,,
FNCN3,#N/A,Financeiro e Outros,Intermediários Financeiros,Soc. Crédito e Financiamento,0.0,0.0,0.0,0.0,0.0,0.0,0,0,0.0,0.0,0,0.0,0.0,0.0,0.0,0.03,0.04,0.02,0.0,0.01,0.02,0.02,0.0,0.02,0.0,362.52,555.08,0.0,0.0,0.0,0.0,65.31,10.62,0.0,0.18,82.62,0.0,98.66,59.2,0.0,0.0,0.0,0.0,1.56,0.84,0.16,187.45,0.0,0,0.5337,0.5337,0.5337,1,0.5337,2127.8207245912427,935.0515862068968,8.895,0.0,8.895,0.0,0.0,0.0,0.0,0.0,5,Regular,1,0,0,1,1,1,1,0,0,0,0,0,0,,
FRAS3,Frasle Mobility SA,Bens Industriais,Material de Transporte,Material Rodoviário,21.59,1.51,21.25,21.65,21.23,21.23,37000,227010,27.63,20.47,6115770054,23.81,0.91,3.0,5.69,2.75,18.61,1.27,0.96,3.51,1.88,8.85,7.22,11.06,9.01,1.27,8.6,2410881782.6,356025565.57,552962934.358047,4815566971.653543,14.78,5.17,14.14,0.76,33.8,17.61,14.35,6.83,0.68,1.9429,2.2,1.79,2.27,0.65,0.35,23.77,57.37,280335091,0.307,1.2281,0.3693,4,0.307,15.67625593054668,14.837103448275865,20.468333333333334,72.8599,5.116666666666667,-27.391125842766645,-31.277890466531428,-5.195306469044309,237.4705882352941,-76.30075652308167,6,Regular,1,0,1,1,0,0,1,1,1,0,0,0,0,,
FRIO3,Metalfrio Solutions SA,Bens Industriais,Máquinas e Equipamentos,Máq. e Equip. Industriais,170.18,0.0,0.0,0.0,0.0,170.18,0,0,280.0,167.98,1086152530,28.87,5.9,0.0,0.75,3.5,52.85,0.52,0.67,4.82,2.07,6.66,4.5,10.36,6.99,3.78,57.06,364178431.62,24125385.06,104840977.7992278,2088754865.3846154,6.63,1.27,13.09,1.29,16.72,11.54,7.79,0.98,1.95,10.2632,3.7,2.5,1.26,0.77,0.19,8.13,2.08,6382377,0.3192,1.277,0.2337,4,0.3192,69.66313946413842,14.521456551724139,21.28333333333333,7.8624,5.32,-59.06502558224326,-91.46700167368425,-87.49363419124847,-95.3799506404983,-96.8738982254084,3,Fraco,0,0,0,1,0,0,1,0,1,0,0,0,0,,
FRTA3,#N/A,Consumo não Cíclico,Agropecuária,Agricultura,0.0,0.0,0.0,0.0,0.0,0.0,0,0,0.0,0.0,0,0.0,0.0,0.0,0.0,0.04,0.49,0.36,0.09,0.03,0.1,2.17,0.0,56.86,0.0,2.65,36.95,0.0,0.0,0.0,0.0,7.17,17.77,17.57,0.25,16.57,0.0,16.43,72.29,0.0,0.0,54.68,0.0,0.03,3.48,2.48,7.62,0.0,0,0.0028,0.0028,0.0028,1,0.0028,46.93765812223699,6.835172413793104,0.04666666666666667,0.0,0.04666666666666667,0.0,0.0,0.0,0.0,0.0,4,Fraco,0,0,0,1,1,1,0,0,1,0,0,0,0,,
G2DI33,G2D Investments Ltd,Financeiro e Outros,Serviços Financeiros Diversos,Gestão de Recursos e Investimentos,1.25,1.61,1.24,1.27,1.24,1.24,1142,33524,1.85,1.24,0,0.0,0.0,0.0,0.0,0.25,9.37,0.0,0.23,5.85,0.24,11.87,0.0,14.38,0.0,0.17,6.4,313798796.8,8335280.540000001,0.0,0.0,2.65,2.49,1.97,0.0,100.0,0.0,1028.02,1303.14,0.05,0.0532,2.51,0.0,0.17,0.06,0.94,0.0,0.0,49031062,0.0,0.0,0.0,0,0.0,4.947726750741193,0.43848275862068975,0.0,0.0,0.0,295.81814005929544,-64.92137931034482,0.0,0.0,0.0,2,Pessimo,0,0,0,1,0,1,0,0,0,0,0,0,0,,
GBIO33,#N/A,Saúde,Comércio e Distribuição,Medicamentos e Outros Produtos,0.0,0.0,0.0,0.0,0.0,0.0,0,0,0.0,0.0,0,0.0,0.0,0.0,0.0,1.32,14.97,1.52,0.79,7.57,1.43,40.09,0.0,47.57,0.0,0.69,7.86,0.0,0.0,0.0,0.0,8.83,5.29,0.1,0.52,43.48,0.0,3.79,10.14,0.25,0.4167,7.48,0.0,1.31,0.4,0.6,12.83,0.0,0,0.0,0.0,0.0,0,0.0,11.046560550687259,1.7797241379310347,0.0,0.0,0.0,0.0,0.0,0.0,0.0,0.0,3,Fraco,0,0,0,1,0,1,1,0,0,0,0,0,0,,
GEPA3,Rio Paranapanema Energia SA,Utilidade Pública,Energia Elétrica,Energia Elétrica,37.99,0.0,0.0,0.0,0.0,37.99,0,171,37.99,26.71,3615113363,13.36,2.84,30.02,11.63,1.79,12.71,2.62,0.8,2.93,0.87,7.71,5.17,10.05,6.73,2.68,18.95,596503570.9499999,84360399.48,359712772.4378109,1379814260.687023,14.12,6.31,10.11,0.31,38.2,50.66,33.96,20.61,0.51,1.1333,2.18,1.46,0.21,0.55,0.45,1.08,0.25,31477761,1.105,4.4198,1.0497,4,1.105,33.803624066067236,31.309793103448282,73.66333333333334,67.0,18.416666666666668,-11.019678688951737,-17.584119232828954,93.90190400982715,76.36220057909976,-51.52233043783452,6,Regular,1,1,1,1,0,1,0,0,1,0,0,0,0,,
GEPA4,Rio Paranapanema Energia SA Preference Shares,Utilidade Pública,Energia Elétrica,Energia Elétrica,39.45,2.92,39.45,39.45,39.45,38.33,200,451,42.5,27.58,3615113363,13.88,2.84,29.17,11.2,1.85,13.08,2.7,0.83,3.02,0.89,7.94,5.32,10.05,6.73,2.68,18.95,1193007141.8999999,168720798.96,359712772.4378109,1338930875.1851852,14.12,6.31,10.11,0.31,38.2,50.66,33.96,20.61,0.51,1.1333,2.18,1.46,0.21,0.55,0.45,1.08,0.25,62955522,1.105,4.4198,1.0497,4,1.105,33.803624066067236,31.309793103448282,73.66333333333334,67.0,18.416666666666668,-14.312740009968989,-20.634238014072803,86.72581326573723,69.83523447401772,-53.31643430502746,6,Regular,1,1,1,1,0,1,0,0,1,0,0,0,0,,
GETT11,#N/A,Financeiro e Outros,Serviços Financeiros Diversos,Serviços Financeiros Diversos,0.0,0.0,0.0,0.0,0.0,0.0,0,0,0.0,0.0,0,0.0,0.0,0.0,0.0,5.16,31.44,5.57,0.34,13.05,8.16,30.25,14.38,0.0,0.0,0.32,1.94,0.0,0.0,0.0,0.0,16.41,1.07,7.88,0.06,41.43,38.73,18.41,17.71,0.17,2.4286,0.99,0.47,1.03,0.93,0.07,0.0,0.0,0,0.2113,0.4227,0.1031,2,0.2113,3.737378760575385,0.8253793103448278,7.045000000000001,0.0,3.5216666666666665,0.0,0.0,0.0,0.0,0.0,5,Regular,1,0,1,1,0,1,1,0,0,0,0,0,0,,
GETT3,#N/A,Financeiro e Outros,Serviços Financeiros Diversos,Serviços Financeiros Diversos,0.0,0.0,0.0,0.0,0.0,0.0,0,0,0.0,0.0,0,0.0,0.0,0.0,0.0,1.24,7.55,1.34,0.08,3.13,1.96,7.26,3.45,0.0,0.0,0.32,1.94,0.0,0.0,0.0,0.0,16.41,1.07,7.88,0.06,41.43,38.73,18.41,17.71,0.17,2.4286,0.99,0.47,1.03,0.93,0.07,0.0,0.0,0,0.1006,0.2013,0.0491,2,0.1006,3.737378760575385,0.8253793103448278,3.3550000000000004,0.0,1.6766666666666667,0.0,0.0,0.0,0.0,0.0,5,Regular,1,0,1,1,0,1,1,0,0,0,0,0,0,,
GETT4,#N/A,Financeiro e Outros,Serviços Financeiros Diversos,Serviços Financeiros Diversos,0.0,0.0,0.0,0.0,0.0,0.0,0,0,0.0,0.0,0,0.0,0.0,0.0,0.0,1.24,7.55,1.34,0.08,3.13,1.96,7.26,3.45,0.0,0.0,0.32,1.94,0.0,0.0,0.0,0.0,16.41,1.07,7.88,0.06,41.43,38.73,18.41,17.71,0.17,2.4286,0.99,0.47,1.03,0.93,0.07,0.0,0.0,0,0.1082,0.2165,0.0491,2,0.1082,3.737378760575385,0.8253793103448278,3.6083333333333334,0.0,1.8033333333333335,0.0,0.0,0.0,0.0,0.0,5,Regular,1,0,1,1,0,1,1,0,0,0,0,0,0,,
GFSA3,Gafisa SA,Consumo Cíclico,Construção Civil,Incorporações,1.15,2.7,1.11,1.16,1.1,1.11,426100,1364223,28.43,1.1,27948182,0.0,-68.75,0.0,10467.18,0.05,0.46,0.1,0.02,0.07,0.04,1.65,0.87,26.35,13.93,8.01,81.14,1989222073.36,196372551.24,1060652.0683111954,279481820.0,9.87,3.94,5.74,0.17,7.57,11.86,6.27,22.58,0.68,1.7,24.7,13.06,1.88,0.6,0.4,20.38,0.0,24515924,30.0932,120.3726,8.6609,4,30.0932,120.92748446899903,20.660275862068968,2006.2100000000003,0.0,501.55333333333334,10415.433432086873,1696.545727136432,174353.0434782609,0.0,43513.333333333336,6,Regular,0,1,0,1,1,1,1,0,0,1,0,0,0,,
GGBR3,Gerdau SA,Materiais Básicos,Siderurgia e Metalurgia,Siderurgia,20.0,0.4,19.92,20.12,19.8,19.85,12500,43917,20.91,13.52,8821284706,24.47,0.82,3.32,3.1,0.68,12.45,0.54,0.43,1.77,0.69,6.76,3.99,9.12,5.37,1.5,27.26,19549204205.940002,1075708228.5,967246130.0438597,16335712418.518517,5.5,3.44,5.81,0.8,11.68,13.45,7.92,4.31,0.16,0.254,1.59,0.94,2.7,0.37,0.63,11.07,20.05,717138819,0.155,0.62,0.28,4,0.155,30.331913886202436,17.524137931034485,10.333333333333334,30.075000000000003,2.5833333333333335,51.65956943101217,-12.379310344827577,-48.33333333333333,50.375000000000014,-87.08333333333333,4,Fraco,0,0,1,1,0,0,1,1,0,0,0,0,0,,
GGBR4,Gerdau SA Preference Shares,Materiais Básicos,Siderurgia e Metalurgia,Siderurgia,23.29,1.22,23.13,23.52,23.07,23.02,2944400,11920352,24.42,14.59,8830790618,28.53,0.82,2.82,2.66,0.81,14.65,0.63,0.5,2.09,0.82,7.96,4.69,9.12,5.37,1.5,27.26,34566152415.8,1902025995.0,968288444.9561404,14017127965.079365,5.5,3.44,5.81,0.8,11.68,13.45,7.92,4.31,0.16,0.254,1.59,0.94,2.7,0.37,0.63,11.07,20.05,1268017330,0.155,0.62,0.28,4,0.155,30.331913886202436,17.524137931034485,10.333333333333334,30.075000000000003,2.5833333333333335,30.235783109499515,-24.756814379413974,-55.63188779161299,29.132674967797357,-88.90797194790325,5,Regular,0,0,1,1,0,0,1,1,0,1,0,0,0,,
GGPS3,GPS Participacoes e Empreendimentos SA,Bens Industriais,Transporte,Logística,13.58,4.53,13.01,13.67,13.01,13.02,1607600,3572227,19.65,12.43,10356233901,15.61,0.87,3.48,9.03,3.59,21.24,0.82,0.97,3.48,2.06,9.93,0.0,11.4,0.0,0.88,5.2,3912222532.4,662068428.5600001,908441570.2631578,12629553537.804878,16.89,4.58,13.75,1.18,14.43,0.0,8.3,3.88,0.53,1.963,1.48,0.0,2.13,0.73,0.27,27.93,25.4,752350487,0.3066,1.2264,0.3248,4,0.3066,10.146920715172659,10.280827586206899,20.44,22.352,5.11,-25.280407104766873,-24.29434767152505,50.515463917525786,64.59499263622975,-62.37113402061855,6,Regular,1,0,0,1,0,0,1,1,1,1,0,0,0,,
GMAT3,Grupo Mateus SA,Consumo não Cíclico,Comércio e Distribuição,Alimentos,4.38,6.3,4.15,4.41,4.15,4.13,3435400,8729203,8.21,4.03,10205216306,5.66,0.78,5.07,5.75,1.12,6.08,0.31,0.48,1.92,1.01,4.68,8.24,5.27,9.28,0.82,4.42,10182321150.56,1889027905.76,1936473682.3529413,32920052600.0,18.46,7.94,15.37,1.54,22.5,3.8,6.68,5.14,0.14,0.3256,0.59,1.04,1.93,0.53,0.43,31.9,41.0,2303692568,0.063,0.252,0.0694,4,0.063,9.030448493845695,9.579862068965518,4.2,33.62,1.05,106.174623147162,118.71831207683832,-4.109589041095884,667.5799086757991,-76.02739726027397,7,Bom,1,0,1,1,0,0,1,1,1,1,0,0,0,,
GNDI3,#N/A,Saúde,Serv.Méd.Hospit..Análises e Diagnósticos,Serv.Méd.Hospit..Análises e Diagnósticos,0.0,0.0,0.0,0.0,0.0,0.0,0,0,0.0,0.0,0,0.0,0.0,0.0,0.0,5.84,3584.81,3.42,2.38,79.65,3.01,104.45,53.5,109.34,56.01,0.02,11.47,0.0,0.0,0.0,0.0,0.16,0.07,2.22,0.69,18.55,6.4,3.28,0.1,0.27,0.6585,4.9,2.51,1.17,0.59,0.41,29.03,0.0,0,0.5535,2.2141,1.613,4,0.5535,2.271893483418622,0.05158620689655174,36.90166666666667,0.0,9.225,0.0,0.0,0.0,0.0,0.0,2,Pessimo,0,0,0,1,0,0,1,0,0,0,0,0,0,,
GOAU3,Metalurgica Gerdau SA,Materiais Básicos,Siderurgia e Metalurgia,Siderurgia,9.49,1.93,9.3,9.68,9.29,9.31,18500,49959,10.34,6.09,13227769749,21.94,0.43,4.2,4.21,0.65,12.02,0.18,0.14,0.6,0.23,2.29,1.42,3.93,2.44,0.79,14.62,7117056409.679999,384574183.56,3365844719.847328,73487609716.66667,5.42,1.2,6.15,0.8,11.68,12.75,7.91,1.51,0.45,2.0455,1.59,0.98,2.71,0.37,0.22,11.07,19.81,486802764,0.1,0.4,0.19,4,0.1,16.12049937191773,9.22937931034483,6.666666666666667,15.649899999999999,1.6666666666666667,69.86827578416998,-2.746266487409586,-29.75061468212153,64.90937829293992,-82.43765367053038,4,Fraco,0,0,1,1,0,0,1,1,0,0,0,0,0,,
GOAU4,Metalurgica Gerdau SA Preference Shares,Materiais Básicos,Siderurgia e Metalurgia,Siderurgia,10.21,2.1,10.05,10.25,10.05,10.02,3929100,9067641,10.53,5.98,13227769749,23.58,0.43,4.05,3.92,0.68,12.47,0.19,0.15,0.62,0.24,2.37,1.47,3.93,2.44,0.79,14.62,12253097790.08,662103095.36,3365844719.847328,69619840784.21053,5.42,1.2,6.15,0.8,11.68,12.75,7.91,1.51,0.45,2.0455,1.59,0.98,2.71,0.37,0.22,11.07,19.81,838105184,0.1,0.4,0.19,4,0.1,16.12049937191773,9.22937931034483,6.666666666666667,15.649899999999999,1.6666666666666667,57.88931804033036,-9.604512141578553,-34.7045380346066,53.280117531831515,-83.67613450865166,5,Regular,0,0,1,1,0,0,1,1,0,1,0,0,0,,
GOLL4,#N/A,Bens Industriais,Transporte,Transporte Aéreo,0.0,0.0,0.0,0.0,0.0,0.0,0,0,0.0,0.0,0,0.0,0.0,0.0,0.0,5868.55,18245.49,4259.01,3430.45,18605.45,4995.64,2247767.27,0.0,295405.38,0.0,0.0,0.0,0.0,0.0,0.0,0.0,32.16,18.8,1551.17,0.81,25.21,0.0,0.19,23.34,0.0,0.0,306.49,0.0,0.63,1.58,0.58,6.65,0.0,0,0.0,0.0,0.0,0,0.0,0.0,0.0,0.0,0.0,0.0,0.0,0.0,0.0,0.0,0.0,3,Fraco,1,0,0,0,0,1,0,0,1,0,0,0,0,,
GOLL54,#N/A,Bens Industriais,Transporte,Transporte Aéreo,0.0,0.0,0.0,0.0,0.0,0.0,0,0,0.0,0.0,0,0.0,0.0,0.0,0.0,6684.27,20781.61,4851.01,3907.29,21191.61,5690.03,2560206.92,0.0,336424.13,0.0,0.0,0.0,0.0,0.0,0.0,0.0,32.16,18.8,1551.17,0.81,25.21,0.0,0.19,23.34,0.0,0.0,306.49,0.0,0.63,1.58,0.58,6.65,0.0,0,0.3145,1.2581,0.1881,4,0.3145,0.0,0.0,20.968333333333334,0.0,5.241666666666667,0.0,0.0,0.0,0.0,0.0,3,Fraco,1,0,0,0,0,1,0,0,1,0,0,0,0,,
GPAR3,Companhia Celg de Participacoes Celgpar,Utilidade Pública,Energia Elétrica,Energia Elétrica,10.0,0.0,0.0,0.0,0.0,10.0,0,10,28.0,10.0,805849300,0.0,-0.37,0.0,236.3,1.87,46.67,39.35,1.77,3.95,3.3,12.5,0.0,10.26,0.0,0.37,9.27,738601173.54,29480305.74,78542816.76413256,20479016.518424395,4.0,3.79,22.51,0.04,53.48,0.0,314.84,84.31,0.33,0.3474,2.24,0.0,30.03,0.05,0.95,31.17,0.0,79676502,5.9076,23.6303,7.0581,4,5.9076,8.784802217466252,0.9543448275862071,393.8383333333333,0.0,98.46000000000001,-12.151977825337479,-90.45655172413794,3838.3833333333328,0.0,884.6,5,Regular,0,1,0,1,0,1,1,0,1,0,0,0,0,,
GPCP3,#N/A,Materiais Básicos,Químicos,Petroquímicos,0.0,0.0,0.0,0.0,0.0,0.0,0,0,0.0,0.0,0,0.0,0.0,0.0,0.0,2.15,4.99,0.66,0.83,3.26,-1.8,3.41,3.06,3.89,3.49,2.1,4.86,0.0,0.0,0.0,0.0,43.15,16.55,31.05,1.26,22.08,21.52,19.32,13.19,0.33,0.8684,0.52,0.47,1.88,0.54,0.38,20.13,0.0,0,0.0,0.0,0.0,0,0.0,15.153712416434463,5.416551724137932,0.0,0.0,0.0,0.0,0.0,0.0,0.0,0.0,6,Regular,1,0,1,1,0,1,1,0,1,0,0,0,0,,
GPCP4,#N/A,Materiais Básicos,Químicos,Petroquímicos,0.0,0.0,0.0,0.0,0.0,0.0,0,0,0.0,0.0,0,0.0,0.0,0.0,0.0,1.73,4.01,0.53,0.66,2.63,-1.45,2.74,2.46,3.89,3.49,2.1,4.86,0.0,0.0,0.0,0.0,43.15,16.55,31.05,1.26,22.08,21.52,19.32,13.19,0.33,0.8684,0.52,0.47,1.88,0.54,0.38,20.13,0.0,0,0.0,0.0,0.0,0,0.0,15.153712416434463,5.416551724137932,0.0,0.0,0.0,0.0,0.0,0.0,0.0,0.0,6,Regular,1,0,1,1,0,1,1,0,1,0,0,0,0,,
GPIV33,#N/A,Financeiro e Outros,Serviços Financeiros Diversos,Gestão de Recursos e Investimentos,0.0,0.0,0.0,0.0,0.0,0.0,0,0,0.0,0.0,0,0.0,0.0,0.0,0.0,0.23,2.31,0.0,0.12,0.89,0.15,1.04,0.0,0.25,0.0,1.92,19.47,0.0,0.0,0.0,0.0,9.85,5.19,13.2,0.03,100.0,0.0,346.8,157.05,0.28,0.5283,1.29,0.0,3.34,0.14,0.53,0.0,0.0,0,0.0,0.0,0.0,0,0.0,29.00179304801687,4.952275862068967,0.0,0.0,0.0,0.0,0.0,0.0,0.0,0.0,4,Fraco,0,0,0,1,0,1,1,0,1,0,0,0,0,,
GRAO3,#N/A,Consumo não Cíclico,Agropecuária,Agricultura,0.0,0.0,0.0,0.0,0.0,0.0,0,0,0.0,0.0,0,0.0,0.0,0.0,0.0,0.0,0.0,0.0,0.0,0.0,0.0,0.0,0.0,1.51,1.67,0.47,1.82,0.0,0.0,0.0,0.0,25.93,4.44,21.91,3.46,4.4,3.51,3.89,1.28,1.18,6.9412,1.51,1.67,0.92,0.76,0.17,41.49,84.79,0,0.0429,0.0429,0.0429,1,0.0429,4.387083313546713,5.490896551724139,0.7150000000000001,39.8513,0.7150000000000001,0.0,0.0,0.0,0.0,0.0,4,Fraco,1,0,1,0,0,0,0,1,1,0,0,0,0,,
GRND3,Grendene SA,Consumo Cíclico,Tecidos. Vestuário e Calçados,Calçados,4.01,3.08,3.93,4.02,3.9,3.9,3430100,4009973,5.05,3.52,3668032098,5.72,0.7,34.69,27.09,1.09,6.1,1.62,0.98,1.92,2.51,9.48,8.52,7.31,6.56,0.8,4.49,4050698400.0,721728000.0,501782776.74418604,2264217344.444444,17.92,16.04,9.1,0.61,47.01,18.99,17.06,26.5,0.25,0.2778,2.18,1.95,6.07,0.1,0.9,4.88,7.96,902160000,0.2716,1.0863,0.1995,4,0.2716,8.989994438263018,5.92816551724138,18.105,6.368,4.526666666666667,124.18938748785581,47.83455155215413,351.49625935162095,58.802992518703256,12.884455527847068,8,Bom,1,1,1,1,0,1,1,1,0,1,0,0,0,,
GSHP3,General Shopping e Outlets do Brasil SA,Financeiro e Outros,Exploração de Imóveis,Exploração de Imóveis,2.9,0.0,0.0,0.0,0.0,2.9,0,220,6.12,2.66,5657200,0.25,11.82,0.0,105.85,0.0,0.02,0.03,0.01,0.05,0.01,0.06,0.01,22.26,3.2,133.21,683.39,1318101446.91,256931318.49,254141.95867026053,188573333.33333334,19.49,22.62,16.27,0.17,67.51,341.08,49.01,135.61,0.0,0.0,22.19,3.19,0.57,2.16,1.16,5.33,0.0,1928769,3.0697,3.0697,3.0697,1,3.0697,1431.17909178062,343.58993103448285,51.16166666666667,0.0,51.16166666666667,49251.00316484897,11747.928656361479,1664.1954022988507,0.0,1664.1954022988507,5,Regular,1,1,0,0,1,1,0,0,1,0,0,0,0,,
GUAR3,#N/A,Consumo Cíclico,Comércio,Tecidos. Vestuário e Calçados,0.0,0.0,0.0,0.0,0.0,0.0,0,0,0.0,0.0,0,0.0,0.0,22.36,0.0,0.91,11.52,0.49,0.37,1.8,1.0,5.61,3.57,6.54,4.16,0.88,11.09,0.0,0.0,0.0,0.0,7.94,3.25,9.35,0.76,60.17,13.76,8.76,4.27,0.15,0.3659,0.93,0.59,1.49,0.59,0.41,4.29,5.78,0,0.5818,2.3272,1.7494,4,0.5818,14.818299497580686,5.3567117241379325,38.78666666666667,5.0864,9.696666666666667,0.0,0.0,0.0,0.0,0.0,5,Regular,0,1,1,1,0,0,1,1,0,0,0,0,0,,
GUAR4,#N/A,Consumo Cíclico,Comércio,Tecidos. Vestuário e Calçados,0.0,0.0,0.0,0.0,0.0,0.0,0,0,0.0,0.0,0,0.0,0.0,0.0,0.0,14.75,761.06,8.25,5.64,24.11,15.11,117.4,69.99,8.19,4.88,0.2,10.23,0.0,0.0,0.0,0.0,4.17,1.65,8.49,0.72,58.61,13.06,8.3,2.3,0.17,0.425,1.12,0.71,1.55,0.6,0.4,4.11,29.52,0,0.9757,3.9026,0.462,4,0.9757,6.784909726739185,2.3365517241379314,65.04333333333334,5.904,16.261666666666667,0.0,0.0,0.0,0.0,0.0,4,Fraco,0,0,1,1,0,0,1,1,0,0,0,0,0,,
HAGA3,Haga SA Industria e Comercio,Bens Industriais,Construção e Engenharia,Produtos para Construção,2.69,5.08,2.64,2.78,2.64,2.56,5700,7173,3.24,1.49,23517914,15.37,0.18,0.0,0.0,0.45,21.95,0.8,0.32,0.6,3.05,11.89,0.0,6.35,0.0,0.09,4.22,16739334.739999998,357000.02999999997,3703608.503937008,29397392.5,2.03,1.46,7.29,0.4,20.71,0.0,6.74,3.65,0.0,0.0,15.62,0.0,2.46,1.72,0.72,4.63,16.45,3966667,0.0,0.0,0.0,0,0.0,2.9232687184041084,1.0514482758620691,0.0,1.4805,0.0,8.671699568925966,-60.912703499551334,0.0,-44.962825278810406,0.0,3,Fraco,0,0,0,1,0,0,1,1,0,0,0,0,0,,
HAGA4,Haga SA Industria e Comercio Preference Shares,Bens Industriais,Construção e Engenharia,Produtos para Construção,1.61,3.21,1.68,1.71,1.53,1.56,14100,25593,1.75,1.01,23663988,9.05,0.18,0.0,0.0,0.3,14.71,0.54,0.22,0.4,2.04,7.97,0.0,6.35,0.0,0.09,4.22,33478665.259999998,713999.97,3726612.2834645673,43822200.0,2.03,1.46,7.29,0.4,20.71,0.0,6.74,3.65,0.0,0.0,15.62,0.0,2.46,1.72,0.72,4.63,16.45,7933333,0.0,0.0,0.0,0,0.0,2.9232687184041084,1.0514482758620691,0.0,1.4805,0.0,81.569485615162,-34.69265367316341,0.0,-8.043478260869575,0.0,3,Fraco,0,0,0,1,0,0,1,1,0,0,0,0,0,,
HAPV3,Hapvida Participacoes e Investimentos SA,Saúde,Serv.Méd.Hospit..Análises e Diagnósticos,Serv.Méd.Hospit..Análises e Diagnósticos,13.27,4.64,12.85,13.44,12.81,12.71,4482100,12429857,44.85,7.0,6664884523,0.0,-0.87,0.0,4.22,0.12,19.07,0.2,0.08,0.97,0.1,4.03,3.29,6.65,5.44,0.62,96.79,48649643262.36,311631148.08,1002238274.1353383,33324422615.0,0.64,0.42,2.35,0.4,13.55,6.05,4.95,1.05,0.08,0.1231,2.62,2.14,1.98,0.35,0.65,38.69,0.0,502630884,0.1401,0.5602,0.0806,4,0.1401,36.74534664416707,1.5991724137931036,9.336666666666668,0.0,2.335,176.9054004835499,-87.94896447782136,-29.640793770409434,0.0,-82.40391861341371,4,Fraco,0,0,1,1,0,0,1,0,0,1,0,0,0,,
HBOR3,Helbor Empreendimentos SA,Consumo Cíclico,Construção Civil,Incorporações,2.29,5.02,2.19,2.29,2.19,2.19,400800,1024722,4.06,1.75,306518784,54.32,0.04,3.68,20.28,0.25,8.87,0.33,0.06,0.29,0.1,2.08,1.85,10.72,9.55,0.31,10.92,1461653706.24,41493832.32,28593170.14925373,928844800.0,2.84,0.63,3.26,0.17,33.32,17.68,15.76,3.7,1.05,4.7727,8.64,7.7,1.84,0.57,0.22,0.32,0.0,133851072,0.1161,0.4643,0.1011,4,0.1161,8.727370738086012,0.7995862068965518,7.738333333333333,0.0,1.935,281.10789249283897,-65.08357175124227,237.9184861717613,0.0,-15.502183406113538,3,Fraco,0,0,0,1,0,0,1,0,0,1,0,0,0,,
HBRE3,HBR Realty Empreendimentos Imobiliars SA,Financeiro e Outros,Exploração de Imóveis,Exploração de Imóveis,2.88,3.23,2.8,2.92,2.8,2.79,100200,406067,4.21,2.23,300572363,9.95,0.29,33.39,0.0,0.18,39.71,1.66,0.07,1.98,0.08,1.28,1.21,6.53,6.18,0.09,18.97,1957494969.57,9287008.29,46029458.34609494,181067688.55421686,0.46,0.18,5.99,0.04,62.35,137.33,129.87,4.18,0.76,1.9487,5.25,4.97,1.57,0.45,0.39,19.12,45.8,103188981,0.0,0.0,0.0,0,0.0,6.19792303921241,1.0514482758620691,0.0,4.122,0.0,115.20566108376423,-63.49137931034482,0.0,43.125,0.0,4,Fraco,0,1,0,1,0,0,1,1,0,0,0,0,0,,
HBSA3,Hidrovias do Brasil SA,Bens Industriais,Transporte,Transporte Hidroviário,3.28,0.93,3.25,3.32,3.25,3.24,688700,2486397,4.39,2.83,4499166813,0.0,-0.14,0.0,0.0,2.35,23.7,2.94,0.77,3.78,1.17,30.64,0.0,45.37,0.0,0.17,1.67,2271839013.81,231265049.31,99166118.8670928,1530328847.9591837,9.92,3.27,2.57,0.26,27.17,0.0,9.61,12.42,1.13,3.4242,14.73,0.0,2.53,0.67,0.33,7.59,0.0,1360382643,0.0,0.0,0.0,0,0.0,2.5273998496478547,0.43848275862068975,0.0,0.0,0.0,-22.945126535126377,-86.63162321278385,0.0,0.0,0.0,4,Fraco,0,0,0,1,0,1,1,0,0,1,0,0,0,,
HBTS3,Companhia Habitasul de Participacoes,Financeiro e Outros,Exploração de Imóveis,Exploração de Imóveis,0.0,0.0,0.0,0.0,0.0,0.0,0,0,0.0,0.0,277134700,0.0,8.17,0.0,0.0,0.0,0.0,0.0,0.0,0.0,0.0,0.0,0.0,0.0,0.0,4.46,72.38,228197058.32,14061327.44,0.0,0.0,6.16,2.46,0.17,0.04,28.39,27.22,23.87,58.63,0.38,0.95,15.16,13.3,0.96,0.6,0.4,0.0,0.0,3152764,0.0,0.0,0.0,0,0.0,85.2251899381867,11.503724137931036,0.0,0.0,0.0,0.0,0.0,0.0,0.0,0.0,1,Pessimo,0,0,0,0,0,1,0,0,0,0,0,0,0,,
HBTS5,Companhia Habitasul de Participacoes Preference Shares Class A,Financeiro e Outros,Exploração de Imóveis,Exploração de Imóveis,30.0,0.0,0.0,0.0,0.0,30.0,0,208,33.0,22.35,277134700,3.67,8.17,0.0,16.31,0.51,8.29,4.86,0.2,75.51,0.22,20.35,17.85,0.0,0.0,4.46,72.38,430684668.26,26538458.419999998,0.0,57023600.82304526,6.16,2.46,0.17,0.04,28.39,27.22,23.87,58.63,0.38,0.95,15.16,13.3,0.96,0.6,0.4,0.0,0.0,5950327,1.2233,4.8932,0.7143,4,1.2233,85.2251899381867,11.503724137931036,81.55333333333334,0.0,20.388333333333335,184.08396646062235,-61.65425287356321,171.84444444444446,0.0,-32.038888888888884,3,Fraco,0,1,0,1,0,1,0,0,0,0,0,0,0,,
HBTS6,Companhia Habitasul de Participacoes Preference Shares Class B,Financeiro e Outros,Exploração de Imóveis,Exploração de Imóveis,0.0,0.0,0.0,0.0,0.0,0.0,0,0,0.0,0.0,277134700,0.0,8.17,0.0,0.0,0.0,0.0,0.0,0.0,0.0,0.0,0.0,0.0,0.0,0.0,4.46,72.38,2214538.48,136458.16,0.0,0.0,6.16,2.46,0.17,0.04,28.39,27.22,23.87,58.63,0.38,0.95,15.16,13.3,0.96,0.6,0.4,0.0,0.0,30596,0.0,0.0,0.0,0,0.0,85.2251899381867,11.503724137931036,0.0,0.0,0.0,0.0,0.0,0.0,0.0,0.0,1,Pessimo,0,0,0,0,0,1,0,0,0,0,0,0,0,,
HCBR3,#N/A,,,,0.0,0.0,0.0,0.0,0.0,0.0,0,0,0.0,0.0,0,0.0,0.0,0.0,0.0,0.0,0.0,0.0,0.0,0.0,0.0,0.0,0.0,0.0,0.0,0.0,0.0,0.0,0.0,0.0,0.0,0.0,0.0,0.0,0.0,0.0,0.0,0.0,0.0,0.0,0.0,0.0,0.0,0.0,0.0,0.0,0.0,0.0,0,0.0,0.0,0.0,0,0.0,0.0,0.0,0.0,0.0,0.0,0.0,0.0,0.0,0.0,0.0,0,Pessimo,0,0,0,0,0,0,0,0,0,0,0,0,0,,
HETA3,Hercules SA Fabrica De Talheres,Consumo Cíclico,Utilidades Domésticas,Utensílios Domésticos,96.0,0.0,0.0,0.0,0.0,96.0,0,0,96.0,96.0,1682480,51.92,1.85,0.0,0.0,0.14,44.39,10.61,3.9,22.18,4.75,12.13,12.42,84.91,86.91,2.16,686.42,117513731.16,369787.68000000005,19814.862795901543,158574.92931196984,0.32,8.78,14.57,0.37,100.0,85.48,87.49,23.91,0.0,0.0,80.42,82.32,0.51,28.86,27.86,30.24,20.33,171198,0.0,0.0,0.0,0,0.0,182.64723375950703,25.234758620689664,0.0,43.9128,0.0,90.25753516615316,-73.71379310344827,0.0,-54.2575,0.0,4,Fraco,0,0,0,1,0,1,0,1,1,0,0,0,0,,
HETA4,Hercules SA Fabrica De Talheres Preference Shares,Consumo Cíclico,Utilidades Domésticas,Utensílios Domésticos,4.91,0.0,0.0,0.0,0.0,4.91,0,103,5.8,4.2,1682480,2.66,1.85,0.0,0.0,0.01,2.31,0.55,0.2,1.16,0.25,0.63,0.65,84.91,86.91,2.16,686.42,232559782.42,731810.16,19814.862795901543,3059054.5454545454,0.32,8.78,14.57,0.37,100.0,85.48,87.49,23.91,0.0,0.0,80.42,82.32,0.51,28.86,27.86,30.24,20.33,338801,0.0,0.0,0.0,0,0.0,182.64723375950703,25.234758620689664,0.0,43.9128,0.0,3619.9029278922003,413.9462040873658,0.0,794.3543788187371,0.0,4,Fraco,0,0,0,1,0,1,0,1,1,0,0,0,0,,
HGTX3,#N/A,Consumo Cíclico,Tecidos. Vestuário e Calçados,Vestuário,0.0,0.0,0.0,0.0,0.0,0.0,0,0,0.0,0.0,0,0.0,0.0,0.0,0.0,3.57,101.99,4.18,2.48,7.5,5.59,707.65,255.27,713.65,257.43,0.37,10.49,0.0,0.0,0.0,0.0,3.51,2.43,13.6,0.59,40.58,1.64,0.59,4.1,0.03,0.0435,5.99,2.16,2.47,0.31,0.69,7.54,26.63,0,0.1367,0.547,0.1069,4,0.1367,9.34501203851552,4.322620689655173,9.116666666666667,9.8531,2.2783333333333333,0.0,0.0,0.0,0.0,0.0,5,Regular,0,0,1,1,0,0,1,1,1,0,0,0,0,,
HOOT3,Hoteis Othon SA -em Recuperacao Judicial,Consumo Cíclico,Hoteis e Restaurantes,Hotelaria,0.0,0.0,0.0,0.0,0.0,0.0,0,0,0.0,0.0,122640406,0.0,1.67,0.0,0.0,0.0,0.0,0.0,0.0,0.0,0.0,0.0,0.0,0.19,0.15,3.66,1.69,17707679.73,38349176.22,645475821.0526316,0.0,216.14,12.73,134.33,0.37,68.55,66.73,53.75,34.1,0.0,0.0,0.35,0.28,0.75,1.12,0.06,12.34,0.0,10477917,0.0,0.0,0.0,0,0.0,11.797097100558256,9.440275862068967,0.0,0.0,0.0,0.0,0.0,0.0,0.0,0.0,4,Fraco,1,0,1,0,0,1,0,0,1,0,0,0,0,,
HOOT4,Hoteis Othon SA -em Recuperacao Judicial Preference Shares,Consumo Cíclico,Hoteis e Restaurantes,Hotelaria,6.6,-4.21,7.06,7.06,6.6,6.89,8200,5483,8.6,3.4,122640406,3.96,1.67,0.0,0.0,4.3,1.99,0.68,0.25,3.7,0.32,1.26,1.02,0.19,0.15,3.66,1.69,13341694.86,28893848.040000003,645475821.0526316,180353538.2352941,216.14,12.73,134.33,0.37,68.55,66.73,53.75,34.1,0.0,0.0,0.35,0.28,0.75,1.12,0.06,12.34,0.0,7894494,0.0,0.0,0.0,0,0.0,11.797097100558256,9.440275862068967,0.0,0.0,0.0,78.7438954630039,43.034482758620726,0.0,0.0,0.0,6,Regular,1,0,1,1,1,1,0,0,1,0,0,0,0,,
HYPE3,Hypera SA,Saúde,Comércio e Distribuição,Medicamentos e Outros Produtos,22.52,2.78,22.02,22.78,22.0,21.91,1300700,4406790,27.25,19.97,15889485172,8.62,2.62,4.95,1.73,1.22,18.18,2.15,0.6,11.29,0.79,12.92,13.07,19.19,19.42,1.3,19.35,13622575291.650002,915211776.7,828008607.1912454,7390458219.534884,6.72,3.28,1.22,0.28,56.7,16.44,16.63,11.82,0.59,1.2041,6.27,6.35,1.27,0.51,0.49,17.7,6.68,704009059,0.0973,0.3891,0.0974,4,0.0973,23.790491798195347,8.623393103448278,6.485,8.684,1.6216666666666666,5.641615444917175,-61.70784589943038,-71.20337477797514,-61.43872113676731,-92.79899348727058,5,Regular,0,0,0,1,0,1,1,1,0,1,0,0,0,,
IBOV,IBOVESPA,,,,177604.92,2.06,174279.39,177854.52,174279.39,174278.86,0,0,199354.81,131550.39,0,0.0,0.0,0.0,0.0,0.0,0.0,0.0,0.0,0.0,0.0,0.0,0.0,0.0,0.0,0.0,0.0,0.0,0.0,0.0,0.0,0.0,0.0,0.0,0.0,0.0,0.0,0.0,0.0,0.0,0.0,0.0,0.0,0.0,0.0,0.0,0.0,0.0,0,0.0,0.0,0.0,0,0.0,0.0,0.0,0.0,0.0,0.0,0.0,0.0,0.0,0.0,0.0,0,Pessimo,0,0,0,0,0,0,0,0,0,0,0,0,0,,
IDNT3,#N/A,,,,0.0,0.0,0.0,0.0,0.0,0.0,0,0,0.0,0.0,0,0.0,0.0,0.0,0.0,0.0,0.0,0.0,0.0,0.0,0.0,0.0,0.0,0.0,0.0,0.0,0.0,0.0,0.0,0.0,0.0,0.0,0.0,0.0,0.0,0.0,0.0,0.0,0.0,0.0,0.0,0.0,0.0,0.0,0.0,0.0,0.0,0.0,0,0.0,0.0,0.0,0,0.0,0.0,0.0,0.0,0.0,0.0,0.0,0.0,0.0,0.0,0.0,0,Pessimo,0,0,0,0,0,0,0,0,0,0,0,0,0,,
IDVL3,#N/A,Financeiro e Outros,Intermediários Financeiros,Bancos,0.0,0.0,0.0,0.0,0.0,0.0,0,0,0.0,0.0,0,0.0,0.0,0.0,0.0,0.93,0.99,1.53,0.06,0.48,0.13,3.81,0.0,3.84,0.0,2.18,2.31,0.0,0.0,0.0,0.0,94.38,5.67,0.0,0.04,18.91,0.0,40.19,154.6,0.0,0.0,0.0,0.0,1.26,0.94,0.06,32.17,0.0,0,0.1362,0.5447,0.1202,4,0.1362,10.644505624969156,5.622896551724139,9.078333333333333,0.0,2.27,0.0,0.0,0.0,0.0,0.0,5,Regular,1,0,0,1,1,1,1,0,0,0,0,0,0,,
IDVL4,#N/A,Financeiro e Outros,Intermediários Financeiros,Bancos,0.0,0.0,0.0,0.0,0.0,0.0,0,0,0.0,0.0,0,0.0,0.0,0.0,0.0,1.16,1.22,1.89,0.07,0.59,0.16,4.71,0.0,3.84,0.0,2.18,2.31,0.0,0.0,0.0,0.0,94.38,5.67,0.0,0.04,18.91,0.0,40.19,154.6,0.0,0.0,0.0,0.0,1.26,0.94,0.06,32.17,0.0,0,0.1362,0.5447,0.1202,4,0.1362,10.644505624969156,5.622896551724139,9.078333333333333,0.0,2.27,0.0,0.0,0.0,0.0,0.0,5,Regular,1,0,0,1,1,1,1,0,0,0,0,0,0,,
IFCM3,Infracommerce CXaaS SA,Tecnologia da Informação,Programas e Serviços,Programas e Serviços,0.65,3.13,0.63,0.69,0.63,0.64,111300,212563,35.66,0.5,91980705,0.0,-0.59,0.0,0.0,0.2,0.31,0.08,0.05,0.23,0.1,3.33,2.17,19.75,12.85,1.83,2.79,384444554.13,252162557.01000002,4657250.886075949,1149758812.5,65.71,16.63,4.96,0.63,30.25,3.77,2.45,26.31,1.01,4.04,16.42,10.68,1.91,0.75,0.25,50.42,0.0,137793747,0.0,0.0,0.0,0,0.0,10.71812716849357,4.7201379310344835,0.0,0.0,0.0,1548.9426413067029,626.1750663129974,0.0,0.0,0.0,5,Regular,1,0,0,1,1,1,1,0,0,0,0,0,0,,
IGBR3,#N/A,Financeiro e Outros,Exploração de Imóveis,Exploração de Imóveis,0.0,0.0,0.0,0.0,0.0,0.0,0,0,0.0,0.0,0,0.0,0.0,0.0,0.0,0.34,0.56,30.26,1.04,0.99,2.15,0.5,0.0,1.06,0.0,312.87,520.56,0.0,0.0,0.0,0.0,60.1,184.1,146.75,0.03,100.0,0.0,6032.01,5379.32,0.0,0.0,0.56,0.0,0.33,4.06,3.06,7.98,0.0,0,5.7879,17.3638,2.0,3,5.7879,1914.2939069014453,806.988827586207,289.3966666666667,0.0,96.465,0.0,0.0,0.0,0.0,0.0,5,Regular,1,0,0,1,1,1,0,0,1,0,0,0,0,,
IGSN3,Igua Saneamento SA,Utilidade Pública,Água e Saneamento,Água e Saneamento,0.0,0.0,0.0,0.0,0.0,0.0,0,0,0.0,0.0,0,0.0,-1.13,0.0,0.0,0.0,0.0,0.0,0.0,0.0,0.0,0.0,0.0,16.08,9.81,0.9,6.32,3527677407.6000004,502359124.5,0.0,0.0,14.28,2.79,2.63,0.18,32.46,37.75,23.03,15.96,3.31,16.55,16.08,9.81,1.13,0.8,0.2,23.9,0.0,558176805,0.0,0.0,0.0,0,0.0,11.312824580978882,2.321379310344828,0.0,0.0,0.0,0.0,0.0,0.0,0.0,0.0,3,Fraco,1,0,0,0,0,1,1,0,0,0,0,0,0,,
IGTA3,#N/A,Financeiro e Outros,Exploração de Imóveis,Exploração de Imóveis,0.0,0.0,0.0,0.0,0.0,0.0,0,0,0.0,0.0,0,0.0,0.0,0.0,0.0,1.37,9.74,4.75,0.82,3.81,1.15,6.23,5.27,6.95,5.88,3.39,24.13,0.0,0.0,0.0,0.0,14.04,8.43,11.62,0.17,70.54,90.09,76.22,48.74,0.16,0.2667,0.73,0.61,3.96,0.4,0.6,7.14,12.51,0,0.1755,0.702,0.1419,4,0.1755,42.901232499777905,34.481677241379316,11.7,42.4089,2.925,0.0,0.0,0.0,0.0,0.0,7,Bom,1,0,1,1,0,1,1,1,1,0,0,0,0,,
IGTI11,Iguatemi SA Unit,Financeiro e Outros,Exploração de Imóveis,Exploração de Imóveis,26.67,3.25,25.95,26.9,25.9,25.81,703100,1989077,30.62,20.23,7296278500,45.94,0.58,2.36,2.53,2.48,19.9,8.08,1.22,7.86,1.63,10.5,9.3,8.86,7.84,1.44,11.54,0.0,0.0,823507731.3769752,903004764.8514851,12.47,6.14,11.61,0.15,73.91,86.81,76.88,40.57,0.46,0.9388,1.96,1.73,2.67,0.51,0.49,10.36,35.08,0,0.1685,0.6741,0.1685,4,0.1685,19.33639056287393,16.823172413793106,11.235000000000001,50.51519999999999,2.8083333333333336,-27.497598189449086,-36.92098832473526,-57.874015748031496,89.40832395950503,-89.47006624171978,8,Bom,1,0,1,1,0,1,1,1,1,1,0,0,0,,
IGTI3,Iguatemi SA,Financeiro e Outros,Exploração de Imóveis,Exploração de Imóveis,3.51,-2.5,3.63,3.63,3.5,3.6,99400,62596,3.81,2.32,7296278500,6.02,0.58,2.94,2.74,0.85,6.84,2.77,0.42,2.7,0.56,3.61,3.2,8.86,7.84,0.48,3.85,2968320851.65,370076365.91999996,823507731.3769752,2634035559.566787,12.47,6.14,11.61,0.15,73.91,86.81,76.88,40.57,0.46,0.9388,1.96,1.73,2.67,0.51,0.49,10.36,35.08,770992429,0.0241,0.0963,0.0241,4,0.0241,6.448255578061403,5.607724137931036,1.605,16.8384,0.40166666666666667,83.71098512995451,59.76422045387567,-54.27350427350427,379.7264957264958,-88.55650522317188,7,Bom,1,0,1,1,0,1,1,1,1,0,0,0,0,,
IGTI4,Iguatemi SA Preference Shares,Financeiro e Outros,Exploração de Imóveis,Exploração de Imóveis,11.49,6.98,11.49,11.49,11.49,10.74,100,1051,13.54,9.39,7296278500,19.76,0.58,2.27,2.51,3.31,26.58,10.78,1.63,10.49,2.17,14.03,12.42,8.86,7.84,0.48,3.85,1676169710.6000001,208977002.88,823507731.3769752,676834740.2597404,12.47,6.14,11.61,0.15,73.91,86.81,76.88,40.57,0.46,0.9388,1.96,1.73,2.67,0.51,0.49,10.36,35.08,435368756,0.0722,0.2889,0.0722,4,0.0722,6.448255578061403,5.607724137931036,4.815,16.8384,1.2033333333333334,-43.8794118532515,-51.19474205456018,-58.09399477806788,46.54830287206266,-89.52712503626343,7,Bom,1,0,1,1,0,1,1,1,1,0,0,0,0,,
INEP3,Inepr SA Indstr e Constrs em Rcprco Jdcl,Bens Industriais,Máquinas e Equipamentos,Máq. e Equip. Industriais,2.0,-1.48,2.0,2.03,1.97,2.03,4300,106277,2.8,1.04,111737780,0.0,-10.19,0.0,5.79,0.04,0.16,16.98,0.16,0.07,0.24,0.26,0.24,3.65,3.39,8.72,36.59,1528445676.16,364253793.28000003,30613090.410958905,6580552.414605418,23.84,96.97,31.53,0.01,33.65,7147.62,6650.99,10578.39,0.0,0.0,3.4,3.16,0.13,5.07,4.07,19.65,0.0,41772224,0.0579,0.1158,0.1034,2,0.0579,84.72873184463462,22.491586206896557,1.9300000000000002,0.0,0.9650000000000001,4136.436592231731,1024.5793103448277,-3.499999999999992,0.0,-51.74999999999999,5,Regular,1,0,0,1,1,1,0,0,1,0,0,0,0,,
INEP4,Inepr SA Indstr e Constrs em Rcprco Jdcl Preference Shares,Bens Industriais,Máquinas e Equipamentos,Máq. e Equip. Industriais,2.0,0.5,1.92,2.0,1.92,1.99,3800,56810,2.35,1.01,111737780,0.0,-10.19,0.0,9.36,0.03,0.14,14.31,0.13,0.06,0.2,0.22,0.2,3.65,3.39,8.72,36.59,462030418.88000005,110109463.04,30613090.410958905,7808370.37037037,23.84,96.97,31.53,0.01,33.65,7147.62,6650.99,10578.39,0.0,0.0,3.4,3.16,0.13,5.07,4.07,19.65,0.0,12627232,0.0624,0.1872,0.0598,3,0.0624,84.72873184463462,22.491586206896557,3.12,0.0,1.04,4136.436592231731,1024.5793103448277,56.00000000000001,0.0,-48.0,6,Regular,1,1,0,1,1,1,0,0,1,0,0,0,0,,
INNT3,#N/A,Consumo Cíclico,Construção Civil,Incorporações,0.0,0.0,0.0,0.0,0.0,0.0,0,0,0.0,0.0,0,0.0,0.0,0.0,0.0,0.0,0.0,0.0,0.0,0.0,0.0,0.0,0.0,2.17,2.16,1.43,3.04,0.0,0.0,0.0,0.0,46.95,8.35,24.05,0.45,35.97,24.21,24.12,18.53,1.33,7.3889,2.17,2.16,1.23,0.82,0.18,10.46,21.68,0,0.0,0.0,0.0,0,0.0,9.889994944386979,16.70634482758621,0.0,31.002399999999998,0.0,0.0,0.0,0.0,0.0,0.0,6,Regular,1,0,1,0,0,1,1,1,1,0,0,0,0,,
INTB3,Intelbras SA IndustrdTlcmnccEltrncBrslr,Tecnologia da Informação,Computadores e Equipamentos,Computadores e Equipamentos,14.68,1.73,14.45,14.77,14.45,14.45,455600,2304687,15.97,10.11,4799501025,8.37,1.76,11.57,10.4,1.26,8.4,0.87,0.71,1.6,2.68,9.21,7.68,8.73,7.28,1.44,9.63,3154894989.3,471759998.4,549771022.3367697,5516667844.827586,14.99,8.45,8.87,0.82,29.64,11.29,9.41,10.32,0.07,0.125,0.48,0.4,2.54,0.43,0.56,22.88,20.07,327611110,0.3815,1.526,0.9166,4,0.3815,17.663861412499816,16.823172413793106,25.433333333333334,28.9008,6.358333333333333,20.32603142029848,14.599267123931241,73.25158946412354,96.87193460490464,-56.68710263396911,8,Bom,1,1,1,1,0,1,1,1,0,1,0,0,0,,
IRBR3,IRB-Brasil Resseguros SA,Financeiro e Outros,Previdência e Seguros,Seguradoras,53.38,3.0,52.0,53.48,52.0,51.93,137800,676438,65.51,41.85,4420238526,12.49,4.29,0.0,17.72,0.87,8.7,0.83,0.3,2.04,0.5,7.22,4.64,7.22,4.64,6.54,65.09,5299807513.490001,532504856.94,612221402.4930748,5325588585.542169,10.05,3.42,0.0,0.36,12.06,17.99,11.57,9.6,0.0,0.0,0.0,0.0,1.56,0.66,0.34,1.73,15.05,81422761,2.3651,9.4604,0.8861,4,2.3651,97.86722382902256,76.40524137931035,157.67333333333335,98.427,39.41833333333334,83.34062163548624,43.134584824485486,195.37904333708008,84.38928437617086,-26.15523916572998,5,Regular,1,1,0,1,0,0,1,1,0,0,0,0,0,,
ISAE3,ISA Energia Brasil SA,Utilidade Pública,Energia Elétrica,Energia Elétrica,33.33,-1.97,34.0,34.0,33.32,34.0,2300,2278,35.25,28.3,20675330668,9.37,3.56,7.91,2.93,1.1,7.83,2.57,0.5,4.18,0.59,5.61,6.99,8.08,10.06,4.44,31.73,7557134226.92,1057474817.7600001,2558828052.970297,8044875746.303502,13.99,6.41,11.18,0.2,40.72,36.7,45.74,32.78,0.59,1.2826,3.04,3.79,4.46,0.53,0.46,19.24,10.66,238170004,0.2442,0.9767,0.2506,4,0.2442,56.301216683123286,40.17679448275863,16.278333333333332,47.330400000000004,4.07,68.92054210358023,20.5424376920451,-51.16011601160116,42.005400540054026,-87.78877887788778,7,Bom,1,1,0,1,0,1,1,1,1,0,0,0,0,,
ISAE4,ISA Energia Brasil SA Preference Shares,Utilidade Pública,Energia Elétrica,Energia Elétrica,28.73,3.01,28.01,28.85,27.97,27.94,1144900,3142492,32.04,19.79,20668144084,8.09,3.56,9.51,3.4,0.91,6.52,2.14,0.42,3.48,0.49,4.67,5.82,8.08,10.06,4.44,31.73,13349233009.0,1867967052.0000002,2557938624.257426,9658011254.205606,13.99,6.41,11.18,0.2,40.72,36.7,45.74,32.78,0.59,1.2826,3.04,3.79,4.46,0.53,0.46,19.24,10.66,420713300,0.2442,0.9767,0.2506,4,0.2442,56.301216683123286,40.17679448275863,16.278333333333332,47.330400000000004,4.07,95.96664351939883,39.84265396017623,-43.34029469776077,64.74208144796381,-85.83362339018447,8,Bom,1,1,0,1,0,1,1,1,1,1,0,0,0,,
ITEC3,#N/A,Tecnologia da Informação,Computadores e Equipamentos,Computadores e Equipamentos,0.0,0.0,0.0,0.0,0.0,0.0,0,0,0.0,0.0,0,0.0,0.0,0.0,0.0,22.04,35.12,2611.73,9.22,25.42,16.7,13.85,15.15,13.21,14.45,1.14,1.82,0.0,0.0,0.0,0.0,62.76,26.24,174.07,0.0,121.18,17234.12,18852.94,7435.88,1.02,2.4286,0.64,0.7,5.23,0.58,0.42,75.29,0.0,0,0.4672,1.8688,0.0135,4,0.4672,6.832495883643107,2.9404137931034486,31.14666666666667,0.0,7.786666666666667,0.0,0.0,0.0,0.0,0.0,5,Regular,1,0,1,0,0,1,1,0,1,0,0,0,0,,
ITSA3,Itausa SA,Financeiro e Outros,Intermediários Financeiros,Bancos,13.13,2.66,12.75,13.16,12.75,12.79,35100,207370,14.99,9.11,146517450351,8.66,1.52,12.23,6.36,1.73,10.03,19.42,1.41,30.3,1.54,9.09,8.5,9.32,8.7,1.42,8.24,31753944258.88,5472160297.04,15720756475.429184,7544667886.2512865,17.22,14.03,16.3,0.07,23.52,228.63,213.64,193.63,0.05,0.0617,0.25,0.23,2.18,0.15,0.81,10.46,9.06,3853634012,0.2087,0.8347,0.0182,4,0.2087,16.225535430302447,11.470466206896553,13.911666666666667,12.8652,3.4783333333333335,23.576050497352977,-12.63925204191506,5.95328763645595,-2.0167555217060245,-73.5085046966235,8,Bom,1,1,1,1,0,1,1,1,1,0,0,0,0,,
ITSA4,Itausa SA Preference Shares,Financeiro e Outros,Intermediários Financeiros,Bancos,13.03,2.92,12.79,13.06,12.7,12.66,16527400,32226920,15.24,9.08,146742509970,8.6,1.52,12.48,6.45,1.72,10.0,19.35,1.4,30.2,1.53,9.06,8.47,9.32,8.7,1.42,8.24,60646835343.92,10451275022.859999,15744904503.218884,7583592246.511627,17.22,14.03,16.3,0.07,23.52,228.63,213.64,193.63,0.05,0.0617,0.25,0.23,2.18,0.15,0.81,10.46,9.06,7360052833,0.2102,0.8406,0.0182,4,0.2102,16.225535430302447,11.470466206896553,14.010000000000002,12.8652,3.5033333333333334,24.524446894109346,-11.968793500410179,7.521105141980064,-1.2647735993860292,-73.11332821693527,9,Excelente,1,1,1,1,0,1,1,1,1,1,0,0,0,,
ITUB3,Itau Unibanco Holding SA,Financeiro e Outros,Intermediários Financeiros,Bancos,40.47,2.56,39.74,40.59,39.67,39.4,1347800,1937071,47.78,27.36,88370507066,9.97,4.06,10.89,1.05,2.23,10.94,1.23,0.16,2.13,0.16,9.71,8.47,10.07,8.78,3.97,19.49,109489810621.73,22302439618.690002,8775621357.100298,71845940704.06505,20.37,1.47,0.0,0.13,34.81,14.55,12.69,11.26,0.0,0.0,0.0,0.0,0.13,0.92,0.07,11.68,10.06,5617742977,0.1059,0.4238,0.0176,4,0.1059,41.724624024669176,34.47821793103449,7.0633333333333335,39.9382,1.765,3.1001334931286797,-14.805490657191761,-82.54674244296186,-1.3140597973807684,-95.63874474919693,6,Regular,1,1,0,1,0,1,0,1,0,1,0,0,0,,
ITUB4,Itau Unibanco Holding SA Preference Shares,Financeiro e Outros,Intermediários Financeiros,Bancos,39.7,2.66,39.22,39.98,39.1,38.78,19041200,29147336,49.28,30.84,88426439046,9.81,4.06,10.12,1.07,2.4,11.77,1.33,0.17,2.29,0.18,10.45,9.11,10.07,8.78,3.97,19.49,105423869930.34999,21474231073.55,8781175674.875868,66486044395.488716,20.37,1.47,0.0,0.13,34.81,14.55,12.69,11.26,0.0,0.0,0.0,0.0,0.13,0.92,0.07,11.68,10.06,5409126215,0.1059,0.4238,0.0176,4,0.1059,41.724624024669176,34.47821793103449,7.0633333333333335,39.9382,1.765,5.099808626370712,-13.153103448275843,-82.20822837951302,0.5999999999999976,-95.55415617128463,6,Regular,1,1,0,1,0,1,0,1,0,1,0,0,0,101774000000.0,92871000000.0
JALL3,Jalles Machado SA,Consumo não Cíclico,Alimentos Processados,Açucar e Alcool,2.93,1.03,2.93,2.95,2.89,2.9,365600,1002827,4.45,2.53,899517638,19.0,0.15,0.0,28.78,0.45,11.02,0.36,0.13,0.73,0.19,13.08,0.24,60.75,1.13,0.27,6.6,2003376302.3999999,81956303.28,14806874.699588478,2498660105.555556,4.11,1.15,1.38,0.36,11.8,147.09,2.73,3.24,1.65,5.8929,47.66,0.89,2.19,0.72,0.28,21.27,0.0,303541864,0.2108,0.8433,0.0677,4,0.2108,6.33206127576163,0.6964137931034484,14.055000000000001,0.0,3.513333333333333,116.11130633998737,-76.2316111568789,379.6928327645051,0.0,19.908987485779285,5,Regular,0,1,1,1,0,0,1,0,0,1,0,0,0,,
JBDU3,#N/A,Financeiro e Outros,Holdings Diversificadas,Holdings Diversificadas,0.0,0.0,0.0,0.0,0.0,0.0,0,0,0.0,0.0,0,0.0,0.0,0.0,0.0,0.55,-3.75,0.0,0.17,-1.35,-0.17,-3.82,0.0,-3.14,0.0,-0.43,2.92,0.0,-0.0,0.0,0.0,-14.79,-4.56,-13.07,0.0,0.0,0.0,0.0,0.0,0.11,0.3548,-0.77,0.0,0.0,0.69,0.31,0.0,0.0,0,0.0,0.0,0.0,0,0.0,0.0,0.0,0.0,0.0,0.0,0.0,0.0,0.0,0.0,0.0,1,Pessimo,0,0,0,1,0,0,0,0,0,0,0,0,0,,
JBDU4,#N/A,Financeiro e Outros,Holdings Diversificadas,Holdings Diversificadas,0.0,0.0,0.0,0.0,0.0,0.0,0,0,0.0,0.0,0,0.0,0.0,0.0,0.0,0.24,-1.62,0.0,0.07,-0.58,-0.07,-1.65,0.0,-3.14,0.0,-0.43,2.92,0.0,-0.0,0.0,0.0,-14.79,-4.56,-13.07,0.0,0.0,0.0,0.0,0.0,0.11,0.3548,-0.77,0.0,0.0,0.69,0.31,0.0,0.0,0,0.0,0.0,0.0,0,0.0,0.0,0.0,0.0,0.0,0.0,0.0,0.0,0.0,0.0,0.0,1,Pessimo,0,0,0,1,0,0,0,0,0,0,0,0,0,,
JBSS3,#N/A,Consumo não Cíclico,Alimentos Processados,Carnes e Derivados,0.0,0.0,0.0,0.0,0.0,0.0,0,0,0.0,0.0,0,0.0,0.0,4.18,0.0,1.35,5.41,0.13,0.27,1.78,0.44,2.62,1.69,6.35,4.1,13.28,53.06,0.0,0.0,0.0,0.0,25.03,4.91,12.87,2.01,13.74,7.8,5.04,2.44,1.93,9.65,3.73,2.41,1.6,0.79,0.2,15.31,13.7,0,1.5,6.0,1.0,4,1.5,125.91397063074456,144.6695724137931,100.0,181.93599999999998,25.0,0.0,0.0,0.0,0.0,0.0,6,Regular,1,0,1,1,0,0,1,1,1,0,0,0,0,,
JFEN3,Joao Fortes Engenharia SA,Consumo Cíclico,Construção Civil,Incorporações,0.64,-1.54,0.64,0.64,0.64,0.65,200,10523,2.14,0.64,8089049,0.0,-14.73,0.0,807.5,0.14,0.05,0.06,0.02,0.05,0.17,0.06,0.06,1.39,1.43,20.03,6.94,88851050.30000001,256438982.35000002,5819459.712230216,134817483.33333334,288.39,34.24,235.66,0.29,31.8,95.26,97.9,116.21,0.0,0.0,1.33,1.36,1.66,1.25,0.12,0.91,0.0,12802745,1.292,5.168,1.362,4,1.292,55.92570518107036,51.66358620689656,86.13333333333334,0.0,21.533333333333335,8638.391434542244,7972.435344827588,13358.333333333334,0.0,3264.5833333333335,8,Bom,1,1,1,1,1,1,1,0,1,0,0,0,0,,
JHSF3,JHSF Participacoes SA,Consumo Cíclico,Construção Civil,Incorporações,10.84,7.18,10.2,11.02,10.2,10.17,4633900,6766792,14.42,4.56,7411916228,3.89,2.8,4.6,2.54,1.06,5.15,3.4,0.43,1.95,0.64,3.66,3.5,5.6,5.35,1.89,9.2,6290556193.599999,1292299044.12,1323556469.2857144,2179975361.1764708,20.57,8.26,12.72,0.13,61.76,97.23,92.85,65.96,0.56,1.4,1.94,1.86,2.8,0.57,0.4,20.35,32.04,683756108,0.0688,0.2752,0.0688,4,0.0688,19.779534878252317,22.080413793103453,4.586666666666667,60.5556,1.1466666666666667,82.46803393221694,103.69385417992116,-57.687576875768755,458.63099630996305,-89.42189421894219,8,Bom,1,0,1,1,0,1,1,1,1,1,0,0,0,,
JOPA3,Josapar Joaquim Oliveira SA Prtcpcs,Consumo não Cíclico,Alimentos Processados,Alimentos Diversos,16.81,-1.12,16.81,16.81,16.81,17.0,100,322,21.6,16.69,179640059,14.98,1.12,3.15,16.15,0.35,25.07,0.11,0.09,0.23,0.34,2.43,2.01,7.65,6.32,0.8,57.65,602499746.4499999,8360794.4,23482360.65359477,1633091445.4545455,1.39,0.38,3.73,0.88,22.31,5.34,4.41,0.43,0.75,2.7778,5.21,4.31,2.31,0.66,0.27,12.67,4.49,10450993,0.6787,2.7148,0.6332,4,0.6787,32.21335126931068,4.243420689655173,45.24666666666667,3.5920000000000005,11.311666666666667,91.63207179839786,-74.75656936552544,169.16517945667263,-78.63176680547292,-32.70870513583184,2,Pessimo,0,0,0,1,0,0,1,0,0,0,0,0,0,,
JOPA4,Josapar Joaquim Oliveira SA Prtcpcs Preference Shares,Consumo não Cíclico,Alimentos Processados,Alimentos Diversos,17.0,2.11,0.0,0.0,0.0,16.65,0,20,19.39,14.69,179640059,15.15,1.12,2.9,17.57,0.42,29.9,0.13,0.11,0.28,0.41,2.9,2.4,7.65,6.32,0.8,57.65,7573365.2,105094.40000000001,23482360.65359477,1381846607.6923077,1.39,0.38,3.73,0.88,22.31,5.34,4.41,0.43,0.75,2.7778,5.21,4.31,2.31,0.66,0.27,12.67,4.49,131368,0.7466,2.9863,0.6965,4,0.7466,32.21335126931068,4.243420689655173,49.77166666666667,3.5920000000000005,12.443333333333335,89.49030158418046,-75.0387018255578,192.77450980392157,-78.87058823529412,-26.80392156862744,2,Pessimo,0,0,0,1,0,0,1,0,0,0,0,0,0,,
JPSA3,#N/A,Financeiro e Outros,Exploração de Imóveis,Exploração de Imóveis,0.0,0.0,0.0,0.0,0.0,0.0,0,0,0.0,0.0,0,0.0,0.0,0.0,0.0,1.82,19.17,4.41,0.44,2.22,-0.59,9.52,6.5,19.88,13.58,1.43,15.06,0.0,0.0,0.0,0.0,9.51,2.31,2.46,0.1,52.83,67.87,46.37,23.03,1.1,4.5833,5.74,3.92,5.31,0.52,0.24,1.23,0.0,0,0.0,0.0,0.0,0,0.0,22.012621379563136,3.688413793103449,0.0,0.0,0.0,0.0,0.0,0.0,0.0,0.0,3,Fraco,0,0,0,1,0,1,1,0,0,0,0,0,0,,
JSLG3,JSL SA,Bens Industriais,Transporte,Transporte Rodoviário,6.97,7.53,6.51,7.06,6.51,6.51,350400,965577,8.82,3.81,2020357500,24.41,0.29,22.25,33.46,1.34,26.15,0.25,0.2,1.13,0.32,2.17,0.0,7.93,0.0,0.33,6.41,1836023209.98,94522255.74000001,254773959.6469105,8081430000.0,5.13,0.76,10.03,0.78,15.9,0.0,11.71,0.97,3.56,23.7333,5.76,0.0,1.88,0.85,0.15,23.9,16.07,286431078,0.583,2.332,1.4803,4,0.583,6.898858601247021,3.8553103448275867,38.86666666666667,5.303100000000001,9.716666666666667,-1.0206800394975464,-44.687082570622856,457.62792922046873,-23.915351506456233,39.406982305117175,5,Regular,0,1,0,1,0,0,1,1,1,0,0,0,0,,
KEPL3,Kepler Weber SA,Bens Industriais,Máquinas e Equipamentos,Máq. e Equip. Industriais,7.11,1.57,7.05,7.14,7.01,7.0,418200,1252463,10.5,6.58,1294195971,8.37,0.85,8.23,6.09,2.42,12.88,1.18,1.18,3.72,3.41,8.77,11.09,8.71,11.02,0.79,4.21,756621747.3,141978902.70000002,148587367.50861079,1096776246.6101696,18.77,9.14,13.1,1.0,25.38,10.62,13.44,9.14,0.02,0.0408,0.06,0.07,1.94,0.51,0.49,22.47,30.44,179720130,0.1082,0.4327,0.1442,4,0.1082,8.650592465259244,9.22937931034483,7.211666666666667,24.047600000000003,1.8033333333333335,21.667967162577266,29.808429118773983,1.4299109235818084,238.22222222222226,-74.63666197843412,8,Bom,1,1,1,1,0,0,1,1,1,1,0,0,0,,
KLBN11,Klabin SA Unit,Materiais Básicos,Madeira e Papel,Papel e Celulose,16.48,2.55,16.13,16.58,16.13,16.1,2537100,6171630,21.25,16.02,20933281950,29.5,0.56,8.79,5.53,2.35,13.03,1.16,0.39,2.75,0.53,4.97,2.83,10.35,5.9,1.48,8.2,0.0,0.0,2022539318.8405797,18045932715.517242,18.06,2.97,7.93,0.33,38.34,40.92,23.31,8.89,2.55,15.9375,5.38,3.07,2.12,0.76,0.16,13.85,22.3,0,0.228,0.9119,0.228,4,0.228,16.524527224704492,17.29048275862069,15.198333333333334,33.004,3.8000000000000003,0.2701894702942469,4.917977904251761,-7.777103559870548,100.26699029126212,-76.94174757281553,6,Regular,1,1,0,1,0,0,1,1,0,1,0,0,0,,
KLBN3,Klabin SA,Materiais Básicos,Madeira e Papel,Papel e Celulose,3.31,2.47,3.27,3.33,3.25,3.24,1233200,1422527,4.24,3.21,20933281950,5.91,0.56,8.77,5.51,2.36,13.06,1.16,0.39,2.76,0.53,4.98,2.84,10.35,5.9,0.3,1.64,3792992769.16,693840140.6999999,2022539318.8405797,18045932715.517242,18.06,2.97,7.93,0.33,38.34,40.92,23.31,8.89,2.55,15.9375,5.38,3.07,2.12,0.76,0.16,13.85,22.3,2312800469,0.0456,0.1824,0.0456,4,0.0456,3.327160951922825,3.504827586206897,3.04,6.69,0.76,0.5184577620188844,5.886029794770298,-8.157099697885197,102.11480362537766,-77.03927492447129,6,Regular,1,1,0,1,0,0,1,1,0,1,0,0,0,,
KLBN4,Klabin SA Preference Shares,Materiais Básicos,Madeira e Papel,Papel e Celulose,3.31,2.78,3.26,3.33,3.24,3.24,4211800,6631617,4.21,3.19,20807556650,5.91,0.56,8.77,5.51,2.36,13.06,1.16,0.39,2.76,0.53,4.98,2.84,10.35,5.9,0.3,1.64,6443032544.839999,1178603514.3,2010391946.8599033,17937548836.206898,18.06,2.97,7.93,0.33,38.34,40.92,23.31,8.89,2.55,15.9375,5.38,3.07,2.12,0.76,0.16,13.85,22.3,3928678381,0.0456,0.1824,0.0456,4,0.0456,3.327160951922825,3.504827586206897,3.04,6.69,0.76,0.5184577620188844,5.886029794770298,-8.157099697885197,102.11480362537766,-77.03927492447129,6,Regular,1,1,0,1,0,0,1,1,0,1,0,0,0,,
KRSA3,#N/A,Saúde,Serv.Méd.Hospit..Análises e Diagnósticos,Serv.Méd.Hospit..Análises e Diagnósticos,0.0,0.0,0.0,0.0,0.0,0.0,0,0,0.0,0.0,0,0.0,0.0,0.0,0.0,1.2,2.03,0.29,0.14,1.33,0.2,2.35,1.71,12.58,9.13,4.36,7.41,0.0,0.0,0.0,0.0,58.89,6.79,6.55,0.47,19.71,17.14,12.45,14.41,5.2,43.3333,10.23,7.43,1.48,0.87,0.12,38.69,0.0,0,0.0,0.0,0.0,0,0.0,26.961472511715677,11.245793103448278,0.0,0.0,0.0,0.0,0.0,0.0,0.0,0.0,4,Fraco,1,0,0,1,0,1,1,0,0,0,0,0,0,,
LAME3,#N/A,Consumo Cíclico,Comércio,Produtos Diversos,0.0,0.0,0.0,0.0,0.0,0.0,0,0,0.0,0.0,0,0.0,0.0,0.0,0.0,1.91,21.15,0.48,0.28,1.2,0.66,11.03,3.64,16.86,5.56,0.31,3.46,0.0,0.0,0.0,0.0,9.02,1.34,3.37,0.59,32.9,13.2,4.35,2.27,1.01,6.7333,5.87,1.93,1.72,0.63,0.15,3.5,18.61,0,0.1182,0.4727,0.2149,4,0.1182,4.9125858771119715,3.621655172413794,7.878333333333334,5.7691,1.97,0.0,0.0,0.0,0.0,0.0,4,Fraco,0,0,1,1,0,0,1,1,0,0,0,0,0,,
LAME4,#N/A,Consumo Cíclico,Comércio,Produtos Diversos,0.0,0.0,0.0,0.0,0.0,0.0,0,0,0.0,0.0,0,0.0,0.0,0.0,0.0,0.22,1.3,0.08,0.07,0.36,0.12,3.1,0.57,7.01,1.3,4.06,23.66,0.0,0.0,0.0,0.0,17.16,5.03,7.44,0.86,28.74,13.25,2.45,5.85,0.28,0.9655,3.91,0.72,1.63,0.71,0.29,16.22,0.0,0,0.1182,0.4727,0.2149,4,0.1182,46.490224778979076,10.472000000000001,7.878333333333334,0.0,1.97,0.0,0.0,0.0,0.0,0.0,5,Regular,1,0,1,1,1,0,1,0,0,0,0,0,0,,
LAND3,Terra Santa Propriedades Agricolas SA,Consumo não Cíclico,Agropecuária,Agricultura,8.34,0.48,8.31,8.42,8.31,8.3,7800,34123,12.1,7.05,812656105,244.96,0.03,0.91,18.15,1.17,81.31,8.46,0.89,70.61,0.95,84.49,11.15,89.38,11.79,0.1,6.78,652418802.36,9622696.200000001,9092147.068695458,96058641.25295508,1.44,1.1,5.1,0.11,95.13,75.89,10.01,10.41,0.07,0.0921,4.89,0.65,0.82,0.24,0.76,13.88,0.0,96226962,0.3784,1.5138,0.0724,4,0.3784,3.905764969887461,0.25793103448275867,25.23,0.0,6.3066666666666675,-53.16828573276426,-96.90730174481105,202.51798561151082,0.0,-24.380495603517176,3,Fraco,0,0,1,1,0,1,0,0,0,0,0,0,0,,
LAVV3,Lavvi Empreendimentos Imobiliarios S/A,Consumo Cíclico,Construção Civil,Incorporações,11.66,3.37,11.29,11.72,11.25,11.29,260100,702557,18.98,9.28,2304745885,5.74,2.03,17.82,14.2,2.2,7.89,1.87,0.84,1.51,3.79,6.68,0.0,6.85,0.0,2.2,7.89,1541977037.28,429955574.40000004,336459253.28467155,1232484430.4812834,27.83,10.69,16.77,0.45,35.5,0.0,28.05,23.77,0.05,0.1316,0.16,0.0,3.52,0.55,0.38,51.55,57.55,195434352,0.4139,1.6554,0.7675,4,0.4139,19.762464421220347,25.702068965517245,27.59,126.61,6.898333333333333,69.48940326947124,120.42940793754069,136.62092624356774,985.8490566037735,-40.83762149799885,7,Bom,1,1,0,1,0,1,1,1,1,0,0,0,0,,
LCAM3,#N/A,Consumo Cíclico,Diversos,Aluguel de carros,0.0,0.0,0.0,0.0,0.0,0.0,0,0,0.0,0.0,0,0.0,0.0,0.0,0.0,1.13,8.39,1.54,0.79,2.97,1.15,10.75,2.56,8.49,2.02,2.88,21.32,0.0,0.0,0.0,0.0,13.49,9.38,11.87,0.51,21.34,60.39,14.36,18.4,0.24,0.3429,2.27,0.54,6.45,0.18,0.7,12.12,34.05,0,0.3108,1.2431,0.8375,4,0.3108,37.169019357524085,33.64634482758621,20.718333333333337,98.064,5.180000000000001,0.0,0.0,0.0,0.0,0.0,7,Bom,1,0,1,1,0,1,1,1,1,0,0,0,0,,
LEVE3,Mahle Metal Leve SA,Consumo Cíclico,Automóveis e Motocicletas,Automóveis e Motocicletas,32.81,2.82,31.96,32.85,31.77,31.91,111700,467890,36.21,24.35,4497736071,6.7,4.9,7.94,8.3,5.3,7.97,0.86,1.18,7.74,3.27,5.28,3.66,6.32,4.38,4.3,6.47,876937330.0,582817700.0,711667099.8417721,5229925663.953488,66.51,14.81,22.93,1.37,26.66,23.54,16.29,10.8,1.04,4.7273,1.04,0.72,1.31,0.78,0.22,12.53,17.63,135539000,0.6805,2.7219,0.2062,4,0.6805,25.01944243983067,50.235862068965524,45.365,75.809,11.341666666666667,-23.744460713713295,53.1114357481424,38.265772630295636,131.05455653764093,-65.43228690439906,8,Bom,1,1,1,1,0,1,1,1,1,0,0,0,0,,
LHER3,#N/A,Financeiro e Outros,Exploração de Imóveis,Exploração de Imóveis,0.0,0.0,0.0,0.0,0.0,0.0,0,0,0.0,0.0,0,0.0,0.0,0.0,0.0,0.0,0.0,0.0,0.0,0.0,0.0,0.0,0.0,3.77,3.5,2.76,141.54,0.0,0.0,0.0,0.0,1.95,0.67,3.94,0.06,63.41,24.02,22.35,10.99,0.15,0.4412,3.77,3.5,6.36,0.66,0.34,4.31,51.59,0,1.1082,4.4327,1.9696,4,1.1082,93.75304795045331,32.24441379310345,73.87833333333333,142.3884,18.470000000000002,0.0,0.0,0.0,0.0,0.0,3,Fraco,0,0,0,0,0,1,1,1,0,0,0,0,0,,
LHER4,#N/A,Financeiro e Outros,Exploração de Imóveis,Exploração de Imóveis,0.0,0.0,0.0,0.0,0.0,0.0,0,0,0.0,0.0,0,0.0,0.0,0.0,0.0,0.0,0.0,0.0,0.0,0.0,0.0,0.0,0.0,3.77,3.5,2.76,141.54,0.0,0.0,0.0,0.0,1.95,0.67,3.94,0.06,63.41,24.02,22.35,10.99,0.15,0.4412,3.77,3.5,6.36,0.66,0.34,4.31,51.59,0,1.1082,4.4327,1.9696,4,1.1082,93.75304795045331,32.24441379310345,73.87833333333333,142.3884,18.470000000000002,0.0,0.0,0.0,0.0,0.0,3,Fraco,0,0,0,0,0,1,1,1,0,0,0,0,0,,
LIGT3,Light SA,Utilidade Pública,Energia Elétrica,Energia Elétrica,2.98,-28.95,3.39,3.39,2.92,4.18,6769300,1576737,7.6,2.92,1115336302,0.43,6.95,0.0,34.65,0.33,0.81,0.12,0.07,32.15,0.09,1.38,1.02,6.48,4.81,6.16,15.09,5621859839.16,2294940795.84,172119799.691358,9294469183.333334,40.83,8.92,6.3,0.58,16.53,12.17,9.03,15.36,1.23,5.5909,5.1,3.79,0.99,0.78,0.22,2.13,11.57,372555324,0.2581,1.0325,0.2537,4,0.2581,45.73263604910611,59.14279724137932,17.208333333333332,71.27120000000001,4.301666666666667,1434.652216412957,1884.6576255496416,477.46085011185676,2291.6510067114095,44.35123042505593,7,Bom,1,1,0,1,1,1,0,1,0,1,0,0,0,,
LINX3,#N/A,Tecnologia da Informação,Programas e Serviços,Programas e Serviços,0.0,0.0,0.0,0.0,0.0,0.0,0,0,0.0,0.0,0,0.0,0.0,0.0,0.0,4.38,90.95,7.88,2.74,11.96,4.82,164.48,59.1,159.3,57.24,0.41,8.55,0.0,0.0,0.0,0.0,4.81,3.02,2.23,0.35,68.7,13.34,4.79,8.67,0.14,0.2222,5.18,1.86,2.14,0.37,0.63,14.3,0.0,0,0.2147,0.8588,0.5637,4,0.2147,8.881089460195748,1.0575172413793106,14.313333333333334,0.0,3.5783333333333336,0.0,0.0,0.0,0.0,0.0,3,Fraco,0,0,1,1,0,0,1,0,0,0,0,0,0,,
LIPR3,#N/A,Utilidade Pública,Energia Elétrica,Energia Elétrica,0.0,0.0,0.0,0.0,0.0,0.0,0,0,0.0,0.0,0,0.0,0.0,1.99,0.0,1.82,16.64,0.0,1.71,6.65,2.46,19.65,0.0,16.43,0.0,2.16,19.74,0.0,0.0,0.0,0.0,10.96,10.25,7.9,0.0,0.0,0.0,0.0,0.0,0.3,0.3191,3.21,0.0,6.18,0.06,0.94,0.0,0.0,0,0.8683,3.4732,0.7162,4,0.8683,30.97360166335197,5.571310344827587,57.88666666666666,0.0,14.471666666666666,0.0,0.0,0.0,0.0,0.0,3,Fraco,1,0,0,1,0,0,1,0,0,0,0,0,0,,
LJQQ3,Lojas Quero-Quero SA,Consumo Cíclico,Comércio,Produtos Diversos,1.43,5.15,1.38,1.44,1.35,1.36,2566100,3199550,3.29,1.35,299265098,0.0,-0.93,0.0,32.34,1.15,4.58,0.19,0.14,0.5,0.51,13.96,1.88,14.73,1.98,0.55,2.17,449010460.71,113804494.65,20316707.2640869,1575079463.1578946,25.21,3.08,3.1,0.75,33.31,9.98,1.34,4.09,0.06,0.5,0.77,0.1,1.64,0.88,0.12,14.68,0.0,206917263,0.1156,0.4625,0.1037,4,0.1156,5.18206040103741,1.418620689655173,7.708333333333334,0.0,1.9266666666666667,262.3818462263924,-0.7957559681697186,439.04428904428914,0.0,34.73193473193474,6,Regular,1,1,1,1,0,0,1,0,0,1,0,0,0,,
LLIS3,#N/A,Consumo Cíclico,Comércio,Tecidos. Vestuário e Calçados,0.0,0.0,0.0,0.0,0.0,0.0,0,0,0.0,0.0,0,0.0,0.0,0.7,0.0,1.83,15.48,1.7,1.14,9.17,1.7,8.29,0.0,9.38,0.0,1.07,9.01,0.0,0.0,0.0,0.0,11.83,7.39,10.53,0.67,63.44,0.0,20.55,11.01,0.24,0.3871,1.08,0.0,1.62,0.38,0.62,3.13,22.07,0,0.0,0.0,0.0,0,0.0,14.728059953707413,12.500551724137933,0.0,23.614900000000002,0.0,0.0,0.0,0.0,0.0,0.0,6,Regular,1,0,0,1,0,1,1,1,1,0,0,0,0,,
LMED3,Lifemed ndstrl d qpmnts  rtgs Mdcs  Hspt,,,,0.0,0.0,0.0,0.0,0.0,0.0,0,0,0.0,0.0,0,0.0,0.62,0.0,0.0,0.0,0.0,0.0,0.0,0.0,0.0,0.0,0.0,0.0,0.0,0.0,0.0,0.0,0.0,0.0,0.0,0.0,0.0,0.0,0.0,0.0,0.0,0.0,0.0,0.0,0.0,0.0,0.0,0.0,0.0,0.0,0.0,0.0,2576438,0.0,0.0,0.0,0,0.0,0.0,0.0,0.0,0.0,0.0,0.0,0.0,0.0,0.0,0.0,0,Pessimo,0,0,0,0,0,0,0,0,0,0,0,0,0,,
LOGG3,Log Commercial Prprts  Prtcpcs S,Financeiro e Outros,Exploração de Imóveis,Exploração de Imóveis,25.55,2.94,24.89,25.68,24.72,24.79,138900,345355,28.82,16.34,2265952185,5.54,4.61,14.37,15.52,0.63,6.31,10.12,0.34,7.84,0.41,4.11,4.01,7.39,7.21,4.37,43.62,3832416297.4799995,383944502.98,306624111.63734776,223908318.67588934,10.02,5.36,8.32,0.03,97.55,252.46,246.31,160.33,0.5,0.9259,3.28,3.2,1.32,0.46,0.54,11.41,33.6,87859154,0.9911,3.9643,3.1876,4,0.9911,65.489972514882,51.053655172413805,66.07166666666667,146.83200000000002,16.518333333333334,156.3208317607906,99.81861124232408,158.59752120026096,474.6849315068494,-35.34898891063275,6,Regular,1,1,0,1,0,1,1,1,0,0,0,0,0,,
LOGN3,Log-in Logistica Intermodal SA,Bens Industriais,Transporte,Transporte Hidroviário,30.2,0.67,30.71,30.74,30.05,30.0,5100,13813,40.15,23.03,3274347091,109.91,0.27,0.0,1.59,3.22,28.2,1.14,0.86,26.87,1.19,8.6,4.38,12.16,6.2,1.13,9.93,1065553405.98,121256329.17999999,269271964.72039473,2872234290.3508773,11.42,3.05,10.01,0.75,16.18,26.08,13.29,4.06,1.33,4.9259,3.56,1.81,1.13,0.73,0.27,21.58,61.36,107306486,0.1202,0.4808,0.2313,4,0.1202,15.889312445791981,13.201517241379312,8.013333333333334,69.3368,2.0033333333333334,-47.38638262982787,-56.28636675039963,-73.46578366445917,129.59205298013242,-93.3664459161148,6,Regular,1,0,1,1,0,0,1,1,1,0,0,0,0,,
LPSB3,LPS Brasil Consultoria de Imoveis SA,Financeiro e Outros,Exploração de Imóveis,Intermediação Imobiliária,1.66,3.11,1.64,1.66,1.62,1.61,34500,196403,2.06,1.09,247733249,5.53,0.3,11.23,15.16,1.07,6.86,1.34,0.67,3.93,0.99,5.71,3.81,3.91,2.61,0.27,1.76,259696150.56,39839750.370000005,63358887.21227621,184875558.95522386,15.55,9.77,11.21,0.5,78.84,35.06,23.39,19.46,0.34,0.5397,1.8,1.2,2.13,0.39,0.63,5.45,0.0,147554631,0.0629,0.2517,0.0378,4,0.0629,3.269862382425291,0.6964137931034484,4.194999999999999,0.0,1.0483333333333333,96.979661591885,-58.047361861238045,152.71084337349393,0.0,-36.847389558232926,7,Bom,1,1,1,1,0,1,1,0,1,0,0,0,0,,
LREN3,Lojas Renner SA,Consumo Cíclico,Comércio,Tecidos. Vestuário e Calçados,14.45,6.52,13.78,14.46,13.78,13.64,8512800,17566613,18.8,12.25,14558978738,9.63,1.51,5.41,5.8,1.54,11.21,1.0,0.85,3.41,2.02,9.37,4.34,8.62,3.99,1.38,10.07,10138930106.65,1389446231.1,1688976651.7401392,14558978738.0,13.72,7.59,14.06,0.85,61.41,23.05,10.67,8.92,0.12,0.2182,0.76,0.35,1.76,0.45,0.55,8.53,4.84,1006845095,0.2096,0.8383,0.2278,4,0.2096,17.682576169777978,7.613031724137931,13.971666666666668,6.679199999999999,3.4933333333333336,22.370769341024072,-47.31465934852642,-3.3102652825836105,-53.77716262975779,-75.82468281430218,6,Regular,1,0,1,1,0,0,1,0,1,1,0,0,0,,
LTEL3B,Litel Participacoes S/A,Materiais Básicos,Mineração,Minerais Metálicos,0.0,0.0,0.0,0.0,0.0,0.0,0,0,0.0,0.0,0,0.0,0.0,1.67,0.0,4.76,35.43,0.0,4.6,429.66,4.81,36.84,0.0,36.55,0.0,2.44,18.2,3922016334.6,525808783.32,0.0,0.0,13.43,12.99,12.68,0.0,0.0,0.0,0.0,0.0,0.04,0.0412,0.29,0.0,1.32,0.03,0.97,0.0,11.79,215495403,0.3854,1.5417,0.6265,4,0.3854,31.609808604292432,23.752474482758625,25.695000000000004,28.767599999999998,6.423333333333334,0.0,0.0,0.0,0.0,0.0,5,Regular,1,0,0,1,0,0,1,1,1,0,0,0,0,,
LUPA3,Lupatech SA,Petróleo. Gás e Biocombustíveis,Petróleo. Gás e Biocombustíveis,Equipamentos e Serviços,0.78,4.0,0.75,0.8,0.74,0.75,61200,77690,1.44,0.7,37328926,0.0,-1.29,0.0,16.37,0.48,5.38,0.8,0.11,1.92,0.15,10.07,4.06,41.52,16.74,0.22,2.39,111583588.66000001,10271292.68,899058.9113680153,46661157.5,9.0,2.09,0.48,0.14,16.84,19.61,7.91,14.8,1.51,6.5652,31.45,12.68,0.82,0.77,0.23,30.38,0.0,46687694,0.1277,0.1277,0.1277,1,0.1277,3.439549389091542,0.5674482758620691,2.1283333333333334,0.0,2.1283333333333334,340.96787039635154,-27.250221043324473,172.86324786324786,0.0,172.86324786324786,3,Fraco,0,1,0,1,0,1,0,0,0,0,0,0,0,,
LUXM3,Trevisa Investimentos SA,Bens Industriais,Transporte,Transporte Hidroviário,0.0,0.0,0.0,0.0,0.0,0.0,0,0,0.77,0.77,147146790,0.0,0.55,0.0,0.0,0.0,0.0,0.0,0.0,0.0,0.0,0.0,0.0,3.71,2.19,1.0,4.03,74087520.0,18384000.0,39662207.54716981,0.0,24.85,17.88,9.29,0.66,31.14,27.83,16.43,27.07,0.02,0.0278,0.15,0.09,1.99,0.28,0.72,2.77,26.26,18384000,0.5741,2.2963,0.2022,4,0.5741,9.522342148862327,11.682758620689658,38.27166666666667,26.26,9.568333333333335,0.0,0.0,0.0,0.0,0.0,5,Regular,1,0,1,0,0,1,1,1,0,0,0,0,0,,
LUXM4,Trevisa Investimentos SA Preference Shares,Bens Industriais,Transporte,Transporte Hidroviário,3.5,-1.41,3.5,3.55,3.44,3.55,400,2794,5.93,2.92,147146790,6.37,0.55,5.52,72.17,1.04,4.2,1.14,0.75,7.5,0.94,6.92,4.09,3.71,2.19,1.0,4.03,93431520.0,23184000.0,39662207.54716981,129076131.57894738,24.85,17.88,9.29,0.66,31.14,27.83,16.43,27.07,0.02,0.0278,0.15,0.09,1.99,0.28,0.72,2.77,26.26,23184000,0.6315,2.5259,0.2224,4,0.6315,9.522342148862327,11.682758620689658,42.098333333333336,26.26,10.525,172.06691853892363,233.79310344827596,1102.8095238095239,650.2857142857143,200.71428571428572,6,Regular,1,0,1,1,0,1,1,1,0,0,0,0,0,,
LVTC3,#N/A,Tecnologia da Informação,Programas e Serviços,Programas e Serviços,0.0,0.0,0.0,0.0,0.0,0.0,0,0,0.0,0.0,0,0.0,0.0,6.76,0.0,0.28,258.44,0.2,0.12,0.54,0.25,3.63,0.45,0.55,0.07,0.01,10.13,0.0,0.0,0.0,0.0,0.11,0.05,5.49,0.61,26.99,44.49,5.58,0.08,0.32,0.7273,4.17,0.52,1.84,0.55,0.44,10.59,0.0,0,0.0,0.0,0.0,0,0.0,1.5097185168103358,0.02579310344827587,0.0,0.0,0.0,0.0,0.0,0.0,0.0,0.0,4,Fraco,0,1,1,1,0,0,1,0,0,0,0,0,0,,
LWSA3,Lwsa SA,Tecnologia da Informação,Programas e Serviços,Programas e Serviços,3.75,3.03,3.64,3.75,3.64,3.63,878200,4405687,4.8,3.28,2120734032,0.0,-0.4,1.18,11.5,1.03,9.13,1.7,0.7,10.05,1.08,8.31,11.95,7.31,10.51,0.48,4.29,2439128191.5,272909448.0,290114094.6648427,1247490607.0588236,11.26,7.63,20.49,0.41,46.91,14.27,20.5,18.67,0.12,0.1765,1.0,1.44,1.24,0.32,0.68,28.85,0.0,568561350,0.1079,0.4314,0.2554,4,0.1079,6.806761344428053,1.2380689655172417,7.19,0.0,1.7983333333333333,81.51363585141475,-66.98482758620689,91.73333333333335,0.0,-52.04444444444445,7,Bom,1,0,1,1,0,1,1,0,1,1,0,0,0,,
MAPT3,Cemepe Investimentos SA,Financeiro e Outros,Outros,Outros,2.52,0.0,0.0,0.0,0.0,2.52,0,53,3.05,2.52,2567490,0.0,-0.11,0.0,0.0,0.42,26.01,0.0,3.57,393.81,3.57,26.01,0.0,29.82,0.0,0.12,7.08,3217541.4,54534.6,86099.59758551308,0.0,1.63,13.71,1.63,0.0,0.0,0.0,0.0,0.0,0.0,0.0,0.0,0.0,0.0,9.41,8.41,0.0,0.0,454455,0.0,0.0,0.0,0,0.0,4.372184808536803,0.3095172413793104,0.0,0.0,0.0,73.49939716415884,-87.7175697865353,0.0,0.0,0.0,1,Pessimo,0,0,0,1,0,0,0,0,0,0,0,0,0,,
MAPT4,Cemepe Investimentos SA Preference Shares,Financeiro e Outros,Outros,Outros,3.0,0.0,0.0,0.0,0.0,3.0,0,10,7.4,2.5,2567490,0.0,-0.11,0.0,33.43,0.55,33.55,0.0,4.6,508.02,4.6,33.55,0.0,29.82,0.0,0.12,7.08,3288235.2,55732.799999999996,86099.59758551308,0.0,1.63,13.71,1.63,0.0,0.0,0.0,0.0,0.0,0.0,0.0,0.0,0.0,0.0,9.41,8.41,0.0,0.0,464440,1.003,1.003,1.003,1,1.003,4.372184808536803,0.3095172413793104,16.716666666666665,0.0,16.716666666666665,45.73949361789342,-89.68275862068965,457.2222222222222,0.0,457.2222222222222,2,Pessimo,0,1,0,1,0,0,0,0,0,0,0,0,0,,
MATD3,Hospital Mater Dei Sa,Saúde,Serv.Méd.Hospit..Análises e Diagnósticos,Serv.Méd.Hospit..Análises e Diagnósticos,5.17,1.78,5.21,5.25,5.13,5.07,147300,116827,6.17,4.0,1721112273,14.06,0.37,3.93,7.05,1.31,23.51,0.91,0.43,1.86,0.67,6.24,3.72,8.57,5.11,0.24,4.39,1464279341.75,80051718.0,200829903.5005834,1891332168.1318681,5.56,1.85,7.89,0.48,28.99,24.45,14.57,3.87,0.49,1.4848,2.32,1.39,2.92,0.66,0.33,24.89,10.05,333548825,0.0911,0.3646,0.1505,4,0.0911,4.868880774880403,2.0828689655172417,6.076666666666666,2.412,1.5183333333333333,-5.824356385292005,-59.71239911958913,17.537072856221787,-53.34622823984526,-70.63185041908446,4,Fraco,0,0,1,1,0,0,1,1,0,0,0,0,0,,
MBLY3,#N/A,Consumo Cíclico,Comércio,Produtos Diversos,0.0,0.0,0.0,0.0,0.0,0.0,0,0,0.0,0.0,0,0.0,0.0,0.0,0.0,0.61,0.8,0.15,0.06,1.25,0.09,1.01,1.38,3.85,5.26,1.22,1.58,0.0,0.0,0.0,0.0,77.03,7.35,21.39,0.4,46.16,10.65,14.54,18.39,1.73,17.3,2.84,3.88,1.16,0.9,0.1,14.79,0.0,0,0.0,0.0,0.0,0,0.0,6.58566625331105,3.1467586206896554,0.0,0.0,0.0,0.0,0.0,0.0,0.0,0.0,6,Regular,1,0,0,1,1,1,1,0,1,0,0,0,0,,
MDIA3,M Dias Brnc S ndstr  Cmrc d lmnts,Consumo não Cíclico,Alimentos Processados,Alimentos Diversos,19.82,2.11,19.55,19.92,19.5,19.41,180000,523595,29.11,19.41,6799012923,9.66,2.06,3.01,0.61,1.0,12.29,0.82,0.64,2.31,1.24,10.73,5.6,9.87,5.15,2.0,24.5,8305500000.0,678000000.0,688856425.8358663,8291479174.3902445,8.17,5.19,6.5,0.78,32.63,14.6,7.61,6.65,0.08,0.125,0.86,0.45,2.33,0.36,0.64,9.62,4.03,339000000,0.03,0.12,0.03,4,0.03,33.20391543176798,10.050206896551726,2.0,8.06,0.5,67.52732306643784,-49.29259890740804,-89.90918264379415,-59.33400605449041,-97.47729566094854,3,Fraco,0,0,1,1,0,0,1,0,0,0,0,0,0,,
MDNE3,Moura Dubeux Engenharia SA,Consumo Cíclico,Construção Civil,Incorporações,27.5,2.27,26.9,28.11,26.9,26.88,486800,1350780,34.28,14.72,2898568750,4.85,5.67,17.16,8.68,1.79,9.19,1.61,0.59,1.83,1.17,8.89,8.43,9.57,9.07,3.39,17.38,1811246167.7199998,353286795.66,302880747.12643677,1800353260.869565,19.53,6.44,11.99,0.37,35.24,19.09,18.1,17.51,0.14,0.4242,0.67,0.64,2.91,0.67,0.33,30.95,0.0,104214394,0.5968,2.3871,0.6116,4,0.5968,36.409607248637,8.74386206896552,39.785000000000004,0.0,9.946666666666667,32.398571813225466,-68.20413793103447,44.672727272727286,0.0,-63.830303030303035,8,Bom,1,1,1,1,0,1,1,0,1,1,0,0,0,,
MEAL3,International Meal Company Alimentcao SA,Consumo Cíclico,Hoteis e Restaurantes,Restaurante e Similares,0.97,0.0,0.95,0.97,0.95,0.97,113100,274853,1.47,0.86,281246658,0.0,-0.64,0.0,97.74,0.36,2.22,0.16,0.14,2.78,0.17,11.84,2.08,21.53,3.78,0.51,3.15,903031101.0,146205035.4,13063012.44774733,1757791612.5,16.18,6.38,0.55,0.87,33.74,7.8,1.37,7.31,0.29,0.7436,9.69,1.7,0.77,0.61,0.39,6.77,0.0,286676540,0.237,0.9481,0.0118,4,0.237,6.012175147149324,1.3154482758620691,15.801666666666668,0.0,3.9499999999999997,519.8118708401365,35.613224315677236,1529.0378006872852,0.0,307.2164948453608,4,Fraco,1,1,1,1,0,0,0,0,0,0,0,0,0,,
MELK3,Melnick Desenvolvimento Imobiliario SA,Consumo Cíclico,Construção Civil,Incorporações,3.24,2.21,3.17,3.24,3.15,3.17,170300,613217,4.01,2.76,675932365,5.07,0.64,14.12,17.3,0.75,6.94,0.68,0.3,0.68,1.14,7.05,7.22,8.34,8.54,0.57,5.32,1097352894.1200001,117573524.36999999,81047046.16306955,994018183.8235294,10.75,4.38,4.67,0.45,24.77,9.42,9.65,9.8,0.14,0.3415,1.29,1.33,2.6,0.54,0.41,12.82,21.01,206269341,0.1401,0.5604,0.251,4,0.1401,8.26008474532798,6.659172413793104,9.34,11.9757,2.335,154.94088720148085,105.53001277139207,188.27160493827157,269.6203703703703,-27.932098765432105,6,Regular,1,1,1,1,0,0,1,1,0,0,0,0,0,,
MERC3,#N/A,Financeiro e Outros,Intermediários Financeiros,Soc. Crédito e Financiamento,0.0,0.0,0.0,0.0,0.0,0.0,0,0,0.0,0.0,0,0.0,0.0,0.0,0.0,1.04,17.12,5.49,0.98,21.07,1.03,10.11,0.0,9.98,0.0,0.89,14.66,0.0,0.0,0.0,0.0,6.09,5.72,0.0,0.18,91.73,0.0,54.29,32.04,0.0,0.0,0.0,0.0,0.0,0.06,0.94,2.99,15.25,0,0.3139,1.2556,0.1237,4,0.3139,17.133782419535972,10.397655172413796,20.92666666666667,13.5725,5.231666666666667,0.0,0.0,0.0,0.0,0.0,3,Fraco,0,0,0,1,0,1,0,1,0,0,0,0,0,,
MERC4,#N/A,Financeiro e Outros,Intermediários Financeiros,Soc. Crédito e Financiamento,0.0,0.0,0.0,0.0,0.0,0.0,0,0,0.0,0.0,0,0.0,0.0,0.0,0.0,1.01,16.59,5.31,0.95,20.41,0.99,9.79,0.0,9.98,0.0,0.89,14.66,0.0,0.0,0.0,0.0,6.09,5.72,0.0,0.18,91.73,0.0,54.29,32.04,0.0,0.0,0.0,0.0,0.0,0.06,0.94,2.99,15.25,0,0.2322,0.929,0.45,4,0.2322,17.133782419535972,10.397655172413796,15.483333333333334,13.5725,3.87,0.0,0.0,0.0,0.0,0.0,3,Fraco,0,0,0,1,0,1,0,1,0,0,0,0,0,,
MGEL3,Mangels Industrial SA,Materiais Básicos,Siderurgia e Metalurgia,Artefatos de Ferro e Aço,0.0,-100.0,0.0,0.0,0.0,74.1,0,0,24.71,0.0,20971514,0.0,8.3,0.0,0.0,13.84,48.62,0.41,0.57,5.5,1.01,6.48,3.66,10.91,6.15,1.52,5.35,11059750.049999999,3142209.36,1922228.5976168653,51150034.146341465,28.47,1.18,8.04,1.38,12.32,11.35,6.4,0.85,17.55,438.75,8.22,4.64,1.32,0.96,0.04,11.25,0.0,2067243,0.3756,1.5023,0.295,4,0.3756,13.526640381114595,3.9205517241379315,25.038333333333334,0.0,6.26,0.0,0.0,0.0,0.0,0.0,3,Fraco,1,0,0,1,0,0,1,0,0,0,0,0,0,,
MGEL4,Mangels Industrial SA Preference Shares,Materiais Básicos,Siderurgia e Metalurgia,Artefatos de Ferro e Aço,5.58,-1.59,5.57,5.58,5.57,5.67,500,10390,9.0,3.9,20971514,0.67,8.3,0.0,29.77,1.25,4.4,0.04,0.05,0.5,0.09,0.59,0.33,10.91,6.15,1.52,5.35,19880434.15,5648272.88,1922228.5976168653,524287850.0,28.47,1.18,8.04,1.38,12.32,11.35,6.4,0.85,17.55,438.75,8.22,4.64,1.32,0.96,0.04,11.25,0.0,3715969,0.4152,1.6609,0.325,4,0.4152,13.526640381114595,3.9205517241379315,27.68166666666667,0.0,6.920000000000001,142.41291005581712,-29.73921641329872,396.08721624850654,0.0,24.014336917562737,4,Fraco,1,1,0,1,0,0,1,0,0,0,0,0,0,,
MGLU3,Magazine Luiza SA,Consumo Cíclico,Comércio,Eletrodomésticos,6.62,2.16,6.53,6.67,6.49,6.49,12723200,15711327,11.44,6.15,5136755149,37.66,0.18,2.99,13.7,0.71,21.52,0.21,0.21,1.98,0.44,4.38,2.2,6.79,3.41,0.47,14.38,11158089243.800001,364694154.7,756517694.9926362,24460738804.761906,3.3,0.99,6.85,1.03,30.65,9.39,4.72,0.96,0.39,1.3,2.41,1.21,1.26,0.7,0.3,13.85,16.79,775945010,0.2268,0.9072,0.3052,4,0.2268,12.331605734858702,5.490896551724139,15.120000000000001,7.891299999999999,3.7800000000000002,86.27803224862086,-17.055943327429933,128.3987915407855,19.203927492447118,-42.90030211480362,5,Regular,0,0,1,1,0,0,1,1,0,1,0,0,0,15508441000.0,9124675000.0
MILS3,Mills Locacao Servicos E Logistica SA,Bens Industriais,Serviços,Serviços Diversos,13.41,7.62,12.46,13.49,12.46,12.46,1059900,930733,15.23,9.33,3140328285,7.33,1.83,3.08,8.39,2.1,11.84,1.98,0.79,3.23,1.27,5.87,3.47,8.17,4.83,1.27,7.17,1679057744.19,297406322.89,384373107.0991432,1586024386.3636365,17.75,6.65,10.62,0.4,63.07,57.16,33.83,16.76,0.83,2.2432,2.3,1.36,2.78,0.62,0.37,29.09,0.0,234178207,0.2814,1.1257,0.6617,4,0.2814,14.31372593002954,3.275724137931035,18.761666666666667,0.0,4.6899999999999995,6.739194109094253,-75.57252693563731,39.90802883420333,0.0,-65.0260999254288,6,Regular,1,0,1,1,0,1,1,0,1,0,0,0,0,,
MLAS3,Grupo Multi SA,Tecnologia da Informação,Computadores e Equipamentos,Computadores e Equipamentos,1.75,9.43,1.62,1.71,1.6,1.59,962900,1357233,1.76,0.8,1419532312,7.77,0.22,3.68,9.91,0.37,21.84,0.3,0.21,0.61,0.7,13.86,6.67,14.24,6.85,0.06,3.7,3035995132.5,49232353.5,99686257.86516854,4731774373.333334,1.7,0.97,0.77,0.7,24.38,4.52,2.18,1.38,0.01,0.0175,0.38,0.18,1.99,0.43,0.57,12.16,0.0,820539225,0.0868,0.1735,0.0505,2,0.0868,2.234949663862701,0.1547586206896552,2.8916666666666666,0.0,1.4466666666666668,27.711409363582924,-91.15665024630542,65.23809523809524,0.0,-17.33333333333333,4,Fraco,0,0,1,1,0,0,1,0,0,1,0,0,0,,
MMAQ3,Minasmaquinas SA,Bens Industriais,Comércio,Material de Transporte,2550.01,193.81,0.0,0.0,0.0,867.9,0,0,2550.01,2550.01,0,2.28,1118.89,0.0,33.14,0.0,0.0,0.0,0.0,0.0,0.0,0.0,0.0,2.92,0.0,707.08,6390.27,127786229.19000001,14139478.760000002,0.0,0.0,12.35,5.78,7.1,2.18,6.52,0.0,3.92,2.65,0.48,1.0213,2.65,0.0,1.58,0.53,0.47,28.33,16.54,19997,211.2638,845.055,157.8739,4,211.2638,10082.892566669547,8260.644965517244,14084.25,11695.1032,3521.0633333333335,295.4060010223311,223.9455910179663,452.3213634456335,358.6296994913745,38.08037354101879,4,Fraco,1,1,0,0,0,0,1,1,0,0,0,0,0,,
MMAQ4,Minasmaquinas SA Preference Shares,Bens Industriais,Comércio,Material de Transporte,2550.01,193.81,0.0,0.0,0.0,867.9,0,0,2550.01,2550.01,0,2.28,1118.89,0.0,33.35,0.01,0.07,0.0,0.0,0.01,0.02,0.05,0.0,2.92,0.0,707.08,6390.27,106890046.29,11827327.16,0.0,0.0,12.35,5.78,7.1,2.18,6.52,0.0,3.92,2.65,0.48,1.0213,2.65,0.0,1.58,0.53,0.47,28.33,16.54,16727,212.6131,850.4522,250.3399,4,212.6131,10082.892566669547,8260.644965517244,14174.203333333333,11695.1032,3543.5516666666667,295.4060010223311,223.9455910179663,455.8489313113804,358.6296994913745,38.96226550745552,6,Regular,1,1,0,1,1,0,1,1,0,0,0,0,0,,
MMXM3,#N/A,Materiais Básicos,Mineração,Minerais Metálicos,0.0,0.0,0.0,0.0,0.0,0.0,0,0,0.0,0.0,0,0.0,0.0,0.0,0.0,0.11,2.17,0.0,0.71,0.1,0.75,181.31,0.0,719.57,0.0,6.46,129.88,0.0,0.0,0.0,0.0,4.97,32.75,0.28,0.0,0.0,0.0,0.0,0.0,0.0,0.0,538.27,0.0,0.01,7.6,6.58,6.95,0.0,0,0.0034,0.0135,0.0042,4,0.0034,137.39744539109887,16.66234482758621,0.225,0.0,0.056666666666666664,0.0,0.0,0.0,0.0,0.0,1,Pessimo,0,0,0,1,0,0,0,0,0,0,0,0,0,,
MNDL3,Mundial SA Produtos de Consumo,Consumo Cíclico,Tecidos. Vestuário e Calçados,Acessórios,16.89,3.62,16.89,16.89,16.89,16.3,100,1660,22.0,14.51,170379862,0.0,-2.22,0.0,0.41,1.29,7.29,0.18,0.12,1.07,0.21,1.45,0.0,5.67,0.0,2.46,13.87,137604824.79999998,24405758.4,30049358.377425045,946554788.888889,17.71,1.7,16.21,0.7,36.89,0.0,12.25,2.44,3.75,37.5,4.22,0.0,0.78,0.9,0.1,14.83,0.0,9921040,0.0173,0.069,0.0448,4,0.0173,27.70748093926981,6.3451034482758635,1.1500000000000001,0.0,0.28833333333333333,64.04666038644055,-62.43278005757333,-93.19123741859087,0.0,-98.29287546871916,3,Fraco,1,0,0,1,0,0,0,0,1,0,0,0,0,,
MNPR3,Minupar Participacoes SA,Consumo não Cíclico,Alimentos Processados,Carnes e Derivados,4.0,0.25,4.0,4.09,3.95,3.99,18900,19574,5.82,2.23,284004000,0.56,7.19,0.0,0.12,1.51,0.59,0.71,0.69,1.96,1.47,1.57,0.97,0.95,0.59,7.33,2.84,201642840.0,520437330.0,298951578.94736844,400005633.8028169,258.34,118.03,9.1,0.97,28.87,73.3,45.58,121.7,0.59,1.2826,0.61,0.38,3.01,0.54,0.46,8.54,0.0,71001000,0.005,0.005,0.005,1,0.005,21.642250345100436,18.90634482758621,0.08333333333333334,0.0,0.08333333333333334,441.0562586275109,372.65862068965527,-97.91666666666666,0.0,-97.91666666666666,6,Regular,1,0,1,1,1,1,1,0,0,0,0,0,0,,
MOAR3,#N/A,Financeiro e Outros,Holdings Diversificadas,Holdings Diversificadas,0.0,0.0,0.0,0.0,0.0,0.0,0,0,0.0,0.0,0,0.0,0.0,67.98,0.0,0.81,23.51,0.0,0.34,0.77,0.86,11.73,0.0,4.93,0.0,2.6,75.49,0.0,0.0,0.0,0.0,3.45,1.44,9.19,0.0,0.0,0.0,0.0,0.0,0.47,1.119,6.8,0.0,3.6,0.58,0.42,0.0,20.45,0,3.3119,13.2477,7.738,4,3.3119,66.45423237085807,30.375172413793113,220.79500000000002,53.17,55.19833333333334,0.0,0.0,0.0,0.0,0.0,4,Fraco,0,1,0,1,0,0,1,1,0,0,0,0,0,,
MODL11,#N/A,Financeiro e Outros,Intermediários Financeiros,Bancos,0.0,0.0,0.0,0.0,0.0,0.0,0,0,0.0,0.0,0,0.0,0.0,0.0,0.0,1.66,27.27,1.5,0.27,0.63,0.3,29.26,0.0,29.26,0.0,0.31,5.09,0.0,0.0,0.0,0.0,6.1,0.97,0.0,0.18,50.83,0.0,5.11,5.48,0.0,0.0,0.0,0.0,0.2,0.84,0.16,0.0,0.0,0,0.0768,0.3072,0.0656,4,0.0768,5.958418414310965,0.7995862068965518,5.12,0.0,1.28,0.0,0.0,0.0,0.0,0.0,1,Pessimo,0,0,0,1,0,0,0,0,0,0,0,0,0,,
MODL3,#N/A,Financeiro e Outros,Intermediários Financeiros,Bancos,0.0,0.0,0.0,0.0,0.0,0.0,0,0,0.0,0.0,0,0.0,0.0,0.0,0.0,1.82,29.78,1.63,0.29,0.69,0.32,31.96,0.0,29.26,0.0,0.1,1.7,0.0,0.0,0.0,0.0,6.1,0.97,0.0,0.18,50.83,0.0,5.11,5.48,0.0,0.0,0.0,0.0,0.2,0.84,0.16,0.0,0.0,0,0.0244,0.0977,0.0219,4,0.0244,1.9557607215607946,0.25793103448275867,1.6283333333333334,0.0,0.40666666666666673,0.0,0.0,0.0,0.0,0.0,1,Pessimo,0,0,0,1,0,0,0,0,0,0,0,0,0,,
MODL4,#N/A,Financeiro e Outros,Intermediários Financeiros,Bancos,0.0,0.0,0.0,0.0,0.0,0.0,0,0,0.0,0.0,0,0.0,0.0,0.0,0.0,1.6,26.3,1.44,0.26,0.61,0.29,28.22,0.0,29.26,0.0,0.1,1.7,0.0,0.0,0.0,0.0,6.1,0.97,0.0,0.18,50.83,0.0,5.11,5.48,0.0,0.0,0.0,0.0,0.2,0.84,0.16,0.0,0.0,0,0.0256,0.1024,0.0219,4,0.0256,1.9557607215607946,0.25793103448275867,1.7066666666666668,0.0,0.4266666666666667,0.0,0.0,0.0,0.0,0.0,1,Pessimo,0,0,0,1,0,0,0,0,0,0,0,0,0,,
MOSI3,#N/A,Tecnologia da Informação,Programas e Serviços,Programas e Serviços,0.0,0.0,0.0,0.0,0.0,0.0,0,0,0.0,0.0,0,0.0,0.0,0.0,0.0,0.14,2.17,0.07,0.02,0.0,0.02,0.0,2.25,0.0,2.23,3.79,59.43,0.0,0.0,0.0,0.0,6.38,0.74,0.0,0.22,0.0,3.31,0.0,3.42,0.0,0.0,0.0,0.02,0.0,0.88,0.12,0.0,0.0,0,0.0008,0.0008,0.0008,1,0.0008,71.18913716291271,9.775586206896554,0.013333333333333334,0.0,0.013333333333333334,0.0,0.0,0.0,0.0,0.0,2,Pessimo,0,0,1,1,0,0,0,0,0,0,0,0,0,,
MOTV3,Motiva Infraestrutura de Mobilidade SA,Bens Industriais,Transporte,Exploração de Rodovias,15.34,4.5,14.81,15.36,14.79,14.68,3467100,9422289,17.76,11.75,31319649744,9.19,1.67,2.85,4.15,2.21,11.9,1.58,0.51,6.28,0.62,4.39,4.6,8.55,8.96,1.43,7.7,15554000000.0,2888600000.0,3663116929.1228065,19822563129.113922,18.6,4.3,12.86,0.32,43.84,34.25,35.9,13.25,2.09,9.087,4.16,4.36,1.89,0.76,0.23,15.52,14.99,2020000000,0.159,0.636,0.1464,4,0.159,15.739996823379602,16.697666206896557,10.600000000000001,21.4357,2.6500000000000004,2.607541221509795,8.850496785505586,-30.899608865710547,39.737288135593225,-82.72490221642764,7,Bom,1,0,0,1,0,1,1,1,1,1,0,0,0,,
MOVI3,Movida Participacoes SA,Consumo Cíclico,Diversos,Aluguel de carros,9.65,7.47,9.16,9.77,9.15,8.97,3727500,7217260,14.85,5.25,3896919572,9.17,1.06,5.69,4.67,1.7,17.05,0.33,0.16,1.42,0.21,1.53,0.0,6.5,0.0,0.8,8.01,3221293117.41,321727152.8,599526088.0,11808847187.878788,9.98,0.94,14.09,0.48,32.08,0.0,21.67,1.95,5.51,61.2222,4.97,0.0,0.69,0.91,0.09,28.58,4.08,402158941,0.1126,0.4502,0.0239,4,0.1126,12.007497657713701,4.044358620689656,7.503333333333334,3.2640000000000002,1.876666666666667,24.43002754107462,-58.08954797212792,-22.245250431778928,-66.17616580310882,-80.55267702936096,3,Fraco,0,0,0,1,0,0,0,0,1,1,0,0,0,,
MPLU3,#N/A,Consumo Cíclico,Diversos,Programas de Fidelização,0.0,0.0,0.0,0.0,0.0,0.0,0,0,0.0,0.0,0,0.0,0.0,0.0,0.0,17.37,12.2,6.88,2.68,50.65,23.58,10.37,9.78,7.73,7.3,2.2,1.54,0.0,0.0,0.0,0.0,142.4,21.94,100.98,0.39,95.29,70.3,66.35,56.37,4.42,29.4667,2.64,2.49,1.06,0.85,0.15,17.46,8.96,0,0.2035,0.8141,0.0209,4,0.2035,8.73097932651315,17.637627586206904,13.568333333333335,19.712000000000003,3.3916666666666666,0.0,0.0,0.0,0.0,0.0,6,Regular,1,0,1,0,0,1,1,1,1,0,0,0,0,,
MRFG3,#N/A,Consumo não Cíclico,Alimentos Processados,Carnes e Derivados,0.0,0.0,0.0,0.0,0.0,0.0,0,0,0.0,0.0,0,0.0,0.0,14.46,0.0,2.3,9.82,0.17,0.2,6.21,0.33,5.09,2.03,13.69,5.45,1.98,8.45,0.0,0.0,0.0,0.0,23.42,2.07,2.41,1.18,12.48,8.52,3.39,1.76,3.88,43.1111,8.6,3.42,1.09,0.89,0.09,25.01,67.15,0,0.0,0.0,0.0,0,0.0,19.402255023579087,23.13186206896552,0.0,132.95700000000002,0.0,0.0,0.0,0.0,0.0,0.0,5,Regular,1,1,0,1,0,0,1,1,0,0,0,0,0,,
MRSA3B,MRS Logistica S/A,Bens Industriais,Transporte,Transporte Ferroviário,42.99,0.0,0.0,0.0,0.0,42.99,0,30,50.0,25.04,13500050000,0.0,0.0,2.21,6.53,1.66,9.57,2.0,0.64,6.67,0.85,5.5,2.86,7.19,3.74,4.47,25.72,4815046369.719999,836829598.4699999,1877614742.698192,6750025000.0,17.39,6.64,8.93,0.32,44.64,69.71,36.24,20.85,0.56,1.4737,1.85,0.96,1.62,0.62,0.38,17.02,24.6,187210201,0.7013,2.8051,0.9454,4,0.7013,50.86048564455514,52.221931034482765,46.751666666666665,109.962,11.688333333333334,18.307712594917742,21.474601150227407,8.750096921764742,155.7850662944871,-72.8115065519113,6,Regular,1,0,1,1,0,1,1,1,0,0,0,0,0,,
MRSA5B,MRS Logística,Bens Industriais,Transporte,Transporte Ferroviário,38.0,3.12,0.0,0.0,0.0,36.85,0,20,49.99,22.02,13500050000,0.0,0.0,2.62,6.22,1.56,8.94,1.86,0.59,6.23,0.79,5.14,2.67,7.19,3.74,4.47,25.72,2098445057.52,364698655.02,1877614742.698192,7258091397.849462,17.39,6.64,8.93,0.32,44.64,69.71,36.24,20.85,0.56,1.4737,1.85,0.96,1.62,0.62,0.38,17.02,24.6,81588066,0.5905,2.3622,0.8881,4,0.5905,50.86048564455514,52.221931034482765,39.370000000000005,109.962,9.841666666666667,33.84338327514511,37.42613430127044,3.6052631578947487,189.3736842105263,-74.10087719298245,6,Regular,1,0,1,1,0,1,1,1,0,0,0,0,0,,
MRSA6B,MRS Logística,Bens Industriais,Transporte,Transporte Ferroviário,36.5,3.26,0.0,0.0,0.0,35.35,0,13,50.0,23.5,13500050000,0.0,0.0,2.35,8.47,1.73,9.95,2.07,0.66,6.93,0.88,5.72,2.98,7.19,3.74,4.47,25.72,1779277501.4399998,309229021.44,1877614742.698192,6521763285.024155,17.39,6.64,8.93,0.32,44.64,69.71,36.24,20.85,0.56,1.4737,1.85,0.96,1.62,0.62,0.38,17.02,24.6,69178752,0.7733,3.0931,1.0474,4,0.7733,50.86048564455514,52.221931034482765,51.55166666666667,109.962,12.888333333333334,39.34379628645244,43.073783656117165,41.237442922374434,201.26575342465753,-64.68949771689498,6,Regular,1,0,1,1,0,1,1,1,0,0,0,0,0,,
MRVE3,MRV Engenharia e Participacoes SA,Consumo Cíclico,Construção Civil,Incorporações,6.5,6.22,6.16,6.51,6.16,6.11,5204200,10053633,10.53,4.86,3705835858,0.0,-1.35,0.0,12.75,0.96,3.77,0.49,0.18,0.68,0.4,29.92,13.23,77.69,34.34,2.37,9.35,5262514458.849999,1333920777.27,47700294.220620416,7562930322.448979,25.34,4.69,3.04,0.36,28.66,3.71,1.64,13.02,1.53,8.5,47.77,21.11,1.87,0.79,0.18,8.27,0.0,562835771,0.2071,0.8286,0.1978,4,0.2071,22.329100967123598,6.11296551724138,13.81,0.0,3.451666666666667,243.52463026343995,-5.954376657824918,112.46153846153848,0.0,-46.89743589743589,6,Regular,1,1,0,1,0,1,1,0,0,1,0,0,0,,
MSPA3,Companhia Melhoramentos de Sao Paulo,Consumo Cíclico,Mídia,Jornais. Livros e Revistas,47.0,0.0,0.0,0.0,0.0,47.0,0,0,47.0,44.18,299770900,0.0,-5.11,0.0,6.48,0.37,22.68,1.69,0.21,26.02,0.23,15.45,7.5,23.94,11.62,2.07,127.09,715700345.0500001,11657091.149999999,12521758.563074352,177379230.76923078,1.63,0.92,0.81,0.12,38.12,22.48,10.92,7.44,0.21,0.3684,8.72,4.23,1.1,0.43,0.57,6.03,0.0,5631445,0.7611,3.0443,0.2889,4,0.7611,76.93644617474867,5.339172413793104,50.73833333333333,0.0,12.685,63.69456632925249,-88.64005869405722,7.953900709219851,0.0,-73.01063829787233,3,Fraco,0,1,0,1,0,0,1,0,0,0,0,0,0,,
MSPA4,Companhia Melhoramentos de Sao Paulo Preference Shares,Consumo Cíclico,Mídia,Jornais. Livros e Revistas,41.0,0.0,0.0,0.0,0.0,41.0,0,0,41.0,39.5,299770900,0.0,-5.11,0.0,8.17,0.32,19.78,1.47,0.18,22.7,0.2,13.48,6.55,23.94,11.62,2.07,127.09,98304623.36,1601153.2799999998,12521758.563074352,203925782.31292516,1.63,0.92,0.81,0.12,38.12,22.48,10.92,7.44,0.21,0.3684,8.72,4.23,1.1,0.43,0.57,6.03,0.0,773504,0.8376,3.3504,0.3192,4,0.8376,76.93644617474867,5.339172413793104,55.84,0.0,13.96,87.6498687188992,-86.9776282590412,36.19512195121952,0.0,-65.95121951219512,3,Fraco,0,1,0,1,0,0,1,0,0,0,0,0,0,,
MSRO3,#N/A,Consumo Cíclico,Diversos,Aluguel de carros,0.0,0.0,0.0,0.0,0.0,0.0,0,0,0.0,0.0,0,0.0,0.0,0.0,0.0,318.16,1898.58,162.71,75.1,165.74,97.42,965.8,386.98,973.34,390.0,0.37,2.21,0.0,0.0,0.0,0.0,16.76,3.96,7.19,0.46,34.18,42.05,16.85,8.57,2.49,10.375,7.54,3.02,0.34,0.76,0.24,6.4,0.0,0,0.1094,0.1094,0.1094,1,0.1094,4.289318127628213,0.9543448275862071,1.8233333333333333,0.0,1.8233333333333333,0.0,0.0,0.0,0.0,0.0,1,Pessimo,1,0,0,0,0,0,0,0,0,0,0,0,0,,
MTIG3,#N/A,Materiais Básicos,Embalagens,Embalagens,0.0,0.0,0.0,0.0,0.0,0.0,0,0,0.0,0.0,0,0.0,0.0,0.0,0.0,0.0,0.0,0.0,0.0,0.0,0.0,0.0,0.0,1.28,1.39,0.46,0.06,0.0,0.0,0.0,0.0,725.28,74.53,104.33,0.66,16.12,58.94,64.07,113.09,0.0,0.0,1.17,1.27,0.27,1.1,0.1,17.44,0.0,0,0.11,0.4399,0.4378,4,0.11,0.7880355321938218,1.1864827586206899,7.331666666666667,0.0,1.8333333333333335,0.0,0.0,0.0,0.0,0.0,4,Fraco,1,0,1,0,0,1,0,0,1,0,0,0,0,,
MTIG4,#N/A,Materiais Básicos,Embalagens,Embalagens,0.0,0.0,0.0,0.0,0.0,0.0,0,0,0.0,0.0,0,0.0,0.0,0.0,0.0,359.15,49.52,56.0,36.91,50.93,50.15,87.41,95.02,1.28,1.39,0.46,0.06,0.0,0.0,0.0,0.0,725.28,74.53,104.33,0.66,16.12,58.94,64.07,113.09,0.0,0.0,1.17,1.27,0.27,1.1,0.1,17.44,0.0,0,0.11,0.4399,0.4378,4,0.11,0.7880355321938218,1.1864827586206899,7.331666666666667,0.0,1.8333333333333335,0.0,0.0,0.0,0.0,0.0,4,Fraco,1,0,1,0,0,1,0,0,1,0,0,0,0,,
MTRE3,Mitre Realty Emprndmnts e Prtcpcs SA,Consumo Cíclico,Construção Civil,Incorporações,3.61,6.87,3.36,3.59,3.36,3.35,542400,539529,4.23,2.96,381847016,7.12,0.51,12.78,4.45,0.42,8.46,0.38,0.18,0.42,0.78,4.75,4.48,10.56,9.96,0.46,9.35,988994567.0,48656417.2,36159755.303030305,1004860568.4210526,4.95,2.17,3.77,0.48,25.58,8.48,7.99,4.49,0.51,1.1591,5.8,5.47,2.32,0.54,0.44,30.48,8.93,105774820,0.0402,0.1607,0.0425,4,0.0402,9.837301459241756,3.679492413793104,2.6783333333333337,4.1078,0.67,172.50142546376057,1.924997611997344,-25.8079409048938,13.789473684210535,-81.4404432132964,4,Fraco,0,1,0,1,0,0,1,1,0,0,0,0,0,,
MTSA3,Metisa Metalurgica Timboense SA,Bens Industriais,Máquinas e Equipamentos,Máq. e Equip. Construção e Agrícolas,76.0,4.76,0.0,0.0,0.0,72.55,0,0,76.0,75.0,516529409,16.69,4.55,5.56,3.55,1.41,16.17,1.22,1.16,1.91,4.91,16.77,8.01,10.31,4.92,4.67,53.6,225791608.0,19672515.1,50099845.68380213,423384761.47540987,8.71,7.18,1.7,0.95,23.32,15.22,7.27,7.54,0.31,0.378,3.74,1.79,4.96,0.18,0.82,11.91,17.91,4212530,0.675,2.7,1.1,4,0.675,75.0467854075043,54.5584827586207,45.00000000000001,83.6397,11.250000000000002,-1.2542297269680236,-28.212522686025398,-40.78947368421051,10.05223684210527,-85.19736842105263,4,Fraco,0,0,1,1,0,0,1,1,0,0,0,0,0,,
MTSA4,Metisa Metalurgica Timboense SA Preference Shares,Bens Industriais,Máquinas e Equipamentos,Máq. e Equip. Construção e Agrícolas,56.53,-1.0,57.4,57.4,56.45,57.1,20800,817,64.91,36.04,516529409,12.41,4.55,8.88,5.25,0.97,11.14,0.84,0.8,1.31,3.38,11.55,5.52,10.31,4.92,4.67,53.6,245337920.0,21375524.0,50099845.68380213,614915963.0952381,8.71,7.18,1.7,0.95,23.32,15.22,7.27,7.54,0.31,0.378,3.74,1.79,4.96,0.18,0.82,11.91,17.91,4577200,0.7425,2.97,1.21,4,0.7425,75.0467854075043,54.5584827586207,49.50000000000001,83.6397,12.375000000000002,32.7556791217129,-3.487559245319835,-12.435874756766307,47.95630638598974,-78.10896868919158,5,Regular,0,1,1,1,0,0,1,1,0,0,0,0,0,,
MULT3,Multiplan Empreendimentos Imobiliaris SA,Financeiro e Outros,Exploração de Imóveis,Exploração de Imóveis,30.25,3.81,29.49,30.43,29.26,29.12,1701400,3454993,35.63,24.02,15518073194,12.15,2.5,3.06,3.38,2.85,13.9,6.18,1.34,21.97,1.62,9.4,8.45,11.83,10.63,2.4,11.73,6019410212.7300005,1231592882.3999999,1311755975.8241758,2511015079.935275,20.47,9.62,14.77,0.22,80.37,73.08,65.72,44.42,0.74,1.5745,2.43,2.18,1.55,0.53,0.47,14.28,21.2,513163701,0.2557,1.0229,0.3065,4,0.2557,25.167836617397214,28.038620689655176,17.048333333333332,50.879999999999995,4.261666666666667,-16.800540107777806,-7.310344827586196,-43.64187327823692,68.19834710743801,-85.91184573002755,8,Bom,1,0,1,1,0,1,1,1,1,1,0,0,0,,
MWET3,Wetzel SA,Bens Industriais,Material de Transporte,Material Rodoviário,16.0,0.0,0.0,0.0,0.0,16.0,0,0,17.0,12.57,30250660,0.0,-9.81,0.0,0.0,3.91,4.28,0.15,0.1,1.6,0.17,0.64,0.74,2.52,2.93,3.74,4.09,2805744.09,2565643.74,12004230.158730159,201671066.6666667,91.35,2.4,32.41,0.7,8.99,19.78,23.0,3.43,12.45,415.0,2.03,2.36,0.86,0.97,0.03,9.33,0.0,686001,0.0,0.0,0.0,0,0.0,18.551913647923225,9.646620689655174,0.0,0.0,0.0,15.949460299520158,-39.70862068965516,0.0,0.0,0.0,4,Fraco,1,0,1,1,0,0,0,0,1,0,0,0,0,,
MWET4,Wetzel SA Preference Shares,Bens Industriais,Material de Transporte,Material Rodoviário,13.8,0.0,0.0,0.0,0.0,13.8,0,197,25.17,8.2,30250660,0.0,-9.81,0.0,0.0,2.5,2.74,0.09,0.07,1.02,0.11,0.41,0.47,2.52,2.93,3.74,4.09,5611488.18,5131287.48,12004230.158730159,336118444.4444445,91.35,2.4,32.41,0.7,8.99,19.78,23.0,3.43,12.45,415.0,2.03,2.36,0.86,0.97,0.03,9.33,0.0,1372002,0.0,0.0,0.0,0,0.0,18.551913647923225,9.646620689655174,0.0,0.0,0.0,34.434156869008866,-30.09695152423787,0.0,0.0,0.0,4,Fraco,1,0,1,1,0,0,0,0,1,0,0,0,0,,
MYPK3,Iochpe Maxion SA,Consumo Cíclico,Automóveis e Motocicletas,Automóveis e Motocicletas,9.03,3.2,8.79,9.02,8.76,8.74,285500,1358253,14.27,8.76,1402358413,14.78,0.61,4.78,11.28,0.38,8.02,0.1,0.11,0.58,0.21,1.63,1.04,5.66,3.62,1.31,27.31,4198082303.31,201372677.31,247766504.06360424,14023584130.0,4.79,1.39,8.63,1.09,12.2,9.86,6.3,1.28,0.95,3.2759,4.03,2.58,1.74,0.68,0.29,8.89,9.83,153719601,0.2547,1.0189,0.3071,4,0.2547,28.371856654085928,11.194085517241382,16.981666666666666,12.8773,4.245,214.19553326783975,23.96550960400202,88.05832410483573,42.60575858250278,-52.99003322259136,4,Fraco,0,0,0,1,0,0,1,1,0,1,0,0,0,,
NAFG3,#N/A,Consumo Cíclico,Utilidades Domésticas,Utensílios Domésticos,0.0,0.0,0.0,0.0,0.0,0.0,0,0,0.0,0.0,0,0.0,0.0,0.0,0.0,2.76,11.8,1.1,1.15,3.2,2.87,6.68,5.19,5.06,3.93,5.46,23.3,0.0,0.0,0.0,0.0,23.42,9.77,15.89,1.05,41.15,21.22,16.49,9.34,0.48,1.1429,1.17,0.91,2.52,0.58,0.42,7.87,35.19,0,0.1649,0.6596,0.0334,4,0.1649,53.50144857851981,63.78786206896553,10.993333333333332,192.13739999999999,2.748333333333333,0.0,0.0,0.0,0.0,0.0,6,Regular,1,0,1,1,0,0,1,1,1,0,0,0,0,,
NAFG4,#N/A,Consumo Cíclico,Utilidades Domésticas,Utensílios Domésticos,0.0,0.0,0.0,0.0,0.0,0.0,0,0,0.0,0.0,0,0.0,0.0,0.0,0.0,0.82,3.49,0.33,0.34,0.94,0.85,1.97,1.53,5.06,3.93,5.46,23.3,0.0,0.0,0.0,0.0,23.42,9.77,15.89,1.05,41.15,21.22,16.49,9.34,0.48,1.1429,1.17,0.91,2.52,0.58,0.42,7.87,35.19,0,0.1649,0.6596,0.0334,4,0.1649,53.50144857851981,63.78786206896553,10.993333333333332,192.13739999999999,2.748333333333333,0.0,0.0,0.0,0.0,0.0,6,Regular,1,0,1,1,0,0,1,1,1,0,0,0,0,,
NEMO3,Suzano Holding SA,Materiais Básicos,Madeira e Papel,Papel e Celulose,0.0,0.0,0.0,0.0,0.0,0.0,0,0,0.0,0.0,0,0.0,5.66,0.0,0.0,0.0,0.0,0.0,0.0,0.0,0.0,0.0,0.0,6.02,0.0,1.71,12.23,5852388597.71,818281643.67,0.0,0.0,13.99,1.15,6.48,0.31,34.44,0.0,22.49,3.69,5.14,64.25,6.02,0.0,3.2,0.72,0.08,12.75,0.0,478527277,0.5498,2.1991,0.8994,4,0.5498,21.692147196623942,4.410620689655174,36.65166666666667,0.0,9.163333333333332,0.0,0.0,0.0,0.0,0.0,2,Pessimo,1,0,0,0,0,0,1,0,0,0,0,0,0,,
NEMO5,Suzano Holding SA Preference Shares Class A,Materiais Básicos,Madeira e Papel,Papel e Celulose,0.0,0.0,0.0,0.0,0.0,0.0,0,0,0.0,0.0,0,0.0,5.66,0.0,0.0,4.33,30.97,1.14,0.36,1.99,0.48,5.07,0.0,6.02,0.0,1.71,12.23,5348429384.79,747818008.83,0.0,0.0,13.99,1.15,6.48,0.31,34.44,0.0,22.49,3.69,5.14,64.25,6.02,0.0,3.2,0.72,0.08,12.75,0.0,437320473,0.6139,2.4555,1.1424,4,0.6139,21.692147196623942,4.410620689655174,40.925,0.0,10.231666666666667,0.0,0.0,0.0,0.0,0.0,3,Fraco,1,0,0,1,0,0,1,0,0,0,0,0,0,,
NEMO6,Suzano Holding SA Preference Shares Class B,Materiais Básicos,Madeira e Papel,Papel e Celulose,0.0,0.0,0.0,0.0,0.0,0.0,0,0,0.0,0.0,0,0.0,5.66,0.0,0.0,0.0,0.0,0.0,0.0,0.0,0.0,0.0,0.0,6.02,0.0,1.71,12.23,2286878368.51,319751595.27,0.0,0.0,13.99,1.15,6.48,0.31,34.44,0.0,22.49,3.69,5.14,64.25,6.02,0.0,3.2,0.72,0.08,12.75,0.0,186989237,0.9092,3.6368,1.1424,4,0.9092,21.692147196623942,4.410620689655174,60.61333333333334,0.0,15.153333333333334,0.0,0.0,0.0,0.0,0.0,2,Pessimo,1,0,0,0,0,0,1,0,0,0,0,0,0,,
NEOE3,Neoenergia,Utilidade Pública,Energia Elétrica,Energia Elétrica,33.8,0.0,0.0,0.0,0.0,33.8,0,1699967,33.87,21.15,41026337673,0.0,0.0,4.24,4.85,1.09,8.95,0.75,0.35,9.79,0.43,3.79,2.92,8.3,6.41,3.63,29.82,36195433935.36,4406084010.24,4942932249.759036,54701783564.0,12.18,3.88,11.42,0.46,26.84,25.83,19.94,8.44,1.3,4.0625,4.51,3.48,1.23,0.68,0.32,11.47,14.61,1213797248,0.4097,1.6388,0.8107,4,0.4097,49.35127657923349,41.54923034482759,27.313333333333336,53.034299999999995,6.828333333333334,46.009694021400875,22.926716996531347,-19.191321499013792,56.90621301775147,-79.79783037475346,6,Regular,1,0,0,1,0,0,1,1,1,1,0,0,0,,
NEXP3,Nexpe Participacs SA - Em Rcprc Jdcl,Financeiro e Outros,Exploração de Imóveis,Intermediação Imobiliária,2.55,0.0,0.0,0.0,0.0,2.55,0,1260,3.96,2.56,6771700,0.0,-36.25,0.0,2856.89,0.09,0.12,0.09,0.29,0.1,0.55,0.07,0.04,0.05,0.03,23.77,31.29,83092754.00999999,63122875.129999995,135434000.0,75241111.11111112,75.94,242.13,128.92,3.35,46.99,197.84,124.82,72.3,0.0,0.0,0.02,0.01,0.14,4.18,3.19,3.43,0.0,2655569,18.2127,72.8507,18.6407,4,18.2127,129.36256896799784,61.31020689655173,1214.1783333333335,0.0,303.545,4973.041920313642,2304.3218390804604,47514.8366013072,0.0,11803.725490196079,7,Bom,1,1,1,1,1,1,0,0,1,0,0,0,0,,
NGRD3,Neogrid Participacoes SA,Tecnologia da Informação,Programas e Serviços,Programas e Serviços,33.35,0.0,33.35,33.41,33.35,33.35,12100,35657,33.57,23.9,308326171,0.0,-1.1,0.0,3.56,0.55,12.46,0.89,0.42,1.84,0.66,10.93,18.39,6.03,10.15,2.16,48.55,443792831.2,19744439.040000003,51132034.99170812,346433900.0,4.44,3.4,5.73,0.48,59.18,4.84,8.15,7.15,0.25,0.3247,4.9,8.24,2.83,0.23,0.77,5.77,0.0,9140944,0.2969,1.1877,0.1358,4,0.2969,48.574993566649084,5.571310344827587,19.795,0.0,4.948333333333333,45.652154622635926,-83.29442175463991,-40.64467766116942,0.0,-85.1624187906047,2,Pessimo,0,0,0,1,0,0,1,0,0,0,0,0,0,,
NINJ3,#N/A,Tecnologia da Informação,Programas e Serviços,Programas e Serviços,0.0,0.0,0.0,0.0,0.0,0.0,0,0,0.0,0.0,0,0.0,0.0,0.0,0.0,0.87,19.3,4.22,0.82,0.9,33.6,9.46,11.62,1.34,1.65,0.26,5.77,0.0,0.0,0.0,0.0,4.53,4.25,9.87,0.19,83.42,36.29,44.59,21.86,1.0,1.0638,10.8,13.27,16.47,0.06,0.94,35.82,0.0,0,0.0,0.0,0.0,0,0.0,5.809862304736662,0.6706206896551725,0.0,0.0,0.0,0.0,0.0,0.0,0.0,0.0,3,Fraco,0,0,0,1,0,1,1,0,0,0,0,0,0,,
NORD3,Nordon Industrias Metalurgicas SA,Bens Industriais,Máquinas e Equipamentos,Máq. e Equip. Industriais,1.88,0.0,0.0,0.0,0.0,1.88,0,6787,8.09,1.7,12590320,0.0,-1.85,0.0,0.0,0.29,0.96,13.97,1.87,0.29,2.04,1.13,0.0,2.35,0.0,5.73,19.14,126735242.04,37941114.78,5357582.978723404,901239.7995705082,29.93,194.45,25.85,0.13,90.53,0.0,1236.98,1455.2,0.0,0.0,1.22,0.0,0.01,7.5,6.5,13.33,0.0,6621486,0.0,0.0,0.0,0,0.0,49.67518998453856,14.779448275862073,0.0,0.0,0.0,2542.297339603115,686.1408657373444,0.0,0.0,0.0,5,Regular,1,0,0,1,1,1,0,0,1,0,0,0,0,,
NRTQ3,#N/A,Saúde,Medicamentos e Outros Produtos,Medicamentos e Outros Produtos,0.0,0.0,0.0,0.0,0.0,0.0,0,0,0.0,0.0,0,0.0,0.0,0.0,0.0,0.0,0.0,0.0,0.0,0.0,0.0,0.0,0.0,3.18,2.22,0.7,20.02,0.0,0.0,0.0,0.0,3.5,2.19,4.71,0.62,27.6,13.36,9.33,3.53,0.29,0.4677,3.18,2.22,4.62,0.38,0.62,7.47,12.02,0,0.1323,0.5291,0.1802,4,0.1323,17.75711125155215,6.911944827586208,8.818333333333333,8.414,2.205,0.0,0.0,0.0,0.0,0.0,3,Fraco,0,0,1,0,0,0,1,1,0,0,0,0,0,,
NTCO3,#N/A,Consumo não Cíclico,Produtos de Uso Pessoal e de Limpeza,Produtos de Uso Pessoal,0.0,0.0,0.0,0.0,0.0,0.0,0,0,0.0,0.0,0,0.0,0.0,0.0,0.0,1.01,2.14,0.71,0.44,1.99,0.95,11.11,2.71,14.05,3.43,5.16,10.94,0.0,0.0,0.0,0.0,47.14,20.34,5.69,0.62,66.36,26.11,6.37,33.04,0.27,0.6279,2.94,0.72,1.68,0.57,0.43,10.77,0.0,0,0.2499,0.9997,0.0324,4,0.2499,35.63893937815771,13.309241379310347,16.66166666666667,0.0,4.165,0.0,0.0,0.0,0.0,0.0,5,Regular,1,0,1,1,0,1,1,0,0,0,0,0,0,,
NUTR3,Nutriplant Industria e Comercio S/A,Materiais Básicos,Químicos,Fertilizantes e Defensivos,2.27,2.71,2.21,2.3,2.21,2.21,1600,4327,3.84,2.1,30064765,5.58,0.41,0.0,0.0,0.78,8.22,0.15,0.26,1.07,0.92,2.78,2.47,4.38,3.9,0.31,3.26,43176744.0,4105764.0,6864101.598173516,200431766.6666667,9.55,3.21,15.44,1.78,14.66,5.98,5.33,1.8,0.45,1.3235,1.61,1.43,1.53,0.66,0.34,25.86,34.59,13244400,0.0,0.0,0.0,0,0.0,4.768490327137091,3.621655172413794,0.0,10.722900000000001,0.0,110.0656531778454,59.54428072307463,0.0,372.3744493392071,0.0,5,Regular,0,0,1,1,0,0,1,1,1,0,0,0,0,,
ODER3,Conservas Oderich SA,Consumo não Cíclico,Alimentos Processados,Alimentos Diversos,0.0,0.0,0.0,0.0,0.0,0.0,0,0,0.0,0.0,0,0.0,6.69,0.0,0.0,0.0,0.0,0.0,0.0,0.0,0.0,0.0,0.0,0.0,0.0,4.32,51.32,505942787.48,42589104.480000004,0.0,0.0,8.41,4.4,3.97,0.59,30.39,0.0,14.56,7.52,0.41,0.7885,2.49,0.0,3.92,0.48,0.52,11.9,18.68,9858589,0.07,0.28,0.07,4,0.07,70.62792648804013,50.46951724137933,4.666666666666667,80.69760000000001,1.1666666666666667,0.0,0.0,0.0,0.0,0.0,2,Pessimo,0,0,0,0,0,0,1,1,0,0,0,0,0,,
ODER4,Conservas Oderich SA Preference Shares,Consumo não Cíclico,Alimentos Processados,Alimentos Diversos,100.0,4.2,0.0,0.0,0.0,95.97,0,0,97.86,97.86,0,14.94,6.69,0.72,0.28,1.91,22.65,1.7,1.0,1.97,3.12,11.7,0.0,0.0,0.0,4.32,51.32,73311492.44,6171193.44,0.0,0.0,8.41,4.4,3.97,0.59,30.39,0.0,14.56,7.52,0.41,0.7885,2.49,0.0,3.92,0.48,0.52,11.9,18.68,1428517,0.07,0.28,0.07,4,0.07,70.62792648804013,50.46951724137933,4.666666666666667,80.69760000000001,1.1666666666666667,-29.37207351195987,-49.53048275862067,-95.33333333333333,-19.30239999999999,-98.83333333333333,3,Fraco,0,0,0,1,0,0,1,1,0,0,0,0,0,,
ODPV3,#N/A,Saúde,Serv.Méd.Hospit..Análises e Diagnósticos,Serv.Méd.Hospit..Análises e Diagnósticos,0.0,0.0,0.0,0.0,0.0,0.0,0,0,0.0,0.0,0,0.0,0.0,9.89,0.0,5.02,11.27,2.7,2.88,95.12,4.34,8.41,6.04,7.59,5.45,1.05,2.36,0.0,0.0,0.0,0.0,44.52,25.55,24.96,1.06,36.85,44.76,32.16,23.99,0.49,0.8596,0.82,0.59,0.92,0.43,0.57,4.75,15.07,0,0.082,0.3281,0.1926,4,0.082,7.466927078792185,12.266896551724141,5.468333333333334,15.823500000000001,1.3666666666666667,0.0,0.0,0.0,0.0,0.0,7,Bom,1,1,1,1,0,1,0,1,1,0,0,0,0,,
OFSA3,Ourofino SA,Saúde,Comércio e Distribuição,Medicamentos e Outros Produtos,31.36,-0.76,32.0,32.0,31.01,31.6,1500,14720,34.69,19.83,1711130522,6.98,4.49,4.58,5.28,1.79,8.84,1.11,0.87,1.8,2.6,1.44,1.53,1.77,1.88,2.67,13.21,712666369.26,144043846.02,966740407.9096045,1541559028.8288288,20.21,9.86,69.05,0.79,50.93,72.06,76.53,12.5,0.41,0.8367,0.33,0.35,3.72,0.51,0.49,10.59,25.49,53949006,0.4143,1.6571,0.9299,4,0.4143,28.1707428017083,31.192965517241387,27.618333333333336,68.05829999999999,6.905,-10.169825249654654,-0.5326354679802703,-11.931335034013596,117.02264030612241,-77.98150510204081,7,Bom,1,0,1,1,0,1,1,1,1,0,0,0,0,,
OGXP3,#N/A,Petróleo. Gás e Biocombustíveis,Petróleo. Gás e Biocombustíveis,Exploração. Refino e Distribuição,0.0,0.0,0.0,0.0,0.0,0.0,0,0,0.0,0.0,0,0.0,0.0,0.0,0.0,0.98,2.15,0.0,0.92,0.98,0.0,9.26,0.0,9.26,0.0,0.76,1.67,0.0,0.0,0.0,0.0,45.53,43.02,10.57,0.0,0.0,0.0,0.0,0.0,0.0,0.0,0.0,0.0,0.51,1.94,0.94,0.0,0.0,0,0.0001,0.0001,0.0001,1,0.0001,5.3438749985380465,1.9602758620689658,0.0016666666666666668,0.0,0.0016666666666666668,0.0,0.0,0.0,0.0,0.0,3,Fraco,1,0,0,1,0,0,0,0,1,0,0,0,0,,
OIBR3,Oi SA - em Recuperacao Judicial,Comunicações,Telecomunicações,Telecomunicações,0.13,0.0,0.0,0.0,0.0,0.13,0,1115177,0.75,0.04,44757744,0.0,-13.07,0.0,180355.85,0.0,0.03,0.26,0.0,0.02,0.0,0.06,0.0,11.03,0.0,5.58,46.94,15421877234.039999,1833278120.28,4057819.038984588,172145169.23076922,11.89,9.84,21.85,0.01,830.11,0.0,402.1,808.94,0.0,0.0,10.96,0.0,0.59,1.83,0.83,30.86,0.0,328544466,58.6157,234.4626,30.4873,4,58.6157,76.76794252811521,14.392551724137933,3907.7100000000005,0.0,976.9283333333333,58952.26348316555,10971.193633952254,3005830.7692307695,0.0,751383.3333333333,6,Regular,1,1,0,0,1,1,0,0,1,1,0,0,0,,
OIBR4,Oi SA - em Recuperacao Judicial Preference Shares,Comunicações,Telecomunicações,Telecomunicações,1.21,0.0,0.0,0.0,0.0,1.21,0,803,9.61,1.14,44757744,0.0,-13.07,0.0,19377.07,0.03,0.23,1.88,0.02,0.14,0.03,0.47,0.0,11.03,0.0,5.58,46.94,74037147.67999999,8801177.76,4057819.038984588,23807310.638297874,11.89,9.84,21.85,0.01,830.11,0.0,402.1,808.94,0.0,0.0,10.96,0.0,0.59,1.83,0.83,30.86,0.0,1577272,58.6157,234.4626,30.4873,4,58.6157,76.76794252811521,14.392551724137933,3907.7100000000005,0.0,976.9283333333333,6244.458060174811,1089.4670846394988,322851.2396694216,0.0,80637.87878787878,6,Regular,1,1,0,1,1,1,0,0,1,0,0,0,0,,
OMGE3,#N/A,Utilidade Pública,Energia Elétrica,Energia Elétrica,0.0,0.0,0.0,0.0,0.0,0.0,0,0,0.0,0.0,0,0.0,0.0,0.0,0.0,1070.88,8.07,1.47,385.31,3102.14,529.98,3.86,0.0,3.87,0.0,3.42,0.03,0.0,0.0,0.0,0.0,13268.77,4774.24,10221.16,262.92,32.08,0.0,37.94,18.16,1.16,3.2222,0.0,0.0,1.83,0.64,0.36,30.0,90.67,0,0.0907,0.0907,0.0907,1,0.0907,1.5193748714520718,39.95503448275862,1.5116666666666667,310.0914,1.5116666666666667,0.0,0.0,0.0,0.0,0.0,5,Regular,1,0,0,0,0,1,1,1,1,0,0,0,0,,
ONCO3,Oncoclinicas do Brasil Srvcs Mdcs SA,Saúde,Serv.Méd.Hospit..Análises e Diagnósticos,Serv.Méd.Hospit..Análises e Diagnósticos,1.27,19.81,1.07,1.33,1.07,1.06,5620400,7785200,5.77,1.03,1441574438,0.0,-5.09,0.0,0.0,2.9,1.0,0.48,0.34,8.45,0.55,1.39,1.73,3.55,4.42,2.48,0.86,976184096.8199999,2815042511.7599998,406077306.47887325,3003280079.166667,289.63,34.22,35.27,0.72,30.46,27.45,34.16,47.38,4.52,37.6667,2.16,2.69,1.12,0.85,0.12,0.0,0.0,1135097787,0.0,0.0,0.0,0,0.0,6.92733715073837,6.396689655172414,0.0,0.0,0.0,445.4596181683756,403.6763508009775,0.0,0.0,0.0,7,Bom,1,0,0,1,1,1,1,0,1,1,0,0,0,,
OPCT3,Oceanpact Servicos Maritimos Sa,Bens Industriais,Transporte,Transporte Hidroviário,10.07,3.81,9.72,10.1,9.72,9.72,159000,433750,10.72,5.7,2011592653,16.6,0.61,0.0,0.0,1.96,31.81,0.93,0.6,2.53,0.96,5.98,2.35,9.68,3.81,0.3,4.82,963805050.2800001,59987866.199999996,207809158.36776862,2163002852.688172,6.15,1.88,8.37,0.65,26.92,39.29,15.46,2.91,1.21,3.9032,3.69,1.45,2.67,0.69,0.31,31.17,43.9,199959554,0.0,0.0,0.0,0,0.0,5.703946002549463,3.504827586206897,0.0,13.17,0.0,-43.35704068967763,-65.19535664144095,0.0,30.784508440913598,0.0,4,Fraco,0,0,1,1,0,0,1,1,0,0,0,0,0,,
ORVR3,Orizon Valorizacao de Residuos SA,Utilidade Pública,Água e Saneamento,Água e Saneamento,79.2,3.32,76.71,79.72,76.71,76.71,285300,689167,84.9,47.03,7702966731,95.1,0.83,0.0,0.0,4.83,227.17,6.77,1.63,7.18,2.48,25.25,0.0,29.19,0.0,0.32,14.82,1424600228.22,30760598.72,263890604.00822198,1137808970.605613,2.13,0.72,6.85,0.24,45.25,0.0,26.8,2.98,0.75,2.2059,3.93,0.0,2.93,0.64,0.34,21.01,59.79,96126871,0.0,0.0,0.0,0,0.0,10.329762823995525,3.7384827586206906,0.0,19.1328,0.0,-86.95737017172283,-95.27969348659003,0.0,-75.84242424242424,0.0,3,Fraco,0,0,0,1,0,0,1,1,0,0,0,0,0,,
OSXB3,OSX BRASIL SA,Petróleo. Gás e Biocombustíveis,Petróleo. Gás e Biocombustíveis,Equipamentos e Serviços,1.44,0.0,0.0,0.0,0.0,1.44,0,880,3.14,1.34,4475245,0.0,-350.65,0.0,0.0,0.0,0.0,0.08,0.0,0.01,0.0,0.01,0.01,7.67,7.35,451.32,2835.21,8925348817.98,1420772510.16,583473.9243807041,55940562.5,15.92,95.45,91.28,0.05,98.59,1275.11,1221.37,1798.63,0.0,0.0,7.67,7.35,0.04,7.01,6.0,39.92,0.0,3148038,0.0,0.0,0.0,0,0.0,5365.697250777386,1164.0943448275864,0.0,0.0,0.0,372517.86463731853,80739.88505747129,0.0,0.0,0.0,3,Fraco,1,0,0,0,0,1,0,0,1,0,0,0,0,,
PACF3,#N/A,,,,0.0,0.0,0.0,0.0,0.0,0.0,0,0,0.0,0.0,0,0.0,0.0,0.0,0.0,0.0,0.0,0.0,0.0,0.0,0.0,0.0,0.0,0.0,0.0,0.0,0.0,0.0,0.0,0.0,0.0,0.0,0.0,0.0,0.0,0.0,0.0,0.0,0.0,0.0,0.0,0.0,0.0,0.0,0.0,0.0,0.0,0.0,0,0.0,0.0,0.0,0,0.0,0.0,0.0,0.0,0.0,0.0,0.0,0.0,0.0,0.0,0.0,0,Pessimo,0,0,0,0,0,0,0,0,0,0,0,0,0,,
PARD3,#N/A,Saúde,Serv.Méd.Hospit..Análises e Diagnósticos,Serv.Méd.Hospit..Análises e Diagnósticos,0.0,0.0,0.0,0.0,0.0,0.0,0,0,0.0,0.0,0,0.0,0.0,0.0,0.0,5.3,36.76,2.57,2.1,54.06,3.28,19.27,10.83,19.93,11.2,0.55,3.82,0.0,0.0,0.0,0.0,14.42,5.7,13.1,0.82,26.45,23.68,13.31,6.98,0.18,0.45,0.66,0.37,0.9,0.6,0.4,13.44,2.56,0,0.6329,2.5316,2.1541,4,0.6329,6.875499981819504,2.2731310344827595,42.193333333333335,1.4080000000000001,10.548333333333334,0.0,0.0,0.0,0.0,0.0,4,Fraco,1,0,1,1,0,0,0,0,1,0,0,0,0,,
PATI3,Panatlantica SA,Materiais Básicos,Siderurgia e Metalurgia,Artefatos de Ferro e Aço,34.0,3.03,33.0,35.0,33.0,33.0,500,894,44.23,28.62,819772640,16.32,2.08,2.4,18.63,1.01,17.82,0.38,0.52,1.36,1.87,8.96,6.95,8.68,6.73,1.85,32.55,745625551.65,42378103.550000004,94443852.53456222,2157296421.0526314,5.69,2.92,5.09,1.35,11.24,5.53,4.29,2.16,0.03,0.0588,0.29,0.23,2.14,0.49,0.51,14.96,20.0,22907083,1.5834,6.3334,0.7914,4,1.5834,36.80888140109666,21.61310344827587,105.55666666666667,37.0,26.39,8.26141588557842,-36.43204868154156,210.46078431372553,8.823529411764707,-22.38235294117647,4,Fraco,0,0,1,1,0,0,1,1,0,0,0,0,0,,
PATI4,Panatlantica SA Preference Shares,Materiais Básicos,Siderurgia e Metalurgia,Artefatos de Ferro e Aço,30.0,0.0,0.0,0.0,0.0,30.0,0,76,37.99,28.39,819772640,14.4,2.08,5.67,37.19,1.04,18.34,0.4,0.54,1.4,1.93,9.23,7.16,8.68,6.73,1.85,32.55,33373059.299999997,1896779.1,94443852.53456222,2049431600.0,5.69,2.92,5.09,1.35,11.24,5.53,4.29,2.16,0.03,0.0588,0.29,0.23,2.14,0.49,0.51,14.96,20.0,1025286,2.7893,11.1573,1.9283,4,2.7893,36.80888140109666,21.61310344827587,185.95499999999998,37.0,46.48833333333333,22.696271336988875,-27.956321839080438,519.8499999999999,23.333333333333332,54.961111111111094,4,Fraco,0,0,1,1,0,0,1,1,0,0,0,0,0,,
PCAR3,Companhia Brasileira de Distribuicao SA,Consumo não Cíclico,Comércio e Distribuição,Alimentos,2.18,1.87,2.16,2.19,2.13,2.14,957400,6593000,4.6,1.89,1084715059,0.0,-4.28,0.0,142.82,0.68,1.35,0.1,0.1,0.9,0.14,9.27,0.0,22.81,0.0,2.76,5.48,2695120027.52,1357396218.24,47554364.7084612,10847150590.0,50.45,7.47,20.88,1.06,27.42,0.0,1.02,7.06,0.99,6.6,13.54,0.0,0.7,0.85,0.15,19.8,0.0,491810224,0.7783,3.1134,0.3545,4,0.7783,18.447438846625836,7.118896551724139,51.89,0.0,12.971666666666668,746.2127911296255,226.5548876937678,2280.2752293577983,0.0,495.03058103975536,6,Regular,1,1,0,1,1,0,0,0,1,1,0,0,0,,
PCAR4,#N/A,Consumo não Cíclico,Comércio e Distribuição,Alimentos,0.0,0.0,0.0,0.0,0.0,0.0,0,0,0.0,0.0,0,0.0,0.0,0.0,0.0,13.17,26.1,1.84,1.95,17.41,2.66,179.65,0.0,22.81,0.0,2.76,5.48,0.0,0.0,0.0,0.0,50.45,7.47,20.88,1.06,27.42,0.0,1.02,7.06,0.99,6.6,13.54,0.0,0.7,0.85,0.15,19.8,0.0,0,0.4034,1.6136,0.1425,4,0.4034,18.447438846625836,7.118896551724139,26.893333333333334,0.0,6.723333333333334,0.0,0.0,0.0,0.0,0.0,3,Fraco,1,0,0,1,0,0,0,0,1,0,0,0,0,,
PDGR3,PDG Realty SA Emprendmnts e Prtcpacs,Consumo Cíclico,Construção Civil,Incorporações,1.54,0.65,1.53,1.57,1.51,1.53,2700,49717,106.0,0.75,5120449,0.0,-99.62,0.0,51534.09,0.0,0.05,0.09,0.02,0.01,0.05,0.2,0.18,9.46,8.36,54.35,1035.83,3405276623.3799996,178674864.1,541273.6786469345,56893877.77777778,5.25,35.45,1.52,0.2,28.38,50.08,44.26,181.12,0.0,0.0,9.26,8.18,0.34,7.91,6.76,16.76,0.0,3287486,198.4062,793.625,185.5,4,198.4062,1125.4735053523027,140.18551724137933,13227.083333333334,0.0,3306.7700000000004,72982.69515274694,9002.955665024632,858801.5151515151,0.0,214625.3246753247,3,Fraco,0,1,0,0,1,1,0,0,0,0,0,0,0,,
PDTC3,Padtec Holding SA,Financeiro e Outros,Serviços Financeiros Diversos,Serviços Financeiros Diversos,1.41,-1.4,1.45,1.45,1.41,1.43,7400,22367,1.88,0.93,113329677,7.13,0.2,0.0,3.28,1.12,7.86,7.14,0.22,0.58,0.51,6.02,0.0,16.84,0.0,0.22,1.55,123177920.3,17483317.72,6729790.7957244655,15872503.781512605,14.26,2.79,5.34,0.03,95.94,0.0,118.52,90.78,2.01,10.05,10.81,0.0,2.97,0.8,0.2,0.0,26.45,79469626,0.0462,0.0462,0.0462,1,0.0462,2.769927796892908,2.5702068965517246,0.77,5.819,0.77,96.44877992148285,82.28417706040602,-45.39007092198581,312.6950354609929,-45.39007092198581,5,Regular,1,0,0,1,0,1,1,1,0,0,0,0,0,,
PEAB3,Companhia de Participacoes Alianca Bahia,Financeiro e Outros,Holdings Diversificadas,Holdings Diversificadas,39.99,1.33,0.0,0.0,0.0,39.46,0,165,42.0,34.14,721391058,21.52,1.86,3.11,3.06,0.76,21.05,5.99,0.54,3.89,0.66,23.78,15.51,23.69,15.45,1.81,50.03,466142617.86,16864244.22,30451289.911355,120432563.93989983,3.61,2.56,2.49,0.09,53.55,38.61,25.17,28.45,0.0,0.0,0.15,0.1,4.51,0.29,0.71,26.42,6.41,9317262,0.3058,1.2231,0.3943,4,0.3058,45.13836228752656,11.709826206896553,20.385,11.6021,5.096666666666668,12.874124249878868,-70.71811401126143,-49.02475618904726,-70.98749687421856,-87.25514712011335,5,Regular,0,0,1,1,0,1,1,1,0,0,0,0,0,,
PEAB4,Companhia de Participacoes Alianca Bahia Preference Shares,Financeiro e Outros,Holdings Diversificadas,Holdings Diversificadas,39.32,1.49,0.0,0.0,0.0,38.74,0,223,47.67,31.83,721391058,21.16,1.86,3.41,4.82,0.76,21.15,6.02,0.54,3.9,0.66,23.9,15.58,23.69,15.45,1.81,50.03,441350251.36,15967298.72,30451289.911355,119832401.66112958,3.61,2.56,2.49,0.09,53.55,38.61,25.17,28.45,0.0,0.0,0.15,0.1,4.51,0.29,0.71,26.42,6.41,8821712,0.4737,1.895,0.4337,4,0.4737,45.13836228752656,11.709826206896553,31.583333333333336,11.6021,7.8950000000000005,14.797462582722689,-70.21916020626513,-19.676161410647673,-70.49313326551373,-79.92115971515769,5,Regular,0,0,1,1,0,1,1,1,0,0,0,0,0,,
PETR3,Petroleo Brasileiro SA Petrobras,Petróleo. Gás e Biocombustíveis,Petróleo. Gás e Biocombustíveis,Exploração. Refino e Distribuição,50.48,-2.61,51.31,52.16,50.15,51.67,6062300,14081012,55.44,28.96,124408634128,6.02,8.35,8.42,2.53,1.18,6.46,1.02,0.41,15.18,0.47,3.84,1.6,6.16,2.57,6.01,32.81,244179611643.42,44727810605.82,20196206838.961037,121969249145.09804,18.33,6.4,7.19,0.41,48.15,63.59,26.52,15.77,0.74,2.1143,2.41,1.0,0.82,0.65,0.35,10.18,14.07,7442231382,0.3198,1.2792,0.4716,4,0.3198,66.60880009428183,66.82125241379312,21.32,84.5607,5.33,31.950871819100314,32.37173616044596,-57.765451664025356,67.51327258320127,-89.44136291600634,7,Bom,1,1,1,1,0,1,0,1,0,1,0,0,0,,
PETR4,Petroleo Brasileiro SA Petrobras Preference Shares,Petróleo. Gás e Biocombustíveis,Petróleo. Gás e Biocombustíveis,Exploração. Refino e Distribuição,44.95,-2.6,45.77,46.41,44.76,46.09,31110700,51408926,49.99,26.98,124501588225,5.38,8.35,8.93,2.85,1.12,6.09,0.96,0.39,14.31,0.44,3.62,1.51,6.16,2.57,6.01,32.81,178699710244.99002,32733473287.789997,20211296789.772728,129689154401.04167,18.33,6.4,7.19,0.41,48.15,63.59,26.52,15.77,0.74,2.1143,2.41,1.0,0.82,0.65,0.35,10.18,14.07,5446501379,0.3198,1.2792,0.4716,4,0.3198,66.60880009428183,66.82125241379312,21.32,84.5607,5.33,48.184204881605844,48.65684630432284,-52.569521690767516,88.12169076751944,-88.14238042269189,7,Bom,1,1,1,1,0,1,0,1,0,1,0,0,0,194970000000.0,80740000000.0
PETZ3,#N/A,Consumo Cíclico,Comércio,Produtos Diversos,0.0,0.0,0.0,0.0,0.0,0.0,0,0,0.0,0.0,0,0.0,0.0,0.0,0.0,1.15,543.35,0.56,0.5,3.12,0.82,16.36,4.33,15.7,4.16,0.01,3.8,0.0,0.0,0.0,0.0,0.21,0.09,5.31,0.89,47.16,13.01,3.45,0.1,0.05,0.1136,0.66,0.17,1.71,0.56,0.44,27.5,31.16,0,0.076,0.3041,0.2883,4,0.076,0.9246621004453465,0.11682758620689658,5.068333333333333,0.3116,1.2666666666666666,0.0,0.0,0.0,0.0,0.0,4,Fraco,0,0,1,1,0,0,1,1,0,0,0,0,0,,
PFRM3,Profarma Distribuidora de Produts Frm SA,Saúde,Comércio e Distribuição,Medicamentos e Outros Produtos,6.48,0.47,6.45,6.56,6.45,6.45,76000,231523,9.7,6.14,813958600,7.54,0.86,3.82,11.67,0.76,9.13,0.09,0.19,1.17,0.63,3.34,2.41,5.01,3.61,0.93,11.19,1385464929.87,115145878.89,162466786.42714572,9043984444.444445,8.35,2.05,11.63,2.0,14.97,3.89,2.8,1.03,0.38,1.52,1.67,1.2,1.29,0.7,0.25,16.16,57.39,123812773,0.1891,0.7565,0.1631,4,0.1891,15.301985165330674,10.864965517241382,12.608333333333333,53.3727,3.151666666666667,136.14174637855976,67.66922094508304,94.57304526748969,723.6527777777778,-51.36316872427984,5,Regular,0,0,1,1,0,0,1,1,1,0,0,0,0,,
PGMN3,Empreendimentos Pague Menos SA,Saúde,Comércio e Distribuição,Medicamentos e Outros Produtos,4.75,4.4,4.59,4.76,4.57,4.55,1037500,5191800,7.62,3.09,3460233547,9.83,0.48,4.08,20.89,1.47,21.65,0.29,0.45,2.25,1.01,5.44,2.68,7.57,3.74,0.29,4.3,3112762285.7999997,209930479.73999998,457098222.8533685,11931839817.24138,6.78,2.09,14.33,1.54,32.0,10.93,5.4,1.36,0.58,1.871,2.13,1.05,1.57,0.69,0.31,14.51,0.0,723898206,0.2481,0.9924,0.2577,4,0.2481,5.2969330749028725,0.7480000000000001,16.54,0.0,4.135,11.514380524271,-84.25263157894737,248.21052631578942,0.0,-12.947368421052635,5,Regular,0,0,1,1,0,0,1,0,1,1,0,0,0,,
PINE3,Banco Pine SA,Financeiro e Outros,Intermediários Financeiros,Bancos,13.0,0.46,13.11,13.11,13.0,12.94,1000,11355,15.44,4.5,3590054418,5.85,2.22,5.26,3.73,2.5,10.57,0.58,0.11,1.57,0.11,10.45,0.0,10.92,0.0,1.24,5.25,681747801.0,161022337.76,328759562.0879121,6189748996.551724,23.67,1.01,0.0,0.19,20.37,0.0,5.51,5.44,0.0,0.0,0.0,0.0,0.11,0.96,0.04,25.71,0.0,129856724,0.1214,0.4855,0.1023,4,0.1214,12.102685652366585,3.198344827586207,8.091666666666667,0.0,2.0233333333333334,-6.9024180587185775,-75.39734748010609,-37.756410256410255,0.0,-84.43589743589743,2,Pessimo,1,0,0,1,0,0,0,0,0,0,0,0,0,,
PINE4,Banco Pine SA Preference Shares,Financeiro e Outros,Intermediários Financeiros,Bancos,14.14,2.77,13.73,14.25,13.71,13.72,611100,1387439,16.17,4.64,3587517461,6.36,2.22,5.72,1.83,2.73,11.55,0.63,0.12,1.71,0.12,11.41,0.0,10.92,0.0,1.24,5.25,681678558.75,161005983.4,328527240.018315,5694472160.31746,23.67,1.01,0.0,0.19,20.37,0.0,5.51,5.44,0.0,0.0,0.0,0.0,0.11,0.96,0.04,25.71,0.0,129843535,0.0648,0.2592,0.0272,4,0.0648,12.102685652366585,3.198344827586207,4.32,0.0,1.08,-14.408163703206617,-77.3808710920353,-69.44837340876944,0.0,-92.36209335219236,3,Fraco,1,0,0,1,0,0,0,0,0,1,0,0,0,,
PLAS3,Plascar Participacoes Industriais SA,Consumo Cíclico,Automóveis e Motocicletas,Automóveis e Motocicletas,2.87,0.0,0.0,0.0,0.0,2.87,0,1887,6.06,2.84,36067540,0.0,-16.13,0.0,8.9,0.08,0.32,0.05,0.09,0.13,0.13,2.3,5.14,13.51,30.2,14.17,54.21,673581909.78,176068173.06,2669692.0799407847,721350800.0,26.14,27.89,12.67,1.85,11.92,0.95,2.11,15.06,0.0,0.0,11.21,25.06,0.32,2.07,1.07,22.66,0.0,12425418,0.1276,0.2553,0.0153,2,0.1276,131.46673818879054,36.5488275862069,4.255000000000001,0.0,2.1266666666666665,4480.7225849752795,1173.4783131082543,48.25783972125438,0.0,-25.900116144018593,6,Regular,1,1,0,1,1,1,0,0,1,0,0,0,0,,
PLPL3,Plano & Plano Desenvolvimento Imblr SA,Consumo Cíclico,Construção Civil,Incorporações,10.33,1.77,10.17,10.43,10.08,10.19,4126300,6329053,17.38,9.87,2130311465,6.22,1.67,3.37,20.94,3.01,9.43,1.04,0.78,1.24,5.74,6.46,25.72,6.62,26.36,1.55,4.85,988919849.9999999,316046550.0,321799314.95468277,2048376408.653846,31.96,8.26,18.07,0.75,32.41,4.03,16.04,10.98,0.08,0.3077,0.16,0.64,3.7,0.72,0.26,29.22,25.34,203901000,0.5408,2.1634,0.4928,4,0.5408,13.005527670955916,18.108275862068968,36.05666666666667,39.277,9.013333333333334,25.90055828611729,75.29792702874121,249.04808002581484,280.2226524685383,-12.7460471119716,8,Bom,1,0,1,1,0,1,1,1,1,1,0,0,0,,
PMAM3,Paranapanema SA Em Recuperacao Judicial,Materiais Básicos,Siderurgia e Metalurgia,Artefatos de Cobre,0.49,4.26,0.48,0.5,0.46,0.47,1533100,3260323,2.06,0.46,1398458557,0.0,-12.63,0.0,62.55,0.01,0.06,0.18,0.06,0.02,0.08,0.24,0.0,13.19,0.0,11.0,47.74,7200283336.400001,1659051460.0,106024151.40257771,7769214205.555556,23.04,98.35,29.61,0.35,30.88,0.0,74.88,283.89,0.0,0.0,12.96,0.0,0.05,5.27,4.27,38.5,0.0,150822860,0.1533,0.3065,0.0865,2,0.1533,108.69981600720398,28.372413793103455,5.108333333333333,0.0,2.555,22083.635919837547,5690.288529204787,942.517006802721,0.0,421.42857142857156,7,Bom,1,1,0,1,1,1,0,0,1,1,0,0,0,,
PNVL3,Dimed SA Distribuidora de Medicamentos,Saúde,Comércio e Distribuição,Medicamentos e Outros Produtos,12.39,4.28,12.12,12.44,11.94,11.91,137800,742890,16.47,7.83,1884419932,14.16,0.88,2.38,2.04,1.73,19.37,0.41,0.61,2.14,1.52,9.24,3.35,13.52,4.9,0.75,8.41,1264674615.21,112783110.75,139380172.4852071,4596146175.609756,8.93,3.15,7.43,1.48,32.22,12.33,4.47,2.13,0.8,2.2857,4.28,1.55,1.91,0.65,0.35,12.65,8.01,150377481,0.0632,0.2528,0.0516,4,0.0632,11.912965625737362,5.58041379310345,4.213333333333334,6.0075,1.0533333333333335,-3.8501563701585013,-54.960340652918084,-65.99408124831852,-51.51331719128329,-91.49852031207963,4,Fraco,0,0,1,1,0,0,1,1,0,0,0,0,0,,
PNVL4,#N/A,Saúde,Comércio e Distribuição,Medicamentos e Outros Produtos,0.0,0.0,0.0,0.0,0.0,0.0,0,0,0.0,0.0,0,0.0,0.0,0.0,0.0,2.21,24.82,0.53,0.78,2.74,1.95,11.84,4.29,13.52,4.9,0.75,8.41,0.0,0.0,0.0,0.0,8.93,3.15,7.43,1.48,32.22,12.33,4.47,2.13,0.8,2.2857,4.28,1.55,1.91,0.65,0.35,12.65,8.01,0,0.0412,0.1649,0.0399,4,0.0412,11.912965625737362,5.58041379310345,2.748333333333333,6.0075,0.6866666666666666,0.0,0.0,0.0,0.0,0.0,4,Fraco,0,0,1,1,0,0,1,1,0,0,0,0,0,,
POMO3,Marcopolo SA,Bens Industriais,Material de Transporte,Material Rodoviário,5.88,2.62,5.78,5.91,5.74,5.73,201000,900089,6.75,4.25,7420934962,5.72,1.03,21.14,16.07,1.72,6.19,0.81,0.76,2.6,1.98,5.39,4.34,6.53,5.26,0.96,3.46,1560273097.72,432908142.71999997,1136437207.0444105,9161648101.234568,27.78,12.3,12.81,0.94,25.19,18.76,15.1,13.14,0.29,0.6591,0.92,0.74,1.91,0.55,0.44,14.78,42.97,450945982,0.2362,0.945,0.09,4,0.2362,8.64499855407738,11.215448275862071,15.75,41.2512,3.9366666666666665,47.02378493328879,90.73891625615768,167.8571428571429,601.5510204081631,-33.049886621315196,8,Bom,1,1,1,1,0,1,1,1,1,0,0,0,0,,
POMO4,Marcopolo SA Preference Shares,Bens Industriais,Material de Transporte,Material Rodoviário,5.97,2.23,5.88,5.99,5.82,5.83,3897200,9996113,7.96,5.28,7420934962,5.78,1.03,19.84,15.83,1.83,6.6,0.87,0.81,2.77,2.11,5.74,4.62,6.53,5.26,0.96,3.46,2764376068.66,766994516.16,1136437207.0444105,8529810301.1494255,27.78,12.3,12.81,0.94,25.19,18.76,15.1,13.14,0.29,0.6591,0.92,0.74,1.91,0.55,0.44,14.78,42.97,798952621,0.2362,0.945,0.09,4,0.2362,8.64499855407738,11.215448275862071,15.75,41.2512,3.9366666666666665,44.80734596444525,87.86345520706988,163.81909547738695,590.9748743718593,-34.05918481295366,9,Excelente,1,1,1,1,0,1,1,1,1,1,0,0,0,,
PORT3,#N/A,Bens Industriais,Transporte,Serviços de Apoio e Armazenagem,0.0,0.0,0.0,0.0,0.0,0.0,0,0,0.0,0.0,0,0.0,0.0,4.1,0.0,3.01,12.36,2.62,1.3,299.82,1.57,7.74,6.39,9.79,8.08,1.52,6.23,0.0,0.0,0.0,0.0,24.37,10.56,15.74,0.5,48.59,41.01,33.87,21.21,0.8,1.8605,2.05,1.69,0.97,0.57,0.43,12.8,42.19,0,0.2777,1.111,0.1986,4,0.2777,14.596780466938592,17.75779310344828,18.516666666666666,64.1288,4.628333333333334,0.0,0.0,0.0,0.0,0.0,6,Regular,1,0,1,1,0,1,0,1,1,0,0,0,0,,
POSI3,Positivo Tecnologia SA,Tecnologia da Informação,Computadores e Equipamentos,Computadores e Equipamentos,4.15,3.26,3.94,4.16,3.94,3.99,605200,1135810,5.05,3.71,595179318,58.77,0.07,10.49,29.06,0.38,1546.91,0.18,0.14,0.51,0.41,2.77,1.83,5.21,3.44,0.0,11.26,1596668000.0,0.0,114237872.93666027,3306551766.666667,0.02,0.01,6.9,0.77,25.6,9.79,6.45,0.01,0.34,0.9444,2.44,1.61,1.69,0.64,0.36,14.0,0.0,141800000,0.3014,1.2058,0.1796,4,0.3014,0.0,0.0,20.096666666666668,0.0,5.023333333333333,0.0,0.0,384.25702811244975,0.0,21.0441767068273,5,Regular,0,1,1,1,0,0,1,0,0,1,0,0,0,,
POWE3,#N/A,Utilidade Pública,Energia Elétrica,Energia Elétrica,0.0,0.0,0.0,0.0,0.0,0.0,0,0,0.0,0.0,0,0.0,0.0,0.0,0.0,0.99,23.92,0.62,0.38,6.57,0.74,17.55,0.0,10.6,0.0,0.46,11.02,0.0,0.0,0.0,0.0,4.13,1.58,3.81,0.61,6.82,0.0,3.52,2.59,0.39,1.0263,6.96,0.0,1.13,0.62,0.38,0.0,0.0,0,0.053,0.053,0.053,1,0.053,10.679747188019011,1.1864827586206899,0.8833333333333333,0.0,0.8833333333333333,0.0,0.0,0.0,0.0,0.0,2,Pessimo,0,0,0,1,0,0,1,0,0,0,0,0,0,,
PPAR3,Polpar SA,Financeiro e Outros,Outros,Outros,0.0,0.0,0.0,0.0,0.0,0.0,0,0,0.0,0.0,0,0.0,26.15,80.13,0.0,0.07,1.58,0.0,0.05,0.77,0.05,1.45,0.0,0.4,0.0,9.25,211.21,21479000.95,940678.75,0.0,0.0,4.38,3.14,3.76,0.0,0.0,0.0,0.0,0.0,0.09,0.125,1.85,0.0,80.81,0.28,0.72,0.0,35.18,101695,7.6006,30.4026,11.6987,4,7.6006,209.6618259245111,108.06551724137933,506.71000000000004,325.415,126.67666666666668,0.0,0.0,0.0,0.0,0.0,5,Regular,0,1,0,1,1,0,1,1,0,0,0,0,0,,
PPLA11,PPLA Participations Ltd Unit,Financeiro e Outros,Serviços Financeiros Diversos,Gestão de Recursos e Investimentos,0.47,-2.08,0.47,0.47,0.47,0.48,1006,1566,1.19,0.43,445990,0.0,0.0,0.0,0.0,151.99,0.25,0.0,1.86,0.0,151.99,0.25,0.0,0.25,0.0,2.13,0.0,0.0,0.0,1783960.0,0.0,59960.0,732.11,59960.0,0.0,0.0,0.0,0.0,0.0,0.0,0.0,0.0,0.0,1.0,0.99,0.01,0.0,0.0,0,0.0,0.0,0.0,0,0.0,0.0,5.49393103448276,0.0,0.0,0.0,0.0,1068.9214966984596,0.0,0.0,0.0,3,Fraco,1,0,0,0,1,0,0,0,1,0,0,0,0,,
PRIO3,Prio SA,Petróleo. Gás e Biocombustíveis,Petróleo. Gás e Biocombustíveis,Exploração. Refino e Distribuição,68.37,-1.5,68.56,69.44,67.2,69.32,6640900,11454880,72.98,34.18,59652499220,21.7,3.15,0.0,0.13,1.7,4.4,3.09,0.74,5.93,0.96,13.82,5.65,19.41,7.94,11.52,29.74,25948009121.62,10051145429.76,3073286925.296239,19305015928.80259,38.74,16.83,10.36,0.24,30.43,54.6,22.33,70.19,0.69,1.6047,5.6,2.29,2.21,0.57,0.43,54.25,73.69,872495263,0.0215,0.0858,0.0726,4,0.0215,87.79867880554923,134.58537931034485,1.4300000000000002,848.9087999999999,0.35833333333333334,28.41696475873808,96.8485875535247,-97.90843937399443,1141.6393154892494,-99.47589098532494,8,Bom,1,0,1,1,0,1,1,1,1,1,0,0,0,,
PRNR3,Priner Servicos Industriais SA,Bens Industriais,Serviços,Serviços Diversos,19.27,3.7,18.62,19.36,18.62,18.63,335300,536743,22.09,14.43,1096028129,27.14,0.71,0.26,2.08,2.24,190.95,0.73,0.71,2.01,1.76,9.71,0.0,11.51,0.0,0.1,8.64,491166201.6,5684794.0,95223990.35621199,1501408395.890411,1.17,0.37,8.24,0.97,21.33,0.0,7.48,0.38,0.42,1.3125,1.8,0.0,2.42,0.67,0.32,25.85,0.0,56847940,0.1004,0.4016,0.0496,4,0.1004,4.409081537009721,0.25793103448275867,6.693333333333333,0.0,1.6733333333333333,-77.11945232480684,-98.66148918275684,-65.26552499567548,0.0,-91.31638124891887,2,Pessimo,0,0,0,1,0,0,1,0,0,0,0,0,0,,
PSSA3,Porto Seguro SA,Financeiro e Outros,Previdência e Seguros,Seguradoras,49.22,3.27,47.87,49.6,47.64,47.64,664300,1855787,55.72,43.48,31812031693,8.71,5.68,4.97,4.01,2.26,10.5,0.88,0.63,5.11,1.58,10.53,9.47,6.44,5.79,4.97,23.07,14916740404.2,3213532718.2,4939756474.068323,36150036014.77273,21.54,6.02,11.95,0.72,100.0,9.26,8.32,8.35,0.88,3.1429,4.09,3.68,1.26,0.72,0.28,14.28,18.43,646586060,0.4928,1.9714,0.5376,4,0.4928,50.79175868189642,58.0633103448276,32.85666666666667,91.5971,8.213333333333335,3.1933333642755373,17.966904398268184,-33.245293241229845,86.09731816334823,-83.31301638900175,6,Regular,1,0,0,1,0,0,1,1,1,1,0,0,0,,
PTBL3,PBG SA,Bens Industriais,Construção e Engenharia,Produtos para Construção,1.98,3.13,1.92,2.02,1.92,1.92,334300,494220,5.55,1.86,282336716,0.0,-2.07,0.0,26.17,2.41,2.46,0.18,0.13,7.89,0.2,4.41,1.31,14.13,4.19,1.35,1.38,194561902.67999998,190332296.10000002,19981367.02052371,1568537311.1111112,97.87,5.34,5.87,0.73,35.85,13.79,4.09,7.34,5.31,106.2,9.73,2.89,0.96,0.95,0.05,16.66,0.0,140986886,0.1295,0.5182,0.1305,4,0.1295,6.474372556472171,3.4820689655172425,8.636666666666667,0.0,2.1583333333333337,226.98851295313997,75.86206896551731,336.19528619528614,0.0,9.006734006734025,3,Fraco,1,1,0,1,0,0,0,0,0,0,0,0,0,,
PTCA11,#N/A,Bens Industriais,Máquinas e Equipamentos,Máq. e Equip. Industriais,0.0,0.0,0.0,0.0,0.0,0.0,0,0,0.0,0.0,0,0.0,0.0,0.0,0.0,0.0,0.0,0.0,0.0,0.0,0.0,0.0,0.0,1.72,1.14,7.25,33.71,0.0,0.0,0.0,0.0,21.49,8.56,14.16,1.28,47.58,15.19,10.09,6.67,0.56,1.4,1.72,1.14,1.95,0.6,0.4,19.72,24.8,0,0.0,0.0,0.0,0,0.0,74.15486329297627,84.70000000000002,0.0,179.8,0.0,0.0,0.0,0.0,0.0,0.0,5,Regular,1,0,1,0,0,0,1,1,1,0,0,0,0,,
PTCA3,Pratica Produtos SA,Bens Industriais,Máquinas e Equipamentos,Máq. e Equip. Industriais,0.0,0.0,0.0,0.0,0.0,0.0,0,0,0.0,0.0,0,0.0,0.0,0.0,0.0,0.0,0.0,0.0,0.0,0.0,0.0,0.0,0.0,1.72,1.14,7.25,33.71,113098095.01,24323974.75,0.0,0.0,21.49,8.56,14.16,1.28,47.58,15.19,10.09,6.67,0.56,1.4,1.72,1.14,1.95,0.6,0.4,19.72,24.8,3355031,1.2008,4.8032,1.9982,4,1.2008,74.15486329297627,84.70000000000002,80.05333333333334,179.8,20.013333333333335,0.0,0.0,0.0,0.0,0.0,5,Regular,1,0,1,0,0,0,1,1,1,0,0,0,0,,
PTNT3,Pettenati SA Industria Textil,Consumo Cíclico,Tecidos. Vestuário e Calçados,Fios e Tecidos,8.35,-1.76,8.35,8.35,0.0,8.5,100,2403,9.88,6.94,420003946,11.95,0.7,3.15,6.42,0.79,9.75,0.48,0.39,1.19,0.89,10.04,0.0,13.17,0.0,0.86,10.62,170099732.88,13774554.64,31890960.212604403,875008220.8333334,8.13,4.05,0.07,0.82,14.64,0.0,4.81,4.96,0.26,0.52,3.24,0.0,2.48,0.5,0.5,12.5,0.0,16016924,0.134,0.5358,0.1402,4,0.134,14.3351665494336,2.2182068965517243,8.930000000000001,0.0,2.2333333333333334,71.67864131058205,-73.43464794548834,6.9461077844311605,0.0,-73.25349301397205,2,Pessimo,0,0,0,1,0,0,1,0,0,0,0,0,0,,
PTNT4,Pettenati SA Industria Textil Preference Shares,Consumo Cíclico,Tecidos. Vestuário e Calçados,Fios e Tecidos,8.48,9.0,8.47,8.48,8.47,7.78,1400,23733,8.89,4.22,420003946,12.13,0.7,0.0,5.7,0.78,9.6,0.48,0.39,1.17,0.88,9.88,0.0,13.17,0.0,0.86,10.62,340153969.67999995,27545425.04,31890960.212604403,875008220.8333334,8.13,4.05,0.07,0.82,14.64,0.0,4.81,4.96,0.26,0.52,3.24,0.0,2.48,0.5,0.5,12.5,0.0,32029564,0.1208,0.483,0.1308,4,0.1208,14.3351665494336,2.2182068965517243,8.05,0.0,2.0133333333333336,69.04677534709434,-73.84189980481459,-5.070754716981128,0.0,-76.25786163522012,2,Pessimo,0,0,0,1,0,0,1,0,0,0,0,0,0,,
QUAL3,Qualicorp Consultoria e Cra de Ses SA,Saúde,Serv.Méd.Hospit..Análises e Diagnósticos,Serv.Méd.Hospit..Análises e Diagnósticos,1.83,4.0,1.78,1.84,1.77,1.75,1338400,4114963,2.82,1.58,516906040,34.39,0.05,0.25,89.88,0.48,64.61,0.43,0.16,2.02,0.25,3.25,1.02,8.05,2.53,0.03,4.67,1326346897.75,8520429.75,64211930.4347826,1202107069.767442,0.74,0.25,6.84,0.38,86.26,41.84,13.14,0.66,0.7,2.0588,4.79,1.51,0.81,0.66,0.34,4.63,52.24,284014325,0.4112,1.6448,0.0056,4,0.4112,1.7754576874710362,0.3504827586206897,27.413333333333334,1.5672,6.8533333333333335,-2.980454236555405,-80.84793668739401,1397.9963570127507,-14.360655737704924,274.4990892531876,4,Fraco,0,0,1,1,0,0,0,1,0,1,0,0,0,,
QUSW3,Quality Software SA,Tecnologia da Informação,Programas e Serviços,Programas e Serviços,0.0,0.0,0.0,0.0,0.0,0.0,0,0,0.0,0.0,0,0.0,29.91,0.0,0.0,0.0,0.0,0.0,0.0,0.0,0.0,0.0,0.0,1.16,1.29,32.33,138.25,119116891.25,27855689.65,0.0,0.0,23.38,9.48,13.54,0.28,86.2,43.7,48.58,34.42,0.38,0.9268,1.16,1.29,1.09,0.59,0.41,12.03,66.13,861605,3.7247,11.1741,5.4476,3,3.7247,317.12222604226275,377.7035862068966,186.23499999999999,2137.9828999999995,62.07833333333333,0.0,0.0,0.0,0.0,0.0,6,Regular,1,0,1,0,0,1,1,1,1,0,0,0,0,,
RADL3,Raia Drogasil S/A,Saúde,Comércio e Distribuição,Medicamentos e Outros Produtos,19.15,3.51,18.65,19.28,18.55,18.53,5809800,10494293,27.31,12.62,33540303310,25.04,0.77,1.69,1.67,6.68,34.79,1.11,1.96,12.03,4.64,18.39,7.77,19.47,8.23,0.77,3.99,6991945702.56,1349322854.88,1722665809.4504366,30216489468.468468,19.19,5.63,22.56,1.77,29.34,14.22,6.01,3.18,0.39,1.3448,1.08,0.46,1.39,0.71,0.29,17.22,11.69,1752367344,0.08,0.3198,0.0821,4,0.08,8.314249815828244,7.4489268965517255,5.33,9.0013,1.3333333333333335,-56.58355187557053,-61.10220941748445,-72.16710182767623,-52.99582245430808,-93.03742384682333,7,Bom,1,0,1,1,0,0,1,1,1,1,0,0,0,,
RAIL3,Rumo SA,Bens Industriais,Transporte,Transporte Ferroviário,15.12,3.83,14.74,15.26,14.65,14.61,13179600,15457405,19.54,13.22,28027054843,27.1,0.56,5.31,6.54,2.05,75.87,2.03,0.55,7.87,0.67,6.8,4.3,10.71,6.77,0.2,7.43,13811096624.31,371765723.40000004,2616905214.098973,13806430957.142859,2.71,0.72,9.34,0.27,45.83,47.24,29.88,2.68,1.18,4.3704,3.91,2.48,1.66,0.73,0.27,14.48,13.65,1858828617,0.247,0.9882,0.8104,4,0.247,5.782300580218915,2.172689655172414,16.47,2.7300000000000004,4.116666666666667,-61.75727129484845,-85.63035942346286,8.928571428571425,-81.94444444444444,-72.77336860670194,5,Regular,0,0,1,1,0,0,1,1,0,1,0,0,0,,
RAIZ4,Raizen SA,Petróleo. Gás e Biocombustíveis,Petróleo. Gás e Biocombustíveis,Exploração. Refino e Distribuição,0.4,2.5,0.4,0.41,0.4,0.4,6449100,14308387,2.23,0.4,549772008,0.0,-2.15,0.0,38.82,0.48,0.94,0.04,0.06,0.57,0.11,79.02,1.23,503.35,7.84,0.9,1.76,2391728944.0,1223043210.0,1092226.1011224794,13744300200.0,51.13,6.59,0.66,1.69,4.03,2.96,0.05,3.89,2.57,19.7692,424.33,6.61,1.33,0.87,0.13,20.39,0.0,1358936900,0.0388,0.1553,0.01,4,0.0388,5.96992462263972,2.321379310344828,2.5883333333333334,0.0,0.6466666666666667,1392.4811556599298,480.344827586207,547.0833333333334,0.0,61.66666666666667,6,Regular,1,1,0,1,1,0,1,0,0,1,0,0,0,,
RANI3,Irani Papel e Embalagem SA,Materiais Básicos,Embalagens,Embalagens,7.89,1.93,7.78,7.95,7.78,7.76,409200,1022517,9.74,6.67,1839389356,9.03,0.88,8.19,6.85,1.44,5.29,1.22,0.55,2.52,0.82,4.81,2.8,7.32,4.26,1.69,6.22,1433717582.1799998,389547060.11,251282698.9071038,1507696193.442623,27.22,10.32,12.02,0.45,41.53,43.55,25.36,23.03,0.75,1.9737,2.51,1.46,2.85,0.62,0.38,12.61,0.0,230501219,0.1351,0.5403,0.0448,4,0.1351,15.379060439441675,4.359034482758622,9.005,0.0,2.251666666666667,94.91838326288561,-44.752414667191104,14.131812420785819,0.0,-71.46176594845795,8,Bom,1,1,1,1,0,1,1,0,1,1,0,0,0,,
RANI4,#N/A,Materiais Básicos,Embalagens,Embalagens,0.0,0.0,0.0,0.0,0.0,0.0,0,0,0.0,0.0,0,0.0,0.0,0.0,0.0,0.88,3.25,0.75,0.34,1.55,0.5,2.95,1.72,7.32,4.26,1.69,6.22,0.0,0.0,0.0,0.0,27.22,10.32,12.02,0.45,41.53,43.55,25.36,23.03,0.75,1.9737,2.51,1.46,2.85,0.62,0.38,12.61,0.0,0,0.0172,0.0689,0.0231,4,0.0172,15.379060439441675,4.359034482758622,1.1483333333333334,0.0,0.2866666666666667,0.0,0.0,0.0,0.0,0.0,6,Regular,1,0,1,1,0,1,1,0,1,0,0,0,0,,
RAPT3,Randoncorp SA,Bens Industriais,Material de Transporte,Material Rodoviário,5.09,2.83,4.95,5.14,4.88,4.95,23600,18110,8.56,4.63,1767132290,0.0,-0.85,0.75,15.14,0.67,22.3,0.17,0.12,0.4,0.26,1.91,1.39,7.74,5.64,0.28,9.39,1181655797.8200002,35235742.64,228311665.374677,10394895823.529411,2.99,0.53,8.18,0.72,25.86,11.94,8.7,0.75,2.04,11.3333,5.84,4.25,2.23,0.74,0.18,18.53,16.86,125841938,0.1926,0.7706,0.2102,4,0.1926,7.691358787626541,3.271172413793104,12.843333333333334,4.7208000000000006,3.21,51.107245336474286,-35.73335139895669,152.32481990831695,-7.2534381139489055,-36.93516699410609,3,Fraco,0,0,0,1,0,0,1,1,0,0,0,0,0,,
RAPT4,Randoncorp SA Preference Shares,Bens Industriais,Material de Transporte,Material Rodoviário,5.01,2.66,4.89,5.05,4.87,4.89,1476700,3771513,9.5,4.52,1770659413,0.0,-0.85,0.75,15.36,0.66,22.16,0.17,0.12,0.4,0.26,1.9,1.38,7.74,5.64,0.28,9.39,2102258862.8700001,62687165.24000001,228767366.0206718,10415643605.882353,2.99,0.53,8.18,0.72,25.86,11.94,8.7,0.75,2.04,11.3333,5.84,4.25,2.23,0.74,0.18,18.53,16.86,223882733,0.1924,0.7697,0.0467,4,0.1924,7.691358787626541,3.271172413793104,12.828333333333335,4.7208000000000006,3.2066666666666666,53.520135481567685,-34.70713744923943,156.0545575515636,-5.772455089820344,-35.99467731204258,4,Fraco,0,0,0,1,0,0,1,1,0,1,0,0,0,,
RCSL3,Recrusul SA,Bens Industriais,Material de Transporte,Material Rodoviário,0.37,0.0,0.39,0.39,0.37,0.37,11100,170507,1.17,0.35,57581812,0.0,-0.13,0.0,1300.11,3.84,5.09,31.95,2.71,4.47,4.18,6.95,11.69,14.41,24.21,0.64,0.85,36257178.4,27299522.560000002,3995961.9708535736,1802247.6369327074,75.38,53.13,55.2,0.08,2.33,273.4,459.38,627.21,0.0,0.0,0.01,0.01,0.37,1.7,0.7,1.25,0.0,42655504,1.2026,4.8104,0.1016,4,1.2026,3.4985711369071804,1.6507586206896556,80.17333333333333,0.0,20.043333333333333,845.5597667316704,346.15097856477183,21568.468468468465,0.0,5317.117117117116,6,Regular,1,1,1,1,0,1,0,0,1,0,0,0,0,,
RCSL4,Recrusul SA Preference Shares,Bens Industriais,Material de Transporte,Material Rodoviário,0.48,0.0,0.48,0.49,0.47,0.48,918600,3710430,2.77,0.23,56406670,0.0,-0.13,0.0,1102.67,10.03,13.31,83.48,7.07,11.68,10.92,18.17,30.53,14.41,24.21,0.64,0.85,71938617.8,54165547.52,3914411.5197779317,675690.8241494969,75.38,53.13,55.2,0.08,2.33,273.4,459.38,627.21,0.0,0.0,0.01,0.01,0.37,1.7,0.7,1.25,0.0,84633668,1.3232,5.2928,0.112,4,1.3232,3.4985711369071804,1.6507586206896556,88.21333333333334,0.0,22.053333333333335,628.8689868556627,243.9080459770116,18277.77777777778,0.0,4494.444444444445,7,Bom,1,1,1,1,0,1,0,0,1,1,0,0,0,,
RDNI3,#N/A,Consumo Cíclico,Construção Civil,Incorporações,0.0,0.0,0.0,0.0,0.0,0.0,0,0,0.0,0.0,0,0.0,0.0,0.0,0.0,0.56,0.6,0.25,0.08,0.4,0.17,1.01,0.0,5.98,0.0,3.58,3.79,0.0,0.0,0.0,0.0,94.52,13.32,15.48,0.31,15.15,0.0,25.1,42.52,2.77,19.7857,4.96,0.0,1.61,0.84,0.14,11.1,0.0,0,0.1591,0.6363,0.425,4,0.1591,17.472392509327392,9.23393103448276,10.605,0.0,2.651666666666667,0.0,0.0,0.0,0.0,0.0,6,Regular,1,0,0,1,1,1,1,0,1,0,0,0,0,,
RDOR3,Rede D'Or Sao Luiz SA,Saúde,Serv.Méd.Hospit..Análises e Diagnósticos,Serv.Méd.Hospit..Análises e Diagnósticos,35.4,3.7,34.46,35.67,34.17,34.1,3521100,10523693,45.19,29.04,81018042482,16.93,2.09,10.34,11.04,3.61,21.41,1.75,0.86,2.41,1.83,10.58,8.56,10.54,8.54,1.94,11.5,26326864785.0,4441227624.599999,7686721298.102468,46296024275.42857,16.87,4.04,11.76,0.49,21.02,20.49,16.58,8.19,0.01,0.0417,0.03,0.03,3.11,0.74,0.24,30.58,30.64,2289292590,0.9769,3.9077,0.9517,4,0.9769,22.404798593158564,22.664551724137933,65.12833333333334,59.4416,16.281666666666666,-36.709608493902365,-35.97584258718098,83.97834274952923,67.91412429378532,-54.006591337099806,8,Bom,1,1,1,1,0,0,1,1,1,1,0,0,0,,
REAG3,#N/A,Tecnologia da Informação,Programas e Serviços,Programas e Serviços,0.0,0.0,0.0,0.0,0.0,0.0,0,0,0.0,0.0,0,0.0,0.0,0.0,0.0,0.5,11.13,2.43,0.47,0.52,19.37,5.45,9.32,5.35,9.14,0.09,2.08,0.0,0.0,0.0,0.0,4.53,4.25,10.9,0.19,83.42,26.09,44.59,21.86,1.0,1.0638,10.8,18.46,16.47,0.06,0.94,35.82,0.0,0,0.0,0.0,0.0,0,0.0,2.0523157651784483,0.2321379310344828,0.0,0.0,0.0,0.0,0.0,0.0,0.0,0.0,4,Fraco,0,0,0,1,0,1,1,0,1,0,0,0,0,,
RECV3,Petroreconcavo SA,Petróleo. Gás e Biocombustíveis,Petróleo. Gás e Biocombustíveis,Exploração. Refino e Distribuição,12.12,2.62,11.79,12.18,11.74,11.83,1301800,2978985,14.27,9.2,3571555479,6.65,1.83,17.88,23.73,0.69,5.09,0.96,0.4,4.24,0.49,3.76,0.0,5.51,0.0,2.11,15.55,4563491559.3,619226185.86,648195186.7513611,3720370290.625,13.59,7.85,9.43,0.42,33.99,0.0,25.45,18.81,0.32,0.5517,1.75,0.0,2.16,0.42,0.58,57.21,57.65,293472126,0.719,2.8759,0.3413,4,0.719,27.17050330781526,24.650620689655177,47.93166666666667,121.6415,11.983333333333333,124.17907019649554,103.3879594856038,295.4757975797581,903.6427392739274,-1.1276127612761282,7,Bom,1,1,0,1,0,1,1,1,0,1,0,0,0,,
REDE3,Rede Energia Participacoes SA,Utilidade Pública,Energia Elétrica,Energia Elétrica,6.22,1.97,6.18,6.22,6.18,6.1,200,1797,7.18,5.49,15948557553,12.3,0.51,5.84,7.94,3.86,11.35,0.83,0.49,6.84,0.66,4.52,4.64,8.74,8.98,0.55,1.62,4160490867.1800003,1412512331.45,1824777752.0594966,19215129581.92771,34.03,4.32,13.82,0.59,25.11,17.81,18.29,7.28,3.61,27.7692,4.22,4.33,1.38,0.81,0.13,9.82,14.75,2568204239,0.1234,0.4938,0.0758,4,0.1234,4.47744346697979,6.342068965517243,8.23,8.1125,2.0566666666666666,-28.015378344376362,1.9625235613704752,32.315112540192935,30.426045016077186,-66.93461950696677,5,Regular,1,0,0,1,0,0,1,1,1,0,0,0,0,,
RENT3,Localiza Rent a Car SA,Consumo Cíclico,Diversos,Aluguel de carros,44.04,4.68,42.31,44.44,41.95,42.09,7163900,9590263,53.35,31.53,50172398826,21.26,2.08,3.91,4.53,2.28,32.33,1.41,0.69,9.25,0.91,7.7,3.72,12.11,5.85,1.58,22.36,24207399299.2,1710540737.6000001,4143055229.23204,35583261578.723404,7.06,2.13,9.72,0.49,26.25,37.98,18.34,4.37,1.31,4.3667,4.41,2.13,1.45,0.7,0.3,29.6,16.29,1082620720,0.4984,1.9934,0.5155,4,0.4984,28.193935518121624,18.45875862068966,33.223333333333336,25.7382,8.306666666666667,-35.98107284713527,-58.08637915374736,-24.5610051468362,-41.55722070844687,-81.13835906751439,5,Regular,0,0,1,1,0,0,1,1,0,1,0,0,0,,
RLOG3,#N/A,Bens Industriais,Transporte,Transporte Ferroviário,0.0,0.0,0.0,0.0,0.0,0.0,0,0,0.0,0.0,0,0.0,0.0,0.0,0.0,4.26,82.76,1.53,0.23,1.49,0.31,5.17,2.74,12.09,6.4,0.28,5.41,0.0,0.0,0.0,0.0,5.15,0.28,5.46,0.15,34.71,56.07,29.67,1.85,5.71,114.2,6.92,3.66,2.64,0.71,0.05,50.58,4.37,0,0.061,0.061,0.061,1,0.061,5.838064747842388,1.4648055172413799,1.0166666666666666,1.2236000000000002,1.0166666666666666,0.0,0.0,0.0,0.0,0.0,2,Pessimo,0,0,0,1,0,0,1,0,0,0,0,0,0,,
RNEW11,#N/A,Utilidade Pública,Energia Elétrica,Energia Elétrica,0.0,0.0,0.0,0.0,0.0,0.0,0,0,0.0,0.0,0,0.0,0.0,0.0,0.0,0.32,2.36,0.86,0.13,2.32,0.15,13.12,2.55,34.31,6.66,1.37,10.05,0.0,0.0,0.0,0.0,13.6,5.71,2.63,0.16,10.2,33.6,6.53,36.23,0.52,1.2381,21.19,4.12,0.58,0.58,0.42,21.43,0.0,0,0.0,0.0,0.0,0,0.0,17.600887761701113,3.533655172413794,0.0,0.0,0.0,0.0,0.0,0.0,0.0,0.0,3,Fraco,1,0,0,1,0,1,0,0,0,0,0,0,0,,
RNEW3,Renova Energia SA Em Recuperaco Judicial,Utilidade Pública,Energia Elétrica,Energia Elétrica,1.0,0.0,1.01,1.01,0.98,1.0,1600,80517,1.8,0.84,374892200,0.0,-1.3,0.0,2.7,0.3,2.24,0.81,0.13,2.19,0.14,12.43,2.41,34.31,6.66,0.46,3.35,1040991103.5500001,142942061.98000002,10926616.146895949,462829876.54320985,13.6,5.71,2.63,0.16,10.2,33.6,6.53,36.23,0.52,1.2381,21.19,4.12,0.58,0.58,0.42,21.43,0.0,310743613,0.0067,0.027,0.0084,4,0.0067,5.888335927917156,1.1864827586206899,0.45,0.0,0.11166666666666668,488.8335927917156,18.648275862068985,-55.00000000000001,0.0,-88.83333333333333,3,Fraco,1,0,0,1,0,1,0,0,0,0,0,0,0,,
RNEW4,Renova Energia SA Em Recuperaco Judicial Preference Shares,Utilidade Pública,Energia Elétrica,Energia Elétrica,0.98,2.08,0.96,0.98,0.95,0.96,18800,97747,1.82,0.85,374892200,0.0,-1.3,0.0,3.31,0.27,2.0,0.72,0.11,1.96,0.12,11.09,2.15,34.31,6.66,0.46,3.35,208942806.45000002,28690654.02,10926616.146895949,520683611.1111111,13.6,5.71,2.63,0.16,10.2,33.6,6.53,36.23,0.52,1.2381,21.19,4.12,0.58,0.58,0.42,21.43,0.0,62370987,0.0081,0.0324,0.0084,4,0.0081,5.888335927917156,1.1864827586206899,0.54,0.0,0.135,500.85060488950563,21.06966924700917,-44.897959183673464,0.0,-86.22448979591837,3,Fraco,1,0,0,1,0,1,0,0,0,0,0,0,0,,
ROMI3,Romi SA,Bens Industriais,Máquinas e Equipamentos,Máq. e Equip. Industriais,6.44,1.42,6.35,6.46,6.35,6.36,70200,337773,9.04,6.35,606860589,7.75,0.83,8.77,11.18,0.62,7.99,0.55,0.3,0.96,0.74,8.63,3.85,14.8,6.59,1.03,13.19,1228922152.93,95965869.41,41004093.85135135,1103382889.090909,7.79,3.72,3.79,0.54,27.12,14.31,6.38,6.89,0.44,0.9167,6.17,2.75,2.07,0.52,0.48,9.77,5.88,93170747,0.18,0.72,0.18,4,0.18,17.483656654144177,6.332297931034484,12.0,6.0564,3.0,171.48535177242508,-1.6723923752409406,86.33540372670807,-5.95652173913044,-53.41614906832298,4,Fraco,0,1,0,1,0,0,1,1,0,0,0,0,0,,
RPAD3,Alfa Holdings SA,Financeiro e Outros,Intermediários Financeiros,Bancos,7.5,0.0,0.0,0.0,0.0,7.5,0,97,7.5,4.0,605034700,7.37,1.02,0.18,1.22,0.45,28.0,0.0,0.44,3.55,0.51,87.09,0.0,68.49,0.0,0.19,11.87,546158071.8399999,8742210.08,8833912.97999708,0.0,1.6,1.58,0.03,0.0,0.0,0.0,0.0,0.0,0.13,0.1313,25.11,0.0,20.16,0.01,0.99,0.0,17.01,46011632,0.0228,0.0912,0.0094,4,0.0228,7.123499842072014,2.219724137931035,1.52,3.2319000000000004,0.38,-5.020002105706484,-70.40367816091954,-79.73333333333333,-56.907999999999994,-94.93333333333334,3,Fraco,0,0,0,1,0,0,1,1,0,0,0,0,0,,
RPAD5,Alfa Holdings SA Preference Shares Class A,Financeiro e Outros,Intermediários Financeiros,Bancos,7.0,-1.41,6.8,7.0,6.8,7.1,3700,667,7.39,5.63,605034700,6.87,1.02,9.23,23.42,0.52,32.58,0.0,0.51,4.13,0.59,101.33,0.0,68.49,0.0,0.19,11.87,169905767.47,2719637.39,8833912.97999708,0.0,1.6,1.58,0.03,0.0,0.0,0.0,0.0,0.0,0.13,0.1313,25.11,0.0,20.16,0.01,0.99,0.0,17.01,14313881,0.4099,1.6395,0.4906,4,0.4099,7.123499842072014,2.219724137931035,27.325,3.2319000000000004,6.831666666666667,1.7642834581716245,-68.28965517241379,290.35714285714283,-53.82999999999999,-2.4047619047619,4,Fraco,0,1,0,1,0,0,1,1,0,0,0,0,0,,
RPAD6,Alfa Holdings SA Preference Shares Class B,Financeiro e Outros,Intermediários Financeiros,Bancos,6.5,0.0,0.0,0.0,0.0,6.5,0,63,6.5,4.03,605034700,6.38,1.02,0.22,0.17,0.35,22.16,0.0,0.35,2.81,0.4,68.92,0.0,68.49,0.0,0.19,11.87,289114693.71999997,4627783.64,8833912.97999708,0.0,1.6,1.58,0.03,0.0,0.0,0.0,0.0,0.0,0.13,0.1313,25.11,0.0,20.16,0.01,0.99,0.0,17.01,24356756,0.0028,0.0113,0.0094,4,0.0028,7.123499842072014,2.219724137931035,0.18833333333333332,3.2319000000000004,0.04666666666666667,9.592305262646365,-65.85039787798408,-97.1025641025641,-50.27846153846153,-99.28205128205127,3,Fraco,0,0,0,1,0,0,1,1,0,0,0,0,0,,
RPMG3,Refinaria de Petroleos d Mng S em Rcp Jd,Petróleo. Gás e Biocombustíveis,Petróleo. Gás e Biocombustíveis,Exploração. Refino e Distribuição,2.11,0.48,2.13,2.18,2.11,2.1,1900,8130,3.1,2.08,144457809,0.0,-24.5,0.0,13.6,0.02,0.11,0.02,0.02,0.06,0.38,0.1,0.1,0.07,0.07,24.51,109.81,7433217780.49,1659121826.7900002,2063682985.7142856,7222890450.0,22.32,16.12,24.36,0.84,14.43,20.01,20.96,19.19,0.0,0.0,0.03,0.03,0.76,1.72,0.72,42.58,0.0,67691629,0.0717,0.2869,0.1665,4,0.0717,246.08427367469056,63.21889655172415,4.781666666666666,0.0,1.195,11562.761785530358,2896.15623467887,126.61927330173775,0.0,-43.364928909952596,7,Bom,1,1,1,1,1,1,0,0,1,0,0,0,0,,
RRRP3,#N/A,Petróleo. Gás e Biocombustíveis,Petróleo. Gás e Biocombustíveis,Exploração. Refino e Distribuição,0.0,0.0,0.0,0.0,0.0,0.0,0,0,0.0,0.0,0,0.0,0.0,2.22,0.0,1.63,15.57,0.93,0.37,7.25,0.46,2.83,0.0,6.17,0.0,1.11,10.65,0.0,0.0,0.0,0.0,10.45,2.38,15.68,0.4,28.65,0.0,32.91,5.99,1.93,8.3913,3.36,0.0,1.37,0.77,0.23,178.26,0.0,0,0.0,0.0,0.0,0,0.0,16.30900824697811,2.8630344827586214,0.0,0.0,0.0,0.0,0.0,0.0,0.0,0.0,4,Fraco,1,0,0,1,0,0,1,0,1,0,0,0,0,,
RSID3,Rossi Residencal SA - em Recuprco Judicl,Consumo Cíclico,Construção Civil,Incorporações,1.6,0.0,0.0,0.0,0.0,1.6,0,5257,2.28,1.45,32925312,0.0,0.0,0.0,60.11,0.03,0.12,0.4,0.07,0.11,0.13,0.13,0.13,1.46,1.49,13.63,47.95,972052181.8000001,276310140.52000004,22551583.561643835,82313280.0,28.42,54.91,101.17,0.17,28.74,305.66,311.91,327.6,0.0,0.0,1.34,1.36,0.45,2.93,1.93,41.82,0.0,20272204,0.2404,0.9618,0.307,4,0.2404,121.26444759285387,35.156000000000006,16.03,0.0,4.006666666666667,7479.027974553366,2097.25,901.8750000000001,0.0,150.41666666666666,7,Bom,1,1,1,1,1,1,0,0,1,0,0,0,0,,
RSUL3,Metalurgica Riosulense SA,Bens Industriais,Material de Transporte,Material Rodoviário,0.0,0.0,0.0,0.0,0.0,0.0,0,0,0.0,0.0,388859082,0.0,10.34,0.0,0.0,0.0,0.0,0.0,0.0,0.0,0.0,0.0,0.0,1.15,0.83,10.79,45.12,161389863.35999998,38594783.37,338138332.17391306,0.0,23.91,14.93,13.41,0.96,41.53,31.08,22.29,15.48,0.18,0.2903,0.53,0.38,2.6,0.38,0.62,17.77,30.5,3576903,1.5277,6.1107,1.7987,4,1.5277,104.66139689493924,126.0569655172414,101.845,329.09499999999997,25.46166666666667,0.0,0.0,0.0,0.0,0.0,6,Regular,1,0,1,0,0,1,1,1,1,0,0,0,0,,
RSUL4,Metalurgica Riosulense SA Preference Shares,Bens Industriais,Material de Transporte,Material Rodoviário,64.04,0.06,64.0,64.25,64.0,64.0,800,5297,71.0,57.7,388859082,6.2,10.34,0.0,11.2,1.41,5.91,0.91,0.88,2.5,2.06,4.1,2.94,1.15,0.83,10.79,45.12,112584552.0,26923477.749999996,338138332.17391306,427317672.5274725,23.91,14.93,13.41,0.96,41.53,31.08,22.29,15.48,0.18,0.2903,0.53,0.38,2.6,0.38,0.62,17.77,30.5,2495225,1.7926,7.1706,2.1269,4,1.7926,104.66139689493924,126.0569655172414,119.51,329.09499999999997,29.87666666666667,63.43128809328425,96.84098300631071,86.61773891317925,413.88975640224845,-53.34686654174475,8,Bom,1,1,1,1,0,1,1,1,1,0,0,0,0,,
SANB11,Banco Santander Brasil SA Unit,Financeiro e Outros,Intermediários Financeiros,Bancos,27.55,3.03,26.9,27.63,26.83,26.75,1402100,3177638,37.3,24.31,20957507557,8.19,3.38,6.41,6.44,1.03,10.97,0.81,0.1,0.17,0.1,8.05,0.0,8.05,0.0,3.1,33.03,0.0,0.0,2603417087.8260865,25873466119.753086,9.37,0.92,0.0,0.12,37.88,0.0,10.1,7.42,0.0,0.0,0.0,0.0,0.03,0.9,0.1,13.5,6.94,0,0.4434,1.7737,0.1661,4,0.4434,47.99835934696102,21.052634482758627,29.561666666666667,21.514000000000003,7.390000000000001,74.22271995267157,-23.583903873834387,7.301875378100424,-21.9092558983666,-73.17604355716878,4,Fraco,0,1,0,1,0,0,0,1,0,1,0,0,0,,
SANB3,Banco Santander Brasil SA,Financeiro e Outros,Intermediários Financeiros,Bancos,13.3,3.74,13.05,13.31,12.97,12.84,20500,107521,18.43,11.6,20957507557,3.94,3.38,6.23,6.35,1.01,10.74,0.8,0.1,0.16,0.1,7.88,0.0,8.05,0.0,1.55,16.52,63084841912.119995,5918977298.05,2603417087.8260865,26196884446.25,9.37,0.92,0.0,0.12,37.88,0.0,10.1,7.42,0.0,0.0,0.0,0.0,0.03,0.9,0.1,13.5,6.94,3818695031,0.2112,0.8446,0.0791,4,0.2112,24.002812335224387,10.526317241379314,14.076666666666668,10.757000000000001,3.52,80.47227319717584,-20.854757583614187,5.839598997493738,-19.120300751879693,-73.53383458646617,3,Fraco,0,1,0,1,0,0,0,1,0,0,0,0,0,,
SANB4,Banco Santander Brasil SA Preference Shares,Financeiro e Outros,Intermediários Financeiros,Bancos,14.25,3.11,13.96,14.26,13.88,13.84,31800,131889,18.92,12.76,20938577124,4.22,3.38,6.78,6.52,1.02,10.86,0.81,0.1,0.17,0.1,7.97,0.0,8.05,0.0,1.55,16.52,60790891050.4,5703745831.0,2601065481.2422357,25850095214.81481,9.37,0.92,0.0,0.12,37.88,0.0,10.1,7.42,0.0,0.0,0.0,0.0,0.03,0.9,0.1,13.5,6.94,3679836020,0.2323,0.9291,0.087,4,0.2323,24.002812335224387,10.526317241379314,15.485000000000001,10.757000000000001,3.871666666666667,68.44078831736412,-26.131107078039907,8.666666666666675,-24.512280701754378,-72.83040935672514,3,Fraco,0,1,0,1,0,0,0,1,0,0,0,0,0,,
SAPR11,Companhia de Saneamento Parana SANEPAR Unit,Utilidade Pública,Água e Saneamento,Água e Saneamento,37.89,2.24,36.92,37.89,36.92,37.03,272900,2129853,48.72,28.96,11785313137,46.8,0.81,4.27,8.09,1.15,6.51,1.96,0.53,8.58,0.75,5.88,4.99,6.47,5.49,7.05,39.81,0.0,0.0,1821532169.5517776,6012914865.816327,17.71,8.2,12.11,0.27,56.51,39.21,33.28,30.05,0.11,0.2391,0.58,0.49,1.28,0.54,0.46,7.71,14.56,0,0.7665,3.066,0.7505,4,0.7665,79.4661012633689,80.48085517241381,51.1,102.648,12.775,109.72842772068856,112.40658530592191,34.864080232251254,170.910530482977,-66.28397994193719,8,Bom,1,0,1,1,0,1,1,1,1,1,0,0,0,,
SAPR3,Companhia de Saneamento Parana SANEPAR,Utilidade Pública,Água e Saneamento,Água e Saneamento,8.39,2.94,8.17,8.49,8.17,8.16,159500,210337,11.79,5.74,11753417867,10.38,0.81,3.23,6.77,1.41,7.97,2.4,0.65,10.5,0.92,7.2,6.11,6.47,5.49,1.41,7.96,4009732661.64,710266715.1899999,1816602452.3956723,4897257444.583334,17.71,8.2,12.11,0.27,56.51,39.21,33.28,30.05,0.11,0.2391,0.58,0.49,1.28,0.54,0.46,7.71,14.56,503735259,0.1419,0.5678,0.139,4,0.1419,15.89122399313533,16.09617103448276,9.463333333333333,20.5296,2.365,89.40672220661895,91.84947597714851,12.793007548669038,144.69129916567337,-71.81168057210965,7,Bom,1,0,1,1,0,1,1,1,1,0,0,0,0,,
SAPR4,Companhia de Saneamento Parana SANEPAR Preference Shares,Utilidade Pública,Água e Saneamento,Água e Saneamento,7.37,2.35,7.25,7.39,7.22,7.22,580200,1640307,9.23,5.78,11769365882,9.12,0.81,4.62,8.47,1.09,6.13,1.84,0.5,8.07,0.71,5.53,4.7,6.47,5.49,1.41,7.96,8019463269.6,1420533066.6,1819067369.706337,6396394501.086956,17.71,8.2,12.11,0.27,56.51,39.21,33.28,30.05,0.11,0.2391,0.58,0.49,1.28,0.54,0.46,7.71,14.56,1007470260,0.1561,0.6246,0.1529,4,0.1561,15.89122399313533,16.09617103448276,10.410000000000002,20.5296,2.6016666666666666,115.6204069624875,118.40123520329391,41.248303934871124,178.55630936227948,-64.69923111714157,8,Bom,1,0,1,1,0,1,1,1,1,1,0,0,0,,
SBFG3,Grupo SBF SA,Consumo Cíclico,Comércio,Produtos Diversos,10.94,4.68,10.6,10.98,10.55,10.46,945200,2299169,15.28,9.51,2556900056,8.0,1.37,4.18,8.9,1.08,9.57,0.43,0.35,2.21,0.75,5.87,0.0,10.01,0.0,1.37,12.18,2809487446.92,316009671.78000003,255434571.02897105,5946279200.0,11.26,3.7,8.56,0.82,48.5,0.0,7.3,4.48,0.76,2.303,4.13,0.0,1.44,0.67,0.33,22.95,1.58,230663994,0.2434,0.9737,0.5484,4,0.2434,19.376493490825425,4.847343448275863,16.228333333333335,2.1646,4.056666666666667,77.1160282525176,-55.6915589737124,48.339427178549684,-80.21389396709323,-62.91895185862278,4,Fraco,1,0,0,1,0,0,1,0,0,1,0,0,0,,
SBSP3,Compnh d Smt Bc d sd d S Pl - SBSP,Utilidade Pública,Água e Saneamento,Água e Saneamento,29.28,2.66,28.72,29.37,28.37,28.54,8373200,17985887,35.32,20.02,20812415022,0.29,101.25,4.43,26.69,2.37,14.04,2.92,1.05,40.39,1.28,9.64,5.86,11.86,7.21,10.25,60.69,213903969977.25,36126473756.25,1754841064.2495785,7127539391.095891,16.88,7.51,6.21,0.36,38.46,49.86,30.29,20.81,0.54,1.2273,2.22,1.35,1.17,0.56,0.44,14.98,16.45,3524534025,1.9537,7.8148,2.6439,4,1.9537,118.30735923855286,119.74827586206898,130.24666666666667,168.61249999999998,32.56166666666667,304.05518865625976,308.97635198794046,344.8315118397085,475.86236338797806,11.207877959927139,7,Bom,1,0,1,1,0,1,1,1,0,1,0,0,0,,
SCAR3,Sao Carlos Empreendimentos e Part. SA,Financeiro e Outros,Exploração de Imóveis,Exploração de Imóveis,13.72,2.39,13.41,13.72,13.41,13.4,2000,49967,21.51,12.09,801187784,0.0,-1.13,46.78,78.22,0.58,14.33,2.21,0.31,1.7,0.41,12.22,6.09,22.63,11.28,1.06,26.06,1504634533.1399999,61201558.14,35403790.720282815,362528409.04977375,4.06,2.13,1.75,0.14,40.14,36.23,18.07,15.41,0.5,0.9615,10.41,5.19,3.3,0.47,0.52,6.45,0.0,57737319,2.683,10.7319,7.1008,4,2.683,24.930523460208374,2.734068965517242,178.865,0.0,44.71666666666667,81.70935466624178,-80.07238363325625,1203.6807580174927,0.0,225.92322643343056,4,Fraco,0,1,0,1,0,1,1,0,0,0,0,0,0,,
SEDU3,#N/A,Consumo Cíclico,Diversos,Serviços Educacionais,0.0,0.0,0.0,0.0,0.0,0.0,0,0,0.0,0.0,0,0.0,0.0,0.0,0.0,15.0,13.36,3.44,1.53,57.9,2.27,21.89,41.84,27.94,53.41,1.78,1.59,0.0,0.0,0.0,0.0,112.29,11.46,13.15,0.44,48.36,8.23,15.73,25.77,4.15,41.5,6.05,11.57,1.09,0.9,0.1,12.49,0.0,0,0.0445,0.0445,0.0445,1,0.0445,7.97994360882331,4.591172413793104,0.7416666666666667,0.0,0.7416666666666667,0.0,0.0,0.0,0.0,0.0,4,Fraco,1,0,0,0,0,1,1,0,1,0,0,0,0,,
SEER3,Ser Educacional SA,Consumo Cíclico,Diversos,Serviços Educacionais,12.15,3.32,12.0,12.27,11.75,11.75,418100,1113406,14.14,7.46,1553668465,6.27,1.94,1.23,3.99,1.21,14.65,0.74,0.48,7.88,0.67,4.68,2.55,6.15,3.36,0.85,10.32,1328406499.2,109413326.0,252629018.69918698,2099551979.7297297,8.25,3.27,14.93,0.65,58.35,29.03,15.85,5.06,0.38,0.95,1.48,0.81,1.27,0.6,0.4,9.2,4.26,128721560,0.1212,0.4847,0.1541,4,0.1212,14.048843368761714,4.389986206896552,8.078333333333333,3.6209999999999996,2.02,15.628340483635505,-63.86842628068682,-33.51165980795611,-70.19753086419753,-83.37448559670783,5,Regular,0,0,1,1,0,0,1,0,1,1,0,0,0,,
SEQL3,Sequoia Logistica e Transportes SA,Bens Industriais,Transporte,Logística,0.12,0.0,0.11,0.13,0.11,0.12,377500,2813603,19.8,0.1,775625142,0.0,-364.31,0.0,0.0,12.0,7.15,8.1,7.7,17.94,8.91,7.21,9.68,8.12,10.89,0.16,0.1,625303348.4,1000485357.44,95520337.68472907,95756190.37037037,167.96,107.75,689.3,0.95,2.03,83.69,112.24,113.32,0.0,0.0,0.9,1.21,0.24,1.79,0.64,7.84,0.0,6253033484,0.0,0.0,0.0,0,0.0,0.6000000000000001,0.4126896551724139,0.0,0.0,0.0,400.0000000000001,243.9080459770116,0.0,0.0,0.0,6,Regular,1,0,1,1,0,1,0,0,1,1,0,0,0,,
SGPS3,#N/A,Consumo Cíclico,Tecidos. Vestuário e Calçados,Fios e Tecidos,0.0,0.0,0.0,0.0,0.0,0.0,0,0,0.0,0.0,0,0.0,0.0,0.0,0.0,0.02,0.02,0.03,0.01,0.01,0.01,0.04,0.05,2.34,3.1,86.44,81.2,0.0,0.0,0.0,0.0,106.45,36.82,192.78,0.21,1.74,64.82,85.8,176.86,0.0,0.0,2.3,3.05,0.27,1.35,0.35,12.92,0.0,0,0.406,0.406,0.406,1,0.406,397.3988928016785,222.95558620689658,6.7666666666666675,0.0,6.7666666666666675,0.0,0.0,0.0,0.0,0.0,5,Regular,1,0,0,1,1,1,0,0,1,0,0,0,0,,
SHOW3,T4f Entretenimento SA,Consumo Cíclico,Viagens e Lazer,Produção de Eventos e Shows,5.8,-1.02,5.87,5.87,5.76,5.86,9200,30340,7.3,4.28,390993324,0.0,-6.47,0.0,85.36,0.37,0.62,0.26,0.1,0.84,0.24,0.92,1.33,0.35,0.51,9.06,15.24,102736832.88,61075833.720000006,1117123782.857143,1503820476.9230769,59.45,15.42,26.39,0.37,33.66,19.31,28.0,41.31,0.51,1.9615,1.27,1.85,1.23,0.74,0.26,15.9,0.0,6741262,1.2377,4.9509,0.5919,4,1.2377,55.73754569408309,23.368551724137937,82.515,0.0,20.628333333333334,860.9921671393638,302.90606420927475,1322.6724137931037,0.0,255.66091954022988,8,Bom,1,1,1,1,1,1,1,0,1,0,0,0,0,,
SHUL3,Schulz SA,Bens Industriais,Máquinas e Equipamentos,Motores . Compressores e Outros,27.94,4.83,0.0,0.0,0.0,26.65,0,0,26.56,26.56,1045429324,36.57,0.76,2.07,1.27,6.28,37.39,4.88,3.34,7.75,9.69,38.25,25.25,20.22,13.35,0.73,4.35,664213523.4,111465717.72,51702736.10286845,214227320.4918033,16.8,8.94,9.82,0.69,24.97,19.31,12.75,13.04,0.08,0.1509,0.51,0.34,2.93,0.47,0.53,12.91,21.85,152692764,0.0887,0.3548,0.0929,4,0.0887,8.452736243371136,8.52841379310345,5.913333333333334,15.9505,1.4783333333333335,-69.74682804806321,-69.47597067607929,-78.83560009544262,-42.91159627773801,-94.70890002386064,6,Regular,1,0,1,1,0,1,1,1,0,0,0,0,0,,
SHUL4,Schulz SA Preference Shares,Bens Industriais,Máquinas e Equipamentos,Motores . Compressores e Outros,5.05,2.02,4.95,5.07,4.95,4.95,129700,525770,5.67,4.05,1045429324,6.61,0.76,11.29,7.84,1.26,7.5,0.98,0.67,1.56,1.94,7.67,5.07,20.22,13.35,0.73,4.35,890366769.5999999,149417871.68,51702736.10286845,1066764616.3265306,16.8,8.94,9.82,0.69,24.97,19.31,12.75,13.04,0.08,0.1509,0.51,0.34,2.93,0.47,0.53,12.91,21.85,204682016,0.099,0.3961,0.1021,4,0.099,8.452736243371136,8.52841379310345,6.6016666666666675,15.9505,1.6500000000000001,67.38091571031953,68.87948105155347,30.726072607260747,215.85148514851488,-67.32673267326732,7,Bom,1,1,1,1,0,1,1,1,0,0,0,0,0,,
SIMH3,Simpar SA,Financeiro e Outros,Holdings Diversificadas,Holdings Diversificadas,9.47,7.41,8.92,9.47,8.87,8.77,2229400,3905117,14.62,7.98,5504849434,12.11,0.78,1.02,7.85,1.91,9.45,0.14,0.07,0.78,0.11,0.85,0.0,7.2,0.0,0.73,3.61,2107371040.51,426144282.43,764562421.3888888,39320353100.0,20.27,0.76,10.91,0.51,26.19,0.0,16.34,1.48,14.23,355.75,6.34,0.0,1.37,0.93,0.04,33.49,0.0,583759291,0.1858,0.7433,0.0703,4,0.1858,7.700275969080589,1.8828965517241383,12.388333333333334,0.0,3.0966666666666667,-18.687687760500655,-80.11724866183593,30.816613868356207,0.0,-67.30024639211545,5,Regular,1,0,0,1,0,0,1,0,1,1,0,0,0,,
SLCE3,SLC Agricola SA,Consumo não Cíclico,Agropecuária,Agricultura,16.48,-1.97,16.87,16.87,16.35,16.79,1459200,3490620,19.48,13.13,8209357057,24.96,0.66,9.38,13.85,1.47,11.73,0.81,0.38,2.43,0.67,4.13,3.22,7.31,5.7,1.32,10.56,5266757020.8,658344627.6,1123031061.1491108,10135008712.345678,12.49,3.2,11.65,0.46,30.55,25.22,19.65,6.91,1.13,4.3462,3.19,2.48,1.55,0.74,0.26,20.74,16.12,498745930,0.5705,2.2818,0.045,4,0.5705,17.709658381798334,15.421241379310347,38.03,21.2784,9.508333333333335,7.461519307028726,-6.424506193505179,130.76456310679612,29.116504854368934,-42.30380258899676,8,Bom,1,1,1,1,0,0,1,1,1,1,0,0,0,,
SLED3,#N/A,Consumo Cíclico,Comércio,Produtos Diversos,0.0,0.0,0.0,0.0,0.0,0.0,0,0,0.0,0.0,0,0.0,0.0,0.0,0.0,0.08,0.45,0.42,0.48,0.2,0.72,0.56,2.29,0.95,3.89,7.15,39.57,0.0,0.0,0.0,0.0,18.07,107.04,15.91,1.15,47.85,18.13,73.94,92.71,0.0,0.0,0.65,2.66,0.12,6.92,5.92,45.03,0.0,0,0.3756,1.5026,0.218,4,0.3756,79.78611251339422,18.442068965517247,25.043333333333333,0.0,6.26,0.0,0.0,0.0,0.0,0.0,5,Regular,1,0,0,1,1,1,0,0,1,0,0,0,0,,
SLED4,#N/A,Consumo Cíclico,Comércio,Produtos Diversos,0.0,0.0,0.0,0.0,0.0,0.0,0,0,0.0,0.0,0,0.0,0.0,0.0,0.0,0.04,0.22,0.21,0.24,0.1,0.36,0.28,1.14,0.95,3.89,7.15,39.57,0.0,0.0,0.0,0.0,18.07,107.04,15.91,1.15,47.85,18.13,73.94,92.71,0.0,0.0,0.65,2.66,0.12,6.92,5.92,45.03,0.0,0,0.3756,1.5026,0.218,4,0.3756,79.78611251339422,18.442068965517247,25.043333333333333,0.0,6.26,0.0,0.0,0.0,0.0,0.0,5,Regular,1,0,0,1,1,1,0,0,1,0,0,0,0,,
SMFT3,Smartfit Escola de Ginastica e Danca SA,Consumo Cíclico,Viagens e Lazer,Atividades Esportivas,19.37,4.25,18.61,19.48,18.61,18.57,2845300,8067383,26.51,16.62,11940593068,17.27,1.12,4.78,5.38,2.35,22.82,1.97,0.7,10.01,0.9,8.41,3.67,10.5,4.58,0.96,9.29,5723846250.759999,591484650.24,1137199339.8095238,6061214755.329949,10.29,3.08,12.48,0.36,42.45,53.6,23.37,8.62,0.58,1.9333,2.09,0.91,1.46,0.7,0.3,22.98,0.0,616129844,0.2607,1.0427,0.8417,4,0.2607,14.165592116110076,2.4761379310344833,17.378333333333334,0.0,4.345,-26.868393824935076,-87.21663432609972,-10.282223369471694,0.0,-77.56840474961281,6,Regular,1,0,1,1,0,0,1,0,1,1,0,0,0,,
SMLS3,#N/A,Consumo Cíclico,Diversos,Programas de Fidelização,0.0,0.0,0.0,0.0,0.0,0.0,0,0,0.0,0.0,0,0.0,0.0,0.0,0.0,4.09,10.78,4.21,1.02,18.78,2.54,10.17,8.4,9.93,8.2,2.08,5.47,0.0,0.0,0.0,0.0,37.96,9.43,20.63,0.24,85.18,50.15,41.42,39.07,0.1,0.4,0.24,0.2,1.1,0.75,0.25,0.0,0.0,0,1.3917,5.5669,4.0271,4,1.3917,15.999874999511714,5.36496551724138,92.78166666666668,0.0,23.195,0.0,0.0,0.0,0.0,0.0,6,Regular,1,0,1,1,0,1,1,0,1,0,0,0,0,,
SMTO3,Sao Martinho SA,Consumo não Cíclico,Alimentos Processados,Açucar e Alcool,18.27,-0.65,18.39,18.56,18.11,18.35,851200,3009730,21.7,12.91,6136117200,7.9,2.32,3.02,9.88,0.75,10.0,0.7,0.23,1.35,0.32,3.57,0.81,9.13,2.06,1.51,20.15,6698573128.65,501977440.41,672082935.3778751,8765881714.285715,7.5,2.31,7.17,0.33,23.33,87.03,19.67,7.02,1.17,3.7742,5.57,1.26,2.43,0.69,0.31,14.16,4.7,332435391,0.4511,1.8044,0.4565,4,0.4511,26.164790272425268,8.201903448275862,30.073333333333334,7.097,7.5183333333333335,43.21176941666814,-55.10726081950814,64.60499908775772,-61.15489874110563,-58.84875022806057,4,Fraco,0,0,1,1,0,0,1,0,0,1,0,0,0,,
SNSY3,Sansuy SA Industria d Plstc Em Rcpr Jdcl,Materiais Básicos,Materiais Diversos,Materiais Diversos,10.85,0.0,0.0,0.0,0.0,10.85,0,17,11.9,10.0,40060331,0.0,-39.88,0.0,0.0,0.04,0.41,0.09,0.15,0.63,0.35,0.9,0.67,3.16,2.35,27.09,281.46,748098163.1999999,72003052.8,12677319.93670886,445114788.8888889,9.63,36.46,4.82,1.72,20.94,12.8,9.51,21.18,0.0,0.0,2.7,2.01,0.71,4.82,3.79,15.69,0.0,2657920,0.0,0.0,0.0,0,0.0,414.1942859335459,69.87351724137932,0.0,0.0,0.0,3717.458856530377,543.9955506117909,0.0,0.0,0.0,4,Fraco,0,0,1,1,1,1,0,0,0,0,0,0,0,,
SNSY5,Sansuy SA Industria d Plstc Em Rcpr Jdcl Preference Shares Class A,Materiais Básicos,Materiais Diversos,Materiais Diversos,2.14,1.42,2.14,2.14,2.14,2.11,100,2563,4.59,2.04,40060331,0.0,-39.88,0.0,0.0,0.01,0.1,0.02,0.04,0.16,0.09,0.23,0.17,3.16,2.35,27.09,281.46,1422014728.8,136866265.2,12677319.93670886,2003016550.0,9.63,36.46,4.82,1.72,20.94,12.8,9.51,21.18,0.0,0.0,2.7,2.01,0.71,4.82,3.79,15.69,0.0,5052280,0.0,0.0,0.0,0,0.0,414.1942859335459,69.87351724137932,0.0,0.0,0.0,19254.873174464763,3165.1176281018375,0.0,0.0,0.0,4,Fraco,0,0,1,1,1,1,0,0,0,0,0,0,0,,
SNSY6,Sansuy SA Industria d Plstc Em Rcpr Jdcl Preference Shares Class B,Materiais Básicos,Materiais Diversos,Materiais Diversos,11.51,0.0,0.0,0.0,0.0,11.51,0,0,11.51,11.51,40060331,0.0,-39.88,0.0,0.0,0.04,0.42,0.09,0.15,0.66,0.37,0.95,0.7,3.16,2.35,27.09,281.46,1745051.9999999998,167958.0,12677319.93670886,445114788.8888889,9.63,36.46,4.82,1.72,20.94,12.8,9.51,21.18,0.0,0.0,2.7,2.01,0.71,4.82,3.79,15.69,0.0,6200,0.0,0.0,0.0,0,0.0,414.1942859335459,69.87351724137932,0.0,0.0,0.0,3498.5602600655598,507.0679169537734,0.0,0.0,0.0,4,Fraco,0,0,1,1,1,1,0,0,0,0,0,0,0,,
SOJA3,Boa Safra Sementes SA,Consumo não Cíclico,Agropecuária,Agricultura,6.52,2.35,6.38,6.55,6.35,6.37,309600,915947,11.23,6.25,934318487,8.64,0.76,3.63,21.6,0.84,11.48,0.5,0.28,0.59,0.84,6.55,4.68,8.8,6.28,0.71,9.8,1390646342.4,100750908.47999999,106172555.34090908,1868636974.0,7.28,2.47,4.83,0.57,13.25,10.6,7.56,4.32,0.29,0.8529,2.25,1.61,3.67,0.5,0.34,35.41,30.59,141902688,0.3522,1.4086,0.2974,4,0.3522,12.512194052203634,8.294758620689656,23.47666666666667,21.718899999999998,5.87,91.9048167515895,27.220224243706387,260.07157464212685,233.11196319018404,-9.969325153374225,4,Fraco,0,0,1,1,0,0,1,1,0,0,0,0,0,,
SOMA3,#N/A,Consumo Cíclico,Comércio,Tecidos. Vestuário e Calçados,0.0,0.0,0.0,0.0,0.0,0.0,0,0,0.0,0.0,0,0.0,0.0,0.0,0.0,0.8,2.96,0.87,0.49,2.01,0.84,1.87,0.0,2.32,0.0,2.01,7.4,0.0,0.0,0.0,0.0,27.15,16.44,47.2,0.56,56.8,0.0,46.46,29.33,0.19,0.3115,0.45,0.0,2.36,0.39,0.61,37.72,80.87,0,0.0935,0.2804,0.0882,3,0.0935,18.29385142609396,23.482344827586207,4.673333333333333,162.5487,1.5583333333333333,0.0,0.0,0.0,0.0,0.0,6,Regular,1,0,0,1,0,1,1,1,1,0,0,0,0,,
SOND3,Sondotecnica Engenharia de Solos SA,Bens Industriais,Construção e Engenharia,Engenharia Consultiva,38.66,19.83,0.0,0.0,0.0,32.26,0,0,32.92,32.26,146277200,2.63,14.7,36.89,49.96,1.31,3.42,0.43,0.78,2.52,1.92,2.48,1.65,2.89,1.91,11.3,29.44,25200640.0,9672800.0,50614948.09688581,340179534.88372093,38.39,22.87,20.76,1.82,30.19,26.15,17.34,12.59,0.48,0.8,0.91,0.6,2.1,0.4,0.6,25.49,44.65,856000,4.8287,19.3146,5.5406,4,4.8287,86.51658800484448,132.01517241379312,321.90999999999997,504.545,80.47833333333334,123.78838076783364,241.4774247640795,732.6694257630627,1205.082772891878,108.16951198482501,8,Bom,1,1,1,1,0,1,1,1,1,0,0,0,0,,
SOND5,Sondotecnica Engenharia de Solos SA Preference Shares Class A,Bens Industriais,Construção e Engenharia,Engenharia Consultiva,76.0,0.0,0.0,0.0,0.0,76.0,0,132,76.0,31.51,146277200,5.17,14.7,22.41,27.96,2.38,6.19,0.78,1.42,4.56,3.47,4.5,2.98,2.89,1.91,11.3,29.44,23098624.0,8865980.0,50614948.09688581,187534871.79487178,38.39,22.87,20.76,1.82,30.19,26.15,17.34,12.59,0.48,0.8,0.91,0.6,2.1,0.4,0.6,25.49,44.65,784600,5.3115,21.2461,6.0947,4,5.3115,86.51658800484448,132.01517241379312,354.10166666666663,504.545,88.52499999999999,13.837615795847999,73.70417422867517,365.923245614035,563.875,16.480263157894726,8,Bom,1,1,1,1,0,1,1,1,1,0,0,0,0,,
SOND6,Sondotecnica Engenharia de Solos SA Preference Shares Class B,Bens Industriais,Construção e Engenharia,Engenharia Consultiva,70.21,0.0,0.0,0.0,0.0,70.21,0,25,77.77,29.59,146277200,4.78,14.7,23.07,25.31,2.31,6.02,0.76,1.38,4.43,3.37,4.37,2.9,2.89,1.91,11.3,29.44,24061312.0,9235490.0,50614948.09688581,192470000.0,38.39,22.87,20.76,1.82,30.19,26.15,17.34,12.59,0.48,0.8,0.91,0.6,2.1,0.4,0.6,25.49,44.65,817300,4.443,17.7719,5.0434,4,4.443,86.51658800484448,132.01517241379312,296.1983333333333,504.545,74.05,23.225449373087148,88.02901639907867,321.87485163556954,618.6227033186157,5.469306366614448,8,Bom,1,1,1,1,0,1,1,1,1,0,0,0,0,,
SPRI3,#N/A,Financeiro e Outros,Holdings Diversificadas,Holdings Diversificadas,0.0,0.0,0.0,0.0,0.0,0.0,0,0,0.0,0.0,0,0.0,0.0,0.0,0.0,2.45,3.32,0.0,2.36,4.61,4.93,3.0,0.0,2.46,0.0,6.54,8.86,0.0,0.0,0.0,0.0,73.82,71.18,81.66,0.0,0.0,0.0,0.0,0.0,0.14,0.1458,0.17,0.0,66.47,0.04,0.96,0.0,0.0,0,0.3969,1.5875,0.0723,4,0.3969,36.107464602212104,16.868689655172417,26.458333333333332,0.0,6.615,0.0,0.0,0.0,0.0,0.0,4,Fraco,1,0,0,1,0,0,1,0,1,0,0,0,0,,
SPRI5,#N/A,Financeiro e Outros,Holdings Diversificadas,Holdings Diversificadas,0.0,0.0,0.0,0.0,0.0,0.0,0,0,0.0,0.0,0,0.0,0.0,0.0,0.0,0.96,1.3,0.0,0.93,1.81,1.93,1.18,0.0,2.46,0.0,6.54,8.86,0.0,0.0,0.0,0.0,73.82,71.18,81.66,0.0,0.0,0.0,0.0,0.0,0.14,0.1458,0.17,0.0,66.47,0.04,0.96,0.0,0.0,0,0.0813,0.3253,0.0742,4,0.0813,36.107464602212104,16.868689655172417,5.421666666666667,0.0,1.355,0.0,0.0,0.0,0.0,0.0,5,Regular,1,0,0,1,1,0,1,0,1,0,0,0,0,,
SPRI6,#N/A,Financeiro e Outros,Holdings Diversificadas,Holdings Diversificadas,0.0,0.0,0.0,0.0,0.0,0.0,0,0,0.0,0.0,0,0.0,0.0,0.0,0.0,1.24,1.68,0.0,1.2,2.34,2.49,1.52,0.0,2.46,0.0,6.54,8.86,0.0,0.0,0.0,0.0,73.82,71.18,81.66,0.0,0.0,0.0,0.0,0.0,0.14,0.1458,0.17,0.0,66.47,0.04,0.96,0.0,0.0,0,0.4037,1.6147,0.0867,4,0.4037,36.107464602212104,16.868689655172417,26.91166666666667,0.0,6.7283333333333335,0.0,0.0,0.0,0.0,0.0,5,Regular,1,0,0,1,1,0,1,0,1,0,0,0,0,,
SQIA3,#N/A,Tecnologia da Informação,Programas e Serviços,Programas e Serviços,0.0,0.0,0.0,0.0,0.0,0.0,0,0,0.0,0.0,0,0.0,0.0,0.0,0.0,3.7,110.33,3.59,1.49,25.87,1.84,55.72,14.48,60.18,15.64,0.25,7.4,0.0,0.0,0.0,0.0,3.35,1.35,2.68,0.41,42.19,24.81,6.45,3.26,0.3,0.75,4.46,1.16,1.43,0.58,0.4,35.51,0.0,0,0.0495,0.1979,0.0554,4,0.0495,6.45174395028197,0.6448275862068966,3.2983333333333333,0.0,0.8250000000000001,0.0,0.0,0.0,0.0,0.0,3,Fraco,0,0,1,1,0,0,1,0,0,0,0,0,0,,
SRNA3,#N/A,Utilidade Pública,Energia Elétrica,Energia Elétrica,0.0,0.0,0.0,0.0,0.0,0.0,0,0,0.0,0.0,0,0.0,0.0,0.0,0.0,1.46,151.28,1.26,0.39,8.87,0.46,6.07,3.72,14.27,8.76,0.08,8.65,0.0,0.0,0.0,0.0,0.96,0.26,6.76,0.31,24.35,33.86,20.77,0.83,1.97,7.2963,8.21,5.03,0.78,0.73,0.27,0.0,0.0,0,0.0,0.0,0.0,0,0.0,3.945883931389772,0.20634482758620695,0.0,0.0,0.0,0.0,0.0,0.0,0.0,0.0,1,Pessimo,0,0,0,1,0,0,0,0,0,0,0,0,0,,
STBP3,#N/A,Bens Industriais,Transporte,Serviços de Apoio e Armazenagem,0.0,0.0,0.0,0.0,0.0,0.0,0,0,0.0,0.0,0,0.0,0.0,1.9,0.0,12.06,15.02,3.59,2.14,38.33,2.75,7.94,5.73,9.11,6.57,0.96,1.2,0.0,0.0,0.0,0.0,80.31,14.23,24.76,0.6,57.55,62.6,45.15,23.87,1.78,9.8889,1.17,0.84,1.33,0.82,0.18,24.45,122.03,0,0.1272,0.5087,0.2733,4,0.1272,5.091168824543142,11.215448275862071,8.478333333333333,117.1488,2.12,0.0,0.0,0.0,0.0,0.0,7,Bom,1,0,1,1,0,1,1,1,1,0,0,0,0,,
STKF3,#N/A,Consumo Cíclico,Viagens e Lazer,Atividades Esportivas,0.0,0.0,0.0,0.0,0.0,0.0,0,0,0.0,0.0,0,0.0,0.0,0.0,0.0,0.0,0.0,0.0,0.0,0.0,0.0,0.0,0.0,3.27,1.69,0.41,8.19,0.0,0.0,0.0,0.0,4.97,3.15,4.97,0.13,54.65,71.42,36.95,23.68,0.25,0.3968,3.27,1.69,3.14,0.37,0.63,24.6,27.74,0,0.0,0.0,0.0,0,0.0,8.692108489888975,4.789931034482759,0.0,11.373399999999998,0.0,0.0,0.0,0.0,0.0,0.0,4,Fraco,0,0,1,0,0,1,1,1,0,0,0,0,0,,
STTR3,#N/A,Bens Industriais,Máquinas e Equipamentos,Máq. e Equip. Construção e Agrícolas,0.0,0.0,0.0,0.0,0.0,0.0,0,0,0.0,0.0,0,0.0,0.0,0.0,0.0,0.0,0.0,0.0,0.0,0.0,0.0,0.0,0.0,0.22,0.17,0.94,2.91,0.0,0.0,0.0,0.0,32.1,17.86,21.15,1.27,31.37,22.41,17.25,14.11,0.09,0.1607,0.22,0.17,2.46,0.44,0.56,22.02,0.0,0,0.0593,0.2371,0.0864,4,0.0593,7.845157742199961,2.424551724137931,3.951666666666667,0.0,0.9883333333333334,0.0,0.0,0.0,0.0,0.0,5,Regular,1,0,1,0,0,1,1,0,1,0,0,0,0,,
SULA11,#N/A,Financeiro e Outros,Previdência e Seguros,Seguradoras,0.0,0.0,0.0,0.0,0.0,0.0,0,0,0.0,0.0,0,0.0,0.0,0.0,0.0,1.06,48.73,0.4,0.29,0.79,0.85,12.06,13.39,7.41,8.23,0.43,19.64,0.0,0.0,0.0,0.0,2.17,0.6,9.49,0.73,4.25,3.01,3.34,0.83,1.71,6.1071,19.47,21.61,2.29,0.72,0.28,4.58,23.56,0,0.1622,0.6489,0.0598,4,0.1622,13.784665393109838,5.023586206896552,10.815000000000001,10.130799999999999,2.7033333333333336,0.0,0.0,0.0,0.0,0.0,3,Fraco,0,0,0,1,0,0,1,1,0,0,0,0,0,,
SULA3,#N/A,Financeiro e Outros,Previdência e Seguros,Seguradoras,0.0,0.0,0.0,0.0,0.0,0.0,0,0,0.0,0.0,0,0.0,0.0,0.0,0.0,1.13,52.32,0.43,0.31,0.85,0.91,12.95,14.37,7.41,8.23,0.14,6.55,0.0,0.0,0.0,0.0,2.17,0.6,9.49,0.73,4.25,3.01,3.34,0.83,1.71,6.1071,19.47,21.61,2.29,0.72,0.28,4.58,23.56,0,0.0541,0.2163,0.0199,4,0.0541,4.5423011789180165,1.635586206896552,3.605,3.2984,0.9016666666666667,0.0,0.0,0.0,0.0,0.0,3,Fraco,0,0,0,1,0,0,1,1,0,0,0,0,0,,
SULA4,#N/A,Financeiro e Outros,Previdência e Seguros,Seguradoras,0.0,0.0,0.0,0.0,0.0,0.0,0,0,0.0,0.0,0,0.0,0.0,0.0,0.0,1.17,53.73,0.44,0.32,0.88,0.93,13.3,14.76,7.41,8.23,0.14,6.55,0.0,0.0,0.0,0.0,2.17,0.6,9.49,0.73,4.25,3.01,3.34,0.83,1.71,6.1071,19.47,21.61,2.29,0.72,0.28,4.58,23.56,0,0.0541,0.2163,0.0199,4,0.0541,4.5423011789180165,1.635586206896552,3.605,3.2984,0.9016666666666667,0.0,0.0,0.0,0.0,0.0,3,Fraco,0,0,0,1,0,0,1,1,0,0,0,0,0,,
SUZB3,Suzano SA,Materiais Básicos,Madeira e Papel,Papel e Celulose,42.04,2.51,41.4,42.2,41.2,41.05,2768200,8515488,59.64,41.12,53105553048,4.58,9.18,2.22,14.49,1.41,9.69,1.24,0.39,2.17,0.52,5.51,1.69,11.53,3.53,5.18,35.69,45116357679.35,6548129245.7,4605858894.015612,42827058909.67742,14.52,3.98,1.67,0.31,34.44,73.45,22.51,12.8,1.54,5.7037,6.02,1.85,3.2,0.72,0.27,12.75,0.0,1264117615,1.523,6.0921,1.1166,4,1.523,64.4954998430123,13.360827586206899,101.53500000000001,0.0,25.383333333333333,53.41460476453924,-68.21877358181042,141.51998097050432,0.0,-39.620995876942594,6,Regular,1,0,1,1,0,1,1,0,0,1,0,0,0,,
SYNE3,SYN prop e tech SA,Financeiro e Outros,Exploração de Imóveis,Exploração de Imóveis,3.72,2.76,3.57,3.72,3.57,3.62,159000,462657,5.21,3.35,564784287,8.7,0.43,18.06,180.33,1.01,6.27,2.3,0.31,6.11,0.37,4.21,0.0,5.1,0.0,0.77,4.79,731166891.55,117536222.65,110742017.05882354,245558385.65217394,16.18,5.01,6.52,0.14,53.31,0.0,54.54,36.6,0.21,0.6774,0.89,0.0,1.51,0.4,0.31,23.59,29.23,152644445,1.6771,6.7084,0.4193,4,1.6771,9.10970636189773,8.995724137931036,111.80666666666667,22.5071,27.951666666666668,144.88457962090672,141.82054134223213,2905.5555555555557,505.02956989247315,651.3888888888889,6,Regular,1,1,0,1,0,1,1,1,0,0,0,0,0,,
TAEE11,Transmissora Alianca de Enrga Eltrca S/A Unit,Utilidade Pública,Energia Elétrica,Energia Elétrica,38.76,1.97,38.2,38.86,38.11,38.05,775300,2351537,44.52,30.5,13491086121,2.79,13.92,7.78,3.85,1.87,8.3,3.17,0.66,10.53,0.78,4.9,6.09,8.08,10.04,5.0,22.19,0.0,0.0,1669688876.361386,4255863129.652997,22.54,7.9,15.75,0.21,57.72,52.04,64.68,38.21,1.21,3.4571,3.17,3.94,1.67,0.65,0.35,15.68,11.46,0,0.3726,1.4905,0.4194,4,0.3726,49.96373684983941,47.67172413793105,24.841666666666665,57.300000000000004,6.21,28.905409829307043,22.992064339347404,-35.90901272789818,47.83281733746132,-83.9783281733746,8,Bom,1,1,0,1,0,1,1,1,1,1,0,0,0,,
TAEE3,Transmissora Alianca de Enrga Eltrca S/A,Utilidade Pública,Energia Elétrica,Energia Elétrica,12.81,0.87,12.73,12.84,12.61,12.7,64800,123228,14.6,10.12,13501538500,0.92,13.92,7.85,4.94,1.85,8.22,3.14,0.65,10.44,0.77,4.86,6.04,8.08,10.04,1.67,7.4,4371284110.6,986492495.2299999,1670982487.6237624,4299853025.477707,22.54,7.9,15.75,0.21,57.72,52.04,64.68,38.21,1.21,3.4571,3.17,3.94,1.67,0.65,0.35,15.68,11.46,590714069,0.1583,0.6331,0.1398,4,0.1583,16.674981259359782,15.922355862068969,10.551666666666668,19.1382,2.638333333333333,30.171594530521322,24.296298689062983,-17.629456154046313,49.40046838407495,-79.40411137132448,7,Bom,1,1,0,1,0,1,1,1,1,0,0,0,0,,
TAEE4,Transmissora Alianca de Enrga Eltrca S/A Preference Shares,Utilidade Pública,Energia Elétrica,Energia Elétrica,13.01,1.01,12.9,13.02,12.81,12.86,112000,228778,14.96,10.16,13494569804,0.94,13.92,7.75,4.87,1.88,8.33,3.18,0.66,10.57,0.78,4.92,6.12,8.08,10.04,1.67,7.4,3276591624.8,739447028.8399999,1670120025.2475247,4243575410.062893,22.54,7.9,15.75,0.21,57.72,52.04,64.68,38.21,1.21,3.4571,3.17,3.94,1.67,0.65,0.35,15.68,11.46,442782652,0.1583,0.6331,0.1398,4,0.1583,16.674981259359782,15.922355862068969,10.551666666666668,19.1382,2.638333333333333,28.17049392282692,22.38551777147555,-18.89572124007173,47.10376633358956,-79.72072764540097,7,Bom,1,1,0,1,0,1,1,1,1,0,0,0,0,,
TASA3,Taurus Armas SA,Bens Industriais,Máquinas e Equipamentos,Armas e Munições,4.8,3.0,4.66,4.83,4.66,4.66,9200,11104,8.44,4.66,624973207,36.05,0.13,3.75,10.54,0.58,6.09,0.49,0.3,1.59,0.69,5.05,3.19,8.84,5.58,0.89,9.29,474624660.04999995,45469962.05,70698326.5837104,1275455524.489796,9.56,4.97,5.83,0.61,34.73,15.49,9.77,8.1,0.45,0.8654,3.87,2.44,1.51,0.48,0.52,10.85,23.3,51089845,0.1265,0.5061,0.0676,4,0.1265,13.63936398810443,10.397655172413796,8.435,20.737000000000002,2.1083333333333334,184.1534164188423,116.61781609195407,75.72916666666669,332.02083333333337,-56.076388888888886,4,Fraco,0,0,1,1,0,0,1,1,0,0,0,0,0,,
TASA4,Taurus Armas SA Preference Shares,Bens Industriais,Máquinas e Equipamentos,Armas e Munições,4.3,0.0,4.28,4.33,4.26,4.29,124600,319798,7.86,4.26,624973207,32.85,0.13,3.85,11.77,0.57,5.93,0.48,0.29,1.54,0.68,4.92,3.1,8.84,5.58,0.89,9.29,819452617.28,78505148.48,70698326.5837104,1302027514.5833335,9.56,4.97,5.83,0.61,34.73,15.49,9.77,8.1,0.45,0.8654,3.87,2.44,1.51,0.48,0.52,10.85,23.3,88208032,0.1265,0.5061,0.0676,4,0.1265,13.63936398810443,10.397655172413796,8.435,20.737000000000002,2.1083333333333334,217.19451135126585,141.8059342421813,96.16279069767444,382.2558139534884,-50.968992248062015,4,Fraco,0,0,1,1,0,0,1,1,0,0,0,0,0,,
TCNO3,#N/A,Bens Industriais,Construção e Engenharia,Engenharia Consultiva,0.0,0.0,0.0,0.0,0.0,0.0,0,0,0.0,0.0,0,0.0,0.0,0.0,0.0,8.4,7.52,0.0,0.03,0.08,0.04,6.81,0.0,34.51,0.0,0.16,0.14,0.0,0.0,0.0,0.0,111.63,0.45,3.55,0.0,0.0,0.0,0.0,0.0,0.0,0.0,28.98,0.0,0.28,1.0,0.0,0.0,0.0,0,0.0009,0.0035,0.0009,4,0.0009,0.709929573971954,0.4126896551724139,0.058333333333333334,0.0,0.015,0.0,0.0,0.0,0.0,0.0,2,Pessimo,1,0,0,1,0,0,0,0,0,0,0,0,0,,
TCNO4,#N/A,Bens Industriais,Construção e Engenharia,Engenharia Consultiva,0.0,0.0,0.0,0.0,0.0,0.0,0,0,0.0,0.0,0,0.0,0.0,0.0,0.0,5.95,5.33,0.0,0.02,0.06,0.03,4.82,0.0,34.51,0.0,0.16,0.14,0.0,0.0,0.0,0.0,111.63,0.45,3.55,0.0,0.0,0.0,0.0,0.0,0.0,0.0,28.98,0.0,0.28,1.0,0.0,0.0,0.0,0,0.0009,0.0036,0.0009,4,0.0009,0.709929573971954,0.4126896551724139,0.06,0.0,0.015,0.0,0.0,0.0,0.0,0.0,2,Pessimo,1,0,0,1,0,0,0,0,0,0,0,0,0,,
TCSA3,Tecnisa SA,Consumo Cíclico,Construção Civil,Incorporações,1.16,0.0,1.14,1.18,1.14,1.17,20200,103440,1.98,1.1,104992884,0.0,-1.54,0.0,979.22,0.38,0.74,0.43,0.11,0.3,0.15,1.06,0.65,5.43,3.36,2.22,4.34,319507458.2,163434690.60000002,19335706.07734807,244169497.6744186,51.23,14.26,13.72,0.25,20.85,65.16,40.32,57.81,1.56,5.5714,4.37,2.71,0.46,0.72,0.28,5.16,0.0,73619230,2.8398,11.359,1.614,4,2.8398,14.723552560438666,5.726068965517243,189.31666666666666,0.0,47.33,1169.2717724516092,393.626634958383,16220.402298850575,0.0,3980.1724137931037,6,Regular,1,1,0,1,1,1,0,0,1,0,0,0,0,,
TECN3,Technos SA,Consumo Cíclico,Tecidos. Vestuário e Calçados,Acessórios,8.72,1.99,8.61,8.72,8.6,8.55,27100,38667,9.15,5.63,531102254,7.98,1.09,4.85,8.25,1.18,7.53,1.14,0.72,1.55,2.22,7.08,0.0,7.36,0.0,1.12,7.18,437306623.7,68214960.80000001,72160632.33695652,465879170.17543864,15.64,9.61,11.97,0.64,54.75,0.0,16.04,15.07,0.05,0.082,0.28,0.0,3.25,0.39,0.61,4.83,0.0,60906215,0.1799,0.7195,0.2463,4,0.1799,13.451245295510747,2.8888275862068973,11.991666666666667,0.0,2.9983333333333335,54.257400177875525,-66.87124327744384,37.51911314984709,0.0,-65.61544342507646,5,Regular,1,0,0,1,0,1,1,0,1,0,0,0,0,,
TEKA3,#N/A,Consumo Cíclico,Tecidos. Vestuário e Calçados,Fios e Tecidos,0.0,0.0,0.0,0.0,0.0,0.0,0,0,0.0,0.0,0,0.0,0.0,0.0,0.0,0.01,0.15,0.06,0.02,0.01,0.02,0.6,0.06,1.94,0.2,291.75,4587.35,0.0,0.0,0.0,0.0,6.36,12.79,30.07,0.29,24.94,103.78,10.67,43.69,0.0,0.0,1.54,0.16,0.04,3.01,2.01,17.7,0.0,0,0.0299,0.0598,0.0498,2,0.0299,5487.539125714732,752.5137931034484,0.9966666666666667,0.0,0.49833333333333335,0.0,0.0,0.0,0.0,0.0,5,Regular,0,0,1,1,1,1,0,0,1,0,0,0,0,,
TEKA4,#N/A,Consumo Cíclico,Tecidos. Vestuário e Calçados,Fios e Tecidos,0.0,0.0,0.0,0.0,0.0,0.0,0,0,0.0,0.0,0,0.0,0.0,0.0,0.0,0.0,0.07,0.03,0.01,0.0,0.01,0.3,0.03,1.94,0.2,291.75,4587.35,0.0,0.0,0.0,0.0,6.36,12.79,30.07,0.29,24.94,103.78,10.67,43.69,0.0,0.0,1.54,0.16,0.04,3.01,2.01,17.7,0.0,0,0.0299,0.0598,0.0498,2,0.0299,5487.539125714732,752.5137931034484,0.9966666666666667,0.0,0.49833333333333335,0.0,0.0,0.0,0.0,0.0,4,Fraco,0,0,1,0,1,1,0,0,1,0,0,0,0,,
TELB3,Telecomunicacoes Brasileiras SA - TELBRS,Comunicações,Telecomunicações,Telecomunicações,13.0,0.0,0.0,0.0,0.0,13.0,0,333,16.0,9.68,1258568895,8.52,1.53,0.0,17.44,0.75,20.34,2.47,0.27,0.64,0.55,9.4,2.85,2.5,0.76,0.55,14.98,1251967161.76,45966751.6,503427558.0,509542062.7530364,3.68,1.33,7.92,0.11,38.99,86.81,26.31,12.16,0.91,2.5278,11.39,3.45,5.55,0.64,0.36,15.19,0.0,83575912,2.2672,2.2672,2.2672,1,2.2672,13.61534061270595,1.418620689655173,37.78666666666667,0.0,37.78666666666667,4.733389328507306,-89.08753315649867,190.66666666666669,0.0,190.66666666666669,4,Fraco,0,1,0,1,0,1,1,0,0,0,0,0,0,,
TELB4,Telecomunicacoes Brasileiras SA - TELBRS Preference Shares,Comunicações,Telecomunicações,Telecomunicações,7.98,1.01,7.9,8.0,7.9,7.9,1300,2277,12.0,7.1,1258568895,5.23,1.53,0.0,57.99,0.53,14.31,1.74,0.19,0.45,0.39,6.61,2.0,2.5,0.76,0.55,14.98,275744215.18,10124120.05,503427558.0,723315456.8965517,3.68,1.33,7.92,0.11,38.99,86.81,26.31,12.16,0.91,2.5278,11.39,3.45,5.55,0.64,0.36,15.19,0.0,18407491,1.5426,4.6277,2.2672,3,1.5426,13.61534061270595,1.418620689655173,77.12833333333333,0.0,25.71,70.61830341736778,-82.22279837524846,866.5204678362572,0.0,222.18045112781954,4,Fraco,0,1,0,1,0,1,1,0,0,0,0,0,0,,
TEND3,Construtora Tenda S/A,Consumo Cíclico,Construção Civil,Incorporações,30.86,5.48,29.24,30.88,29.19,29.02,1020000,2982187,34.97,18.83,3760696145,6.27,4.92,4.15,5.12,2.97,8.62,0.95,0.59,2.07,1.49,8.31,6.53,9.01,7.08,3.45,10.01,1227007301.52,422894624.40000004,417391359.045505,3958627521.052632,34.41,6.82,16.01,0.62,29.44,14.52,11.41,10.99,0.25,1.25,0.7,0.55,1.89,0.8,0.2,10.99,9.89,122578152,0.3954,1.5815,0.8252,4,0.3954,27.875190582308132,29.606234482758627,26.358333333333334,34.12050000000001,6.59,-9.672097918638585,-4.062752810244241,-14.587383884208247,10.565456902138717,-78.6454957874271,8,Bom,1,0,1,1,0,1,1,1,1,1,0,0,0,,
TESA3,#N/A,Consumo não Cíclico,Agropecuária,Agricultura,0.0,0.0,0.0,0.0,0.0,0.0,0,0,0.0,0.0,0,0.0,0.0,0.0,0.0,1.62,13.3,1.01,0.52,11.1,0.74,10.73,6.06,17.39,9.82,3.61,29.64,0.0,0.0,0.0,0.0,12.18,3.94,2.59,0.52,15.86,16.64,9.39,7.58,1.01,3.1562,6.66,3.76,0.86,0.68,0.32,7.32,0.0,0,0.0,0.0,0.0,0,0.0,49.066373413978745,9.311310344827588,0.0,0.0,0.0,0.0,0.0,0.0,0.0,0.0,2,Pessimo,1,0,0,1,0,0,0,0,0,0,0,0,0,,
TFCO4,Track & Field SA Co,Consumo Cíclico,Comércio,Tecidos. Vestuário e Calçados,15.07,2.31,14.85,15.21,14.78,14.73,496600,844483,18.28,13.1,992216804,100.51,0.15,1.42,1.33,29.46,112.16,15.67,17.33,39.22,54.11,76.54,56.65,13.17,9.75,0.15,0.56,36676003.84,9823929.6,75339165.07213363,63319515.252074026,26.26,15.45,22.24,1.11,56.66,27.67,20.48,13.97,0.28,0.4746,0.73,0.54,2.86,0.41,0.59,30.7,42.81,65492864,0.05,0.1999,0.0546,4,0.05,1.374772708486752,1.7524137931034485,3.3316666666666666,6.4215,0.8333333333333334,-90.87742064706866,-88.37150767681852,-77.89205927892058,-57.388852023888525,-94.4702499447025,6,Regular,1,0,1,0,0,1,1,1,1,0,0,0,0,,
TGMA3,Tegma Gestao Logistica SA,Bens Industriais,Transporte,Transporte Rodoviário,31.9,4.18,30.63,31.94,30.63,30.6,69300,263903,40.89,26.95,2126828677,8.67,3.68,11.17,8.24,2.66,9.49,1.17,1.88,5.89,3.9,6.98,5.71,6.77,5.54,4.18,14.91,984103462.65,275892184.7,314154900.59084195,1817802288.034188,28.02,19.81,17.28,1.61,20.96,20.48,16.75,12.32,0.08,0.1127,0.21,0.17,2.61,0.29,0.71,9.18,7.29,66002915,0.6575,2.63,1.52,4,0.6575,37.44710269166361,29.27499034482759,43.833333333333336,30.472199999999997,10.958333333333334,17.389036650983105,-8.228870392389997,37.408568443051216,-4.4758620689655215,-65.64785788923719,8,Bom,1,1,1,1,0,1,1,1,1,0,0,0,0,,
TIET11,#N/A,Utilidade Pública,Energia Elétrica,Energia Elétrica,0.0,0.0,0.0,0.0,0.0,0.0,0,0,0.0,0.0,0,0.0,0.0,0.0,0.0,0.95,17.06,1.33,0.24,6.45,0.29,6.13,2.81,18.71,8.59,0.73,13.19,0.0,0.0,0.0,0.0,5.57,1.4,4.63,0.18,0.0,47.12,21.64,7.77,1.95,7.8,12.58,5.78,0.84,0.75,0.25,4.6,0.0,0,0.1513,0.6054,0.0893,4,0.1513,14.718890922892253,1.8828965517241383,10.090000000000002,0.0,2.5216666666666665,0.0,0.0,0.0,0.0,0.0,1,Pessimo,0,0,0,1,0,0,0,0,0,0,0,0,0,,
TIET3,#N/A,Utilidade Pública,Energia Elétrica,Energia Elétrica,0.0,0.0,0.0,0.0,0.0,0.0,0,0,0.0,0.0,0,0.0,0.0,0.0,0.0,1.32,23.75,1.84,0.33,8.98,0.41,8.52,3.91,18.71,8.59,0.15,2.64,0.0,0.0,0.0,0.0,5.57,1.4,4.63,0.18,0.0,47.12,21.64,7.77,1.95,7.8,12.58,5.78,0.84,0.75,0.25,4.6,0.0,0,0.0303,0.1211,0.0179,4,0.0303,2.98496231131986,0.38689655172413795,2.0183333333333335,0.0,0.505,0.0,0.0,0.0,0.0,0.0,1,Pessimo,0,0,0,1,0,0,0,0,0,0,0,0,0,,
TIET4,#N/A,Utilidade Pública,Energia Elétrica,Energia Elétrica,0.0,0.0,0.0,0.0,0.0,0.0,0,0,0.0,0.0,0,0.0,0.0,0.0,0.0,1.33,23.88,1.85,0.33,9.03,0.41,8.57,3.94,18.71,8.59,0.15,2.64,0.0,0.0,0.0,0.0,5.57,1.4,4.63,0.18,0.0,47.12,21.64,7.77,1.95,7.8,12.58,5.78,0.84,0.75,0.25,4.6,0.0,0,0.0303,0.1211,0.0179,4,0.0303,2.98496231131986,0.38689655172413795,2.0183333333333335,0.0,0.505,0.0,0.0,0.0,0.0,0.0,1,Pessimo,0,0,0,1,0,0,0,0,0,0,0,0,0,,
TIMP3,#N/A,Comunicações,Telecomunicações,Telecomunicações,0.0,0.0,0.0,0.0,0.0,0.0,0,0,0.0,0.0,0,0.0,0.0,0.0,0.0,1.27,10.49,1.74,0.71,5.39,-0.99,10.4,3.61,11.71,4.07,1.23,10.18,0.0,0.0,0.0,0.0,12.07,6.76,6.99,0.41,53.18,48.13,16.72,16.58,0.16,0.2857,1.31,0.46,1.85,0.44,0.56,0.15,7.35,0,0.0,0.0,0.0,0,0.0,16.78485924873962,8.6592,0.0,9.0405,0.0,0.0,0.0,0.0,0.0,0.0,6,Regular,1,0,1,1,0,1,1,1,0,0,0,0,0,,
TIMS3,Tim SA,Comunicações,Telecomunicações,Telecomunicações,22.59,1.71,22.24,22.67,22.24,22.21,1570600,5792933,28.57,17.67,10847975004,12.56,1.8,9.85,6.23,4.77,34.8,2.32,1.06,224.34,1.41,10.02,5.44,8.93,4.85,0.73,5.35,12797873506.15,1746251898.97,1214778835.8342667,4675851294.827586,13.71,3.04,27.45,0.46,53.44,42.62,23.13,6.66,0.52,2.3636,1.09,0.59,1.02,0.63,0.22,7.93,13.5,2392125889,0.3518,1.4071,0.1758,4,0.3518,9.374099956795853,7.863862068965518,23.451666666666668,9.855,5.863333333333333,-58.503320244374265,-65.18874692799682,3.8143721410653746,-56.37450199203187,-74.04456249077764,8,Bom,1,1,1,1,0,0,1,1,1,1,0,0,0,,
TKNO3,Tekno SA Industria e Comercio,Materiais Básicos,Siderurgia e Metalurgia,Artefatos de Ferro e Aço,214.99,0.0,0.0,0.0,0.0,214.99,0,3,214.99,68.5,631308200,21.11,10.18,9.66,11.94,1.82,17.18,2.03,1.51,3.39,3.61,16.36,10.47,14.54,9.31,12.07,113.61,180310544.60999998,19156309.07,43418720.77028886,310989261.0837439,10.62,8.8,6.13,0.75,22.29,19.34,12.38,11.79,0.23,0.2771,2.03,1.3,4.29,0.17,0.83,15.06,30.54,1587101,6.4175,25.6701,19.3406,4,6.4175,175.6520303042353,141.01089655172416,427.83500000000004,368.6178,106.95833333333334,-18.297581141339,-34.41048581249167,99.00227917577563,71.45811433089911,-50.24962401352001,7,Bom,1,1,1,1,0,1,1,1,0,0,0,0,0,,
TKNO4,Tekno SA Industria e Comercio Preference Shares,Materiais Básicos,Siderurgia e Metalurgia,Artefatos de Ferro e Aço,216.0,0.0,0.0,0.0,0.0,216.0,0,20,223.0,71.4,631308200,21.21,10.18,9.64,9.24,1.87,17.65,2.08,1.55,3.49,3.71,16.81,10.76,14.54,9.31,12.07,113.61,154590149.49,16423757.63,43418720.77028886,303513557.6923077,10.62,8.8,6.13,0.75,22.29,19.34,12.38,11.79,0.23,0.2771,2.03,1.3,4.29,0.17,0.83,15.06,30.54,1360709,4.992,19.9681,16.3919,4,4.992,175.6520303042353,141.01089655172416,332.8016666666667,368.6178,83.2,-18.67961559989107,-34.71717752234993,54.07484567901235,70.65638888888888,-61.48148148148148,7,Bom,1,1,1,1,0,1,1,1,0,0,0,0,0,,
TOKY3,Grupo Toky SA,Consumo Cíclico,Comércio,Produtos Diversos,0.15,0.0,0.15,0.16,0.14,0.15,266400,884680,1.48,0.14,32888791,0.0,-0.71,0.0,0.0,490.27,1.46,0.35,68.65,3218.93,102.78,2.22,2.93,2.23,2.94,0.42,0.0,0.0,91050535.8,14748336.771300448,93967974.2857143,33566.97,4700.0,8235.54,197.0,47.73,11.91,15.72,23.86,2.44,17.4286,0.01,0.01,0.94,0.98,0.14,14.79,0.0,216786990,0.0,0.0,0.0,0,0.0,0.0,1.0833103448275863,0.0,0.0,0.0,0.0,622.2068965517242,0.0,0.0,0.0,5,Regular,1,0,1,0,1,1,0,0,1,0,0,0,0,,
TOTS3,Totvs SA,Tecnologia da Informação,Programas e Serviços,Programas e Serviços,31.17,1.8,30.75,31.45,30.62,30.64,2280400,5637430,47.98,30.55,18647377919,20.15,1.55,1.61,1.96,4.47,27.97,3.87,2.46,12.57,3.74,21.17,14.0,20.87,13.8,1.35,8.47,5076931391.070001,809192134.35,893501577.3358887,4818443906.718347,15.99,8.8,12.04,0.64,70.18,27.64,18.29,13.84,0.06,0.1091,0.3,0.2,2.35,0.41,0.55,18.01,31.07,599401581,0.1525,0.61,0.17,4,0.1525,16.039833228559456,15.771724137931038,10.166666666666666,41.944500000000005,2.5416666666666665,-48.54079811177589,-49.40094918854335,-67.38316757566037,34.56689124157845,-91.84579189391509,8,Bom,1,0,1,1,0,1,1,1,1,1,0,0,0,,
TOYB3,#N/A,Consumo Cíclico,Viagens e Lazer,Brinquedos e Jogos,0.0,0.0,0.0,0.0,0.0,0.0,0,0,0.0,0.0,0,0.0,0.0,0.0,0.0,0.03,43.94,4.81,0.0,0.34,0.0,45.0,0.0,46.99,0.0,0.05,76.91,0.0,0.0,0.0,0.0,0.07,0.0,0.0,0.0,24.06,0.0,10.7,10.96,0.0,0.0,0.0,0.0,0.0,0.95,0.05,201.6,0.0,0,0.0,0.0,0.0,0,0.0,9.301814339149109,0.12896551724137933,0.0,0.0,0.0,0.0,0.0,0.0,0.0,0.0,2,Pessimo,0,0,0,1,0,1,0,0,0,0,0,0,0,,
TOYB4,#N/A,Consumo Cíclico,Viagens e Lazer,Brinquedos e Jogos,0.0,0.0,0.0,0.0,0.0,0.0,0,0,0.0,0.0,0,0.0,0.0,0.0,0.0,0.03,47.96,5.26,0.0,0.37,0.0,49.12,0.0,46.99,0.0,0.05,76.91,0.0,0.0,0.0,0.0,0.07,0.0,0.0,0.0,24.06,0.0,10.7,10.96,0.0,0.0,0.0,0.0,0.0,0.95,0.05,201.6,0.0,0,0.0,0.0,0.0,0,0.0,9.301814339149109,0.12896551724137933,0.0,0.0,0.0,0.0,0.0,0.0,0.0,0.0,2,Pessimo,0,0,0,1,0,1,0,0,0,0,0,0,0,,
TPIS3,TPI Triunfo Participacoes e Invstmnts SA,Bens Industriais,Transporte,Exploração de Rodovias,9.82,-0.3,9.85,9.99,9.77,9.85,6500,82267,11.5,3.17,437006287,0.0,-10.11,9.15,12.71,0.31,3.58,0.23,0.1,0.27,0.11,2.98,0.99,16.7,5.56,1.67,19.54,859760000.0,73480000.0,26168041.137724552,1900027334.7826085,8.57,2.88,7.97,0.45,32.92,23.36,7.77,6.46,1.42,4.1765,13.73,4.57,0.16,0.67,0.34,5.93,0.0,44000000,0.3121,1.2486,0.2305,4,0.3121,27.096411201485704,4.30744827586207,20.81,0.0,5.201666666666667,175.93086763223732,-56.1359646042559,111.91446028513236,0.0,-47.02987101154107,2,Pessimo,0,1,0,1,0,0,0,0,0,0,0,0,0,,
TRAD3,Tc SA,Tecnologia da Informação,Programas e Serviços,Programas e Serviços,1.42,-5.41,1.51,1.51,1.36,1.48,94800,32867,9.45,1.36,54828797,0.0,-2.15,0.0,0.1,0.66,2.43,3.83,0.55,1.23,1.12,2.08,0.0,1.64,0.0,1.24,4.58,183296267.02,49626063.56,33432193.292682927,14315612.79373368,27.03,22.78,28.96,0.14,20.97,0.0,184.77,157.57,0.14,0.1667,0.44,0.0,9.31,0.06,0.84,54.39,0.0,40021019,0.0014,0.0014,0.0014,1,0.0014,11.304070063477136,3.198344827586207,0.023333333333333334,0.0,0.023333333333333334,696.0612720758546,125.2355512384653,-98.35680751173709,0.0,-98.35680751173709,5,Regular,1,0,0,1,0,1,1,0,1,0,0,0,0,,
TRIS3,Trisul SA,Consumo Cíclico,Construção Civil,Incorporações,4.32,4.88,4.13,4.32,4.13,4.1,397300,445433,7.64,4.06,1045681411,5.3,0.81,18.21,22.8,1.08,8.03,1.26,0.49,0.86,3.52,7.81,6.78,9.93,8.63,0.88,6.54,1586718698.52,213503433.44,105305278.04632427,829905881.7460318,13.44,6.1,6.72,0.39,30.38,18.6,16.17,15.71,0.29,0.6444,2.12,1.84,2.96,0.54,0.45,11.01,8.77,242617538,0.2462,0.985,0.1427,4,0.2462,11.379455171492175,6.953577931034483,16.416666666666668,7.7176,4.1033333333333335,163.41331415491146,60.962452107279695,280.0154320987654,78.64814814814814,-5.015432098765435,7,Bom,1,1,1,1,0,1,1,1,0,0,0,0,0,,
TRPL3,#N/A,Utilidade Pública,Energia Elétrica,Energia Elétrica,0.0,0.0,0.0,0.0,0.0,0.0,0,0,0.0,0.0,0,0.0,0.0,6.96,0.0,1.03,6.3,2.92,0.51,4.74,0.61,4.24,4.3,5.46,5.54,5.02,30.7,0.0,0.0,0.0,0.0,16.35,8.14,13.36,0.18,50.06,67.98,68.92,46.37,0.45,0.9,1.84,1.86,2.98,0.5,0.5,14.31,11.95,0,0.0,0.0,0.0,0,0.0,58.88603399788442,49.35525517241379,0.0,59.98899999999999,0.0,0.0,0.0,0.0,0.0,0.0,8,Bom,1,1,1,1,0,1,1,1,1,0,0,0,0,,
TRPL4,#N/A,Utilidade Pública,Energia Elétrica,Energia Elétrica,0.0,0.0,0.0,0.0,0.0,0.0,0,0,0.0,0.0,0,0.0,0.0,9.15,0.0,0.78,4.8,2.22,0.39,3.61,0.47,3.23,3.27,5.46,5.54,5.02,30.7,0.0,0.0,0.0,0.0,16.35,8.14,13.36,0.18,50.06,67.98,68.92,46.37,0.45,0.9,1.84,1.86,2.98,0.5,0.5,14.31,11.95,0,0.0,0.0,0.0,0,0.0,58.88603399788442,49.35525517241379,0.0,59.98899999999999,0.0,0.0,0.0,0.0,0.0,0.0,8,Bom,1,1,1,1,0,1,1,1,1,0,0,0,0,,
TRPN3,#N/A,Financeiro e Outros,Serviços Financeiros Diversos,Gestão de Recursos e Investimentos,0.0,0.0,0.0,0.0,0.0,0.0,0,0,0.0,0.0,0,0.0,0.0,0.0,0.0,0.54,0.44,0.26,0.4,0.59,6.13,0.37,0.37,0.36,0.36,1.6,1.31,0.0,0.0,0.0,0.0,122.35,90.0,90.82,1.52,100.0,71.45,71.7,59.29,1.07,1.4459,0.72,0.72,3.61,0.26,0.74,0.48,0.38,0,0.5174,2.0696,0.7437,4,0.5174,6.867313885355759,18.69241379310345,34.49333333333333,60.800000000000004,8.623333333333333,0.0,0.0,0.0,0.0,0.0,7,Bom,1,0,1,1,1,1,1,0,1,0,0,0,0,,
TTEN3,Tres Tentos Agroindustrial SA,Consumo não Cíclico,Agropecuária,Agricultura,16.24,-1.22,16.42,16.67,16.16,16.42,633200,1368803,17.9,12.9,8131978509,11.45,1.42,2.39,3.73,1.66,9.01,0.49,0.63,3.08,1.76,9.96,6.51,12.42,8.12,1.73,9.4,4706933881.8,866276129.31,654748672.2222222,16595874508.163265,18.4,6.97,3.54,1.29,15.49,7.51,4.91,5.43,0.41,1.0789,2.47,1.61,1.46,0.62,0.38,41.95,48.2,500737647,0.1514,0.6057,0.1822,4,0.1514,19.12838205390095,20.211172413793108,10.095,83.38600000000001,2.5233333333333334,17.78560378017827,24.453032104637373,-37.838669950738904,413.46059113300504,-84.46223316912972,6,Regular,1,0,1,1,0,0,1,1,0,1,0,0,0,,
TUPY3,Tupy SA,Bens Industriais,Material de Transporte,Material Rodoviário,13.31,2.23,13.03,13.41,13.01,13.03,229400,1132780,20.23,10.59,1913235490,0.0,-5.59,0.0,15.51,0.51,12.26,0.16,0.16,0.43,0.41,12.55,2.53,30.95,6.25,0.96,23.27,3082121157.0499997,127152398.39999999,61816978.67528272,11957721812.5,4.13,1.29,1.35,1.01,14.71,6.17,1.24,1.27,0.74,2.3871,18.41,3.71,2.45,0.69,0.31,15.61,0.0,132450415,0.516,2.0639,1.3923,4,0.516,22.41945583639353,2.4761379310344833,34.39833333333333,0.0,8.600000000000001,68.44068998041722,-81.39640923339982,158.43976959679438,0.0,-35.38692712246431,4,Fraco,0,1,0,1,0,0,1,0,0,1,0,0,0,,
TXRX3,Textil RenauxView S/A,Consumo Cíclico,Tecidos. Vestuário e Calçados,Fios e Tecidos,9.98,0.0,0.0,0.0,0.0,9.98,0,3,9.98,8.5,19238050,0.0,-13.41,0.0,1.28,0.11,0.73,0.38,0.24,0.23,0.41,4.26,0.0,36.09,0.0,13.61,90.5,131822571.5,19824366.83,533057.6336935438,50626447.368421055,15.03,33.3,23.19,0.65,19.88,0.0,8.84,51.35,0.0,0.0,34.19,0.0,0.28,3.21,2.21,2.3,0.0,1456603,0.032,0.1279,0.0073,4,0.032,166.4733086713903,35.104413793103454,2.131666666666667,0.0,0.5333333333333333,1568.0692251642315,251.74763319742937,-78.64061456245824,0.0,-94.65597862391449,5,Regular,1,0,0,1,1,1,0,0,1,0,0,0,0,,
TXRX4,Textil RenauxView S/A Preference Shares,Consumo Cíclico,Tecidos. Vestuário e Calçados,Fios e Tecidos,1.6,0.0,0.0,0.0,0.0,1.6,0,133,2.12,1.5,19238050,0.0,-13.41,0.0,7.99,0.02,0.12,0.06,0.04,0.04,0.06,0.67,0.0,36.09,0.0,13.61,90.5,253642359.0,38144447.58,533057.6336935438,320634166.6666667,15.03,33.3,23.19,0.65,19.88,0.0,8.84,51.35,0.0,0.0,34.19,0.0,0.28,3.21,2.21,2.3,0.0,2802678,0.032,0.1279,0.0073,4,0.032,166.4733086713903,35.104413793103454,2.131666666666667,0.0,0.5333333333333333,10304.581791961895,2094.0258620689656,33.22916666666667,0.0,-66.66666666666667,6,Regular,1,1,0,1,1,1,0,0,1,0,0,0,0,,
UCAS3,Unicasa Industria de Moveis S/A,Consumo Cíclico,Utilidades Domésticas,Móveis,1.32,-0.75,1.31,1.36,1.3,1.33,23600,172903,1.6,1.18,87233998,0.0,-0.2,0.0,50.91,0.51,39.8,0.39,0.24,7.11,0.34,10.59,5.5,18.63,9.68,0.04,2.77,183059228.28,2643454.56,4682447.557702631,223676917.94871795,1.28,0.61,5.97,0.62,32.05,7.12,3.7,0.98,0.39,0.8125,8.04,4.18,1.14,0.52,0.48,8.69,0.0,66086364,0.168,0.672,0.1816,4,0.168,1.578923684032892,0.10317241379310348,11.200000000000001,0.0,2.8000000000000003,19.615430608552415,-92.18390804597702,748.4848484848485,0.0,112.12121212121214,3,Fraco,0,1,0,1,0,0,1,0,0,0,0,0,0,,
UGPA3,Ultrapar Participacoes SA,Petróleo. Gás e Biocombustíveis,Petróleo. Gás e Biocombustíveis,Exploração. Refino e Distribuição,28.98,2.15,28.45,29.07,28.34,28.37,6732200,5765790,30.81,14.62,6500989738,10.61,2.73,6.56,6.9,1.82,10.01,0.21,0.65,4.03,1.02,5.15,4.19,7.66,6.23,2.66,14.69,16391834634.369999,2968160662.1800003,848693177.2845953,30957093990.476192,18.14,6.52,11.12,3.07,7.15,5.08,4.13,2.13,0.88,2.4444,2.51,2.04,1.83,0.59,0.36,8.37,51.41,1115849873,0.5,2.0002,1.0,4,0.5,29.651247865815023,31.07613793103449,33.336666666666666,136.7506,8.333333333333334,2.316245223654322,7.233050141595896,15.03335633770416,371.87922705314,-71.24453646192777,8,Bom,1,1,1,1,0,0,1,1,1,1,0,0,0,,
UNIP3,Unipar Carbocloro SA,Materiais Básicos,Químicos,Químicos Diversos,58.28,1.76,57.6,58.8,57.52,57.27,6800,7583,68.5,41.31,6872121154,17.4,3.35,18.53,15.88,2.8,8.81,1.25,0.91,3.3,1.52,6.32,4.25,7.98,5.36,6.95,21.83,852677245.89,271466186.85,861168064.4110276,5497696923.2,31.82,10.3,12.12,0.73,30.14,29.45,19.78,14.19,0.65,2.0312,1.46,0.98,3.18,0.67,0.32,12.24,35.28,39059883,2.3131,9.2526,0.4058,4,2.3131,58.426588553500196,81.19517241379312,154.20999999999998,245.19600000000003,38.55166666666667,0.25152462851783547,39.31910160225311,164.60192175703497,320.7206588881263,-33.85094943948753,8,Bom,1,1,1,1,0,1,1,1,1,0,0,0,0,,
UNIP5,Unipar Carbocloro SA Preference Shares Class A,Materiais Básicos,Químicos,Químicos Diversos,61.11,0.0,0.0,0.0,0.0,61.11,0,157,71.33,45.56,6877773413,18.25,3.35,16.28,16.65,2.86,9.0,1.28,0.93,3.37,1.55,6.45,4.34,7.98,5.36,6.95,21.83,51039609.669999994,16249440.55,861876367.5438596,5373260478.90625,31.82,10.3,12.12,0.73,30.14,29.45,19.78,14.19,0.65,2.0312,1.46,0.98,3.18,0.67,0.32,12.24,35.28,2338049,2.5445,10.1778,0.4464,4,2.5445,58.426588553500196,81.19517241379312,169.63,245.19600000000003,42.40833333333334,-4.391116750940605,32.867243354267906,177.5814105711013,301.2371134020619,-30.60328369606719,8,Bom,1,1,1,1,0,1,1,1,1,0,0,0,0,,
UNIP6,Unipar Carbocloro SA Preference Shares Class B,Materiais Básicos,Químicos,Químicos Diversos,60.89,2.17,60.2,60.98,59.95,59.5,67500,249093,72.75,45.83,6872121154,18.18,3.35,19.44,16.72,2.94,9.24,1.31,0.95,3.46,1.59,6.63,4.45,7.98,5.36,6.95,21.83,1566855519.3899999,498838564.35,861168064.4110276,5245894010.687023,31.82,10.3,12.12,0.73,30.14,29.45,19.78,14.19,0.65,2.0312,1.46,0.98,3.18,0.67,0.32,12.24,35.28,71775333,2.5445,10.1778,6.0304,4,2.5445,58.426588553500196,81.19517241379312,169.63,245.19600000000003,42.40833333333334,-4.045674899819026,33.34730237114981,178.58433240269338,302.68681228444746,-30.3525483111622,8,Bom,1,1,1,1,0,1,1,1,1,0,0,0,0,,
USIM3,Usinas Siderurgicas de Mins Grs SA USMNS,Materiais Básicos,Siderurgia e Metalurgia,Siderurgia,8.91,4.22,8.61,8.91,8.55,8.54,209400,729570,9.35,4.0,11650839433,0.0,-2.12,0.0,14.63,0.37,2.32,0.29,0.22,0.62,0.41,6.17,3.73,6.37,3.85,2.66,16.56,11679116927.039999,1875993419.44,1829017179.434851,40175308389.655174,16.03,9.42,13.92,0.75,8.4,7.8,4.72,12.52,0.01,0.0169,0.17,0.1,4.21,0.33,0.59,11.59,0.0,705260684,0.3259,1.3036,0.2573,4,0.3259,31.481994854201982,6.860965517241381,21.72666666666667,0.0,5.4316666666666675,253.33327558026917,-22.997020008514248,143.84586606808833,0.0,-39.03853348297792,7,Bom,1,1,1,1,0,1,1,0,1,0,0,0,0,,
USIM5,Usinas Siderurgicas de Mins Grs SA USMNS Preference Shares Class A,Materiais Básicos,Siderurgia e Metalurgia,Siderurgia,9.49,4.49,9.19,9.53,9.19,9.13,7618500,17435950,9.93,3.9,11663052332,0.0,-2.12,0.0,15.11,0.38,2.35,0.29,0.22,0.63,0.41,6.23,3.77,6.37,3.85,2.66,16.56,9070775819.279999,1457020753.5800002,1830934432.0251176,40217421834.482765,16.03,9.42,13.92,0.75,8.4,7.8,4.72,12.52,0.01,0.0169,0.17,0.1,4.21,0.33,0.59,11.59,0.0,547752163,0.3585,1.4339,0.2831,4,0.3585,31.481994854201982,6.860965517241381,23.898333333333333,0.0,5.975,231.73861806324533,-27.703208458994936,151.82648401826484,0.0,-37.038988408851424,8,Bom,1,1,1,1,0,1,1,0,1,1,0,0,0,,
USIM6,Usinas Siderurgicas de Mins Grs SA USMNS Preference Shares Class B,Materiais Básicos,Siderurgia e Metalurgia,Siderurgia,8.0,0.0,0.0,0.0,0.0,8.0,0,13,8.0,7.84,11626414799,0.0,-2.12,0.0,17.92,0.48,3.01,0.38,0.28,0.8,0.53,8.0,4.84,6.37,3.85,2.66,16.56,1097282.16,176254.26,1825182856.9858713,30595828418.42105,16.03,9.42,13.92,0.75,8.4,7.8,4.72,12.52,0.01,0.0169,0.17,0.1,4.21,0.33,0.59,11.59,0.0,66261,0.3585,1.4339,0.2831,4,0.3585,31.481994854201982,6.860965517241381,23.898333333333333,0.0,5.975,293.52493567752475,-14.237931034482742,198.72916666666666,0.0,-25.312500000000004,7,Bom,1,1,1,1,0,1,1,0,1,0,0,0,0,,
VALE3,Vale SA,Materiais Básicos,Mineração,Minerais Metálicos,81.57,0.85,81.45,82.08,80.85,81.02,8293000,20374157,91.62,45.68,72367878958,22.35,3.66,8.9,6.71,1.78,12.88,1.82,0.8,23.11,0.98,9.14,4.65,10.7,5.44,6.65,48.06,218144703718.08002,30184400327.2,6763353173.64486,39762570856.04395,13.84,6.22,11.18,0.44,34.81,39.19,19.93,14.15,0.3,0.6667,1.56,0.79,1.24,0.54,0.45,7.33,0.0,4539007568,1.3693,5.4772,1.5695,4,1.3693,84.79963148504832,17.152413793103452,91.28666666666666,0.0,22.821666666666665,3.959337360608471,-78.97215423182121,11.912059172081243,0.0,-72.02198520697969,8,Bom,1,1,1,1,0,1,1,0,1,1,0,0,0,48816000000.0,9223999000.0
VAMO3,Vamos Locacao de Camhs Mqns e Eqpmnts SA,Bens Industriais,Máquinas e Equipamentos,Máq. e Equip. Construção e Agrícolas,3.39,4.63,3.28,3.42,3.22,3.24,8616100,15837383,5.11,2.86,4213931476,11.77,0.29,3.15,21.99,1.83,36.22,1.42,0.21,1.51,0.29,1.86,0.0,6.44,0.0,0.12,2.43,2969039281.9500003,146619223.79999998,654337185.7142857,2967557377.464789,5.06,0.58,12.39,0.15,80.21,0.0,76.72,3.93,4.53,41.1818,4.58,0.0,1.93,0.89,0.11,31.14,1.26,1221826865,0.1864,0.7455,0.1407,4,0.1864,2.5614449047363874,0.40128,12.425,0.1512,3.106666666666667,-24.441153252613944,-88.16283185840709,266.51917404129796,-95.53982300884957,-8.357915437561452,4,Fraco,0,0,0,1,0,0,1,0,1,1,0,0,0,,
VBBR3,Vibra Energia SA,Petróleo. Gás e Biocombustíveis,Petróleo. Gás e Biocombustíveis,Exploração. Refino e Distribuição,33.56,2.85,32.86,33.63,32.75,32.67,2651500,8603113,34.2,17.18,40199804117,12.62,2.66,4.98,5.49,1.8,20.71,0.21,0.62,3.01,1.04,9.21,6.27,13.83,9.41,1.53,17.69,21202588863.390003,1833802202.43,2906710348.3007956,191427638652.38095,8.67,3.01,6.21,3.0,4.67,3.32,2.26,1.0,0.9,2.5714,4.61,3.14,2.09,0.65,0.35,12.65,3.63,1198563531,0.461,1.8438,0.7634,4,0.461,24.6774846773329,7.316987586206897,30.730000000000004,5.5539,7.683333333333334,-26.467566515694585,-78.19729563108791,-8.432657926102499,-83.45083432657927,-77.1056813667064,3,Fraco,0,0,0,1,0,0,1,0,0,1,0,0,0,,
VIIA3,#N/A,Consumo Cíclico,Comércio,Eletrodomésticos,0.0,0.0,0.0,0.0,0.0,0.0,0,0,0.0,0.0,0,0.0,0.0,0.0,0.0,0.11,0.22,0.01,0.01,0.09,0.02,0.74,0.64,15.11,13.01,16.75,34.1,0.0,0.0,0.0,0.0,49.14,5.11,11.4,0.85,30.06,2.11,1.82,5.98,2.15,21.5,14.38,12.38,0.76,0.9,0.1,1.39,0.0,0,0.0,0.0,0.0,0,0.0,113.36418085091957,43.20344827586208,0.0,0.0,0.0,0.0,0.0,0.0,0.0,0.0,4,Fraco,1,0,0,1,1,0,0,0,1,0,0,0,0,,
VITT3,Vittia SA,Materiais Básicos,Químicos,Fertilizantes e Defensivos,3.45,3.59,3.34,3.49,3.34,3.34,97700,341995,4.68,3.1,560677090,9.28,0.37,6.57,8.19,1.03,10.36,0.77,0.68,1.95,1.75,9.81,6.09,12.04,7.47,0.41,4.19,678970309.8000001,66438622.199999996,46567864.6179402,728152064.9350649,9.9,6.57,7.62,0.88,31.22,12.72,7.9,7.48,0.23,0.3485,2.23,1.38,2.35,0.34,0.66,12.74,2.22,162045420,0.0706,0.2825,0.0647,4,0.0706,6.217133583895396,1.6099144827586211,4.708333333333333,0.9102,1.1766666666666667,80.20677054769261,-53.33581209395302,36.473429951690804,-73.61739130434782,-65.89371980676329,4,Fraco,0,1,1,1,0,0,1,0,0,0,0,0,0,,
VIVA3,Vivara Participacoes SA,Consumo Cíclico,Tecidos. Vestuário e Calçados,Acessórios,23.24,3.72,22.35,23.25,22.35,22.29,2633200,2752853,35.89,22.35,5527930652,9.33,2.49,4.66,8.99,2.35,9.29,2.39,1.47,2.82,4.12,8.65,7.24,9.05,7.57,3.14,12.43,2935938268.67,741660994.6600001,610821066.5193369,2312941695.3974895,25.25,15.78,21.2,0.61,71.93,33.07,27.68,25.78,0.11,0.1774,0.4,0.33,5.17,0.38,0.62,28.01,23.51,236197769,0.5222,2.089,0.6977,4,0.5222,29.63409354105504,36.683862068965524,34.81666666666667,73.82140000000001,8.703333333333333,27.513311278205865,57.84794349813049,49.81353987378086,217.64802065404484,-62.55020080321285,8,Bom,1,0,1,1,0,1,1,1,1,1,0,0,0,,
VIVR3,Viver Incorporadora e Construtora SA,Consumo Cíclico,Construção Civil,Incorporações,0.37,2.78,0.36,0.37,0.36,0.36,86300,78683,1.12,0.36,18262016,0.0,-0.44,0.0,0.0,0.36,1.29,0.53,0.13,1.54,0.22,1.52,1.55,1.91,1.95,0.47,1.69,82472691.21,22936192.23,9561264.921465969,34456633.96226415,27.93,9.73,19.4,0.24,26.78,33.98,34.75,40.92,0.09,0.2571,0.39,0.4,1.23,0.63,0.35,0.0,0.0,48800409,0.0,0.0,0.0,0,0.0,4.227499260792365,1.2122758620689655,0.0,0.0,0.0,1042.5673677817203,227.64212488350418,0.0,0.0,0.0,7,Bom,1,0,1,1,1,1,1,0,1,0,0,0,0,,
VIVT3,Telefonica Brasil SA,Comunicações,Telecomunicações,Telecomunicações,35.52,2.69,34.89,35.62,34.79,34.59,1460400,4789397,43.31,26.43,23112529416,17.9,1.98,3.35,0.97,1.83,20.73,2.14,1.01,339.8,1.26,13.31,3.47,14.51,3.78,1.88,21.21,68435053852.62,6065907649.36,1592869015.5754652,10800247390.654205,8.85,4.89,8.76,0.47,44.27,61.71,16.1,10.34,0.16,0.2909,1.2,0.31,1.02,0.45,0.55,4.76,3.9,3226546622,0.0858,0.3434,0.0619,4,0.0858,29.95301320401672,9.298868965517242,5.723333333333334,7.332,1.4300000000000002,-15.672823186889872,-73.82075178626903,-83.88701201201202,-79.3581081081081,-95.97409909909909,5,Regular,0,0,1,1,0,1,1,0,0,1,0,0,0,,
VIVT4,#N/A,Comunicações,Telecomunicações,Telecomunicações,0.0,0.0,0.0,0.0,0.0,0.0,0,0,0.0,0.0,0,0.0,0.0,0.0,0.0,2.14,24.16,2.5,1.18,396.06,1.47,15.52,4.05,14.51,3.78,1.88,21.21,0.0,0.0,0.0,0.0,8.85,4.89,8.76,0.47,44.27,61.71,16.1,10.34,0.16,0.2909,1.2,0.31,1.02,0.45,0.55,4.76,3.9,0,0.3009,1.2035,0.1649,4,0.3009,29.95301320401672,9.298868965517242,20.058333333333334,7.332,5.015000000000001,0.0,0.0,0.0,0.0,0.0,4,Fraco,0,0,1,1,0,1,1,0,0,0,0,0,0,,
VLID3,Valid Solucoes SA,Bens Industriais,Serviços,Serviços Diversos,17.43,5.63,16.6,17.62,16.6,16.52,198700,427326,26.09,16.6,1428044893,5.63,3.1,14.14,8.64,1.04,7.44,0.84,0.62,1.8,1.25,6.01,4.88,6.2,5.04,2.93,21.04,1721837330.0,239780578.75,230329821.4516129,1700053444.047619,13.91,8.33,11.77,0.74,33.24,17.24,14.0,11.3,0.03,0.05,0.2,0.16,3.14,0.4,0.6,1.58,34.57,81836375,0.3765,1.5059,0.3765,4,0.3765,37.243281273271286,34.230482758620695,25.098333333333336,101.29010000000001,6.275,113.67344390861322,96.38831186816235,43.995027729967504,481.12507171543325,-63.99885255306942,8,Bom,1,1,1,1,0,1,1,1,1,0,0,0,0,,
VSPT3,Ferrovia Centro-Atlantica SA,Bens Industriais,Transporte,Transporte Ferroviário,0.0,-100.0,0.0,0.0,0.0,5.0,0,0,1.5,1.5,0,0.0,0.15,0.0,0.0,0.49,6.51,0.47,0.27,4.95,0.31,3.93,1.58,3.37,1.35,0.77,10.15,3613459306.4500003,274124499.11,0.0,0.0,7.57,4.16,12.19,0.57,19.76,30.07,12.09,7.29,0.07,0.1273,0.56,0.22,0.71,0.45,0.55,10.07,0.0,356005843,0.0,0.0,0.0,0,0.0,13.260797487330843,1.9860689655172417,0.0,0.0,0.0,0.0,0.0,0.0,0.0,0.0,3,Fraco,0,0,1,1,0,0,0,0,1,0,0,0,0,,
VSPT4,Ferrovia Centro-Atlantica SA Preference Shares,Bens Industriais,Transporte,Transporte Ferroviário,0.0,0.0,0.0,0.0,0.0,0.0,0,0,0.0,0.0,0,0.0,0.15,0.0,0.0,0.0,0.0,0.0,0.0,0.0,0.0,0.0,0.0,3.37,1.35,0.77,10.15,192.85,14.63,0.0,0.0,7.57,4.16,12.19,0.57,19.76,30.07,12.09,7.29,0.07,0.1273,0.56,0.22,0.71,0.45,0.55,10.07,0.0,19,0.0,0.0,0.0,0,0.0,13.260797487330843,1.9860689655172417,0.0,0.0,0.0,0.0,0.0,0.0,0.0,0.0,2,Pessimo,0,0,1,0,0,0,0,0,1,0,0,0,0,,
VSTE3,Veste SA Estilo,Consumo Cíclico,Comércio,Tecidos. Vestuário e Calçados,3.9,-1.27,3.9,3.9,3.9,3.95,28000,15183,6.19,3.25,450985871,18.25,0.21,0.0,293.69,0.39,20.16,0.34,0.24,2.75,0.35,5.12,0.0,8.98,0.0,0.18,9.23,1055301370.8900001,20580091.74,50221143.76391982,1326429032.352941,1.92,1.2,5.7,0.71,63.54,0.0,6.62,1.68,0.29,0.4603,3.85,0.0,1.39,0.37,0.63,3.1,0.0,114333843,2.8635,11.454,0.0462,4,2.8635,6.114041216740365,0.4642758620689656,190.9,0.0,47.725,56.7702876087273,-88.09549071618036,4794.871794871795,0.0,1123.717948717949,3,Fraco,0,1,0,1,0,0,1,0,0,0,0,0,0,,
VTRU3,Vitru Brsl Emprndmnts Prtcpcs e Cmrc SA,Consumo Cíclico,Diversos,Serviços Educacionais,13.78,5.1,13.47,13.86,13.2,13.15,249900,1151494,17.35,8.43,2069142695,4.13,3.35,0.15,0.17,2.27,7.68,1.14,1.85,4.38,4.03,15.55,0.0,11.87,0.0,2.01,6.81,1006430368.92,297052135.32,174316991.99663016,1815037451.7543862,29.57,24.02,29.52,1.62,22.04,0.0,7.31,14.81,0.54,0.6667,3.68,0.0,4.48,0.19,0.81,0.0,0.0,147787132,0.0239,0.0239,0.0239,1,0.0239,17.549423067440138,5.184413793103448,0.3983333333333334,0.0,0.3983333333333334,27.354303827577205,-62.37725839547571,-97.10933720367683,0.0,-97.10933720367683,6,Regular,1,0,0,1,0,1,1,0,1,1,0,0,0,,
VULC3,Vulcabras SA,Consumo Cíclico,Tecidos. Vestuário e Calçados,Calçados,15.24,3.81,14.72,15.27,14.72,14.69,444100,1432827,20.23,13.72,4855586812,3.76,4.07,30.63,20.34,2.2,4.68,1.59,1.31,3.21,3.77,7.55,6.46,8.15,6.97,3.71,7.91,2515238964.7,1179713850.7,595777522.9447852,3053828183.6477985,46.97,27.87,11.49,0.82,41.07,24.66,21.09,34.01,0.18,0.3051,0.6,0.52,2.65,0.41,0.59,17.52,52.39,317982170,0.775,3.1,0.65,4,0.775,25.696055144710442,43.34303448275863,51.66666666666667,194.3669,12.916666666666668,68.60928572644647,184.40311340392802,239.0201224846894,1175.3733595800525,-15.244969378827639,9,Excelente,1,1,1,1,0,1,1,1,1,1,0,0,0,,
VVAR3,#N/A,Consumo Cíclico,Comércio,Eletrodomésticos,0.0,0.0,0.0,0.0,0.0,0.0,0,0,0.0,0.0,0,0.0,0.0,0.0,0.0,1.27,719.29,0.22,0.21,-9.33,-0.44,-12.23,23.05,-26.58,50.1,0.01,3.55,0.0,0.0,0.0,0.0,0.18,0.03,-12.98,0.92,30.57,0.97,-1.82,0.03,1.49,9.3125,-14.35,27.05,0.96,0.84,0.16,8.45,-6.51,0,0.0,0.0,0.0,0,0.0,0.8937281465859739,-3.925103448275863,0.0,0.0,0.0,0.0,0.0,0.0,0.0,0.0,1,Pessimo,0,0,0,1,0,0,0,0,0,0,0,0,0,,
VVEO3,CM Hospitalar SA,Saúde,Serv.Méd.Hospit..Análises e Diagnósticos,Serv.Méd.Hospit..Análises e Diagnósticos,1.18,-1.68,1.19,1.22,1.16,1.19,1378200,1928080,1.86,0.83,385271398,18.32,0.06,0.0,69.44,0.23,0.46,0.04,0.05,0.3,0.1,1.3,1.51,9.27,10.82,3.09,6.24,2014400593.92,997515678.7199999,41561100.10787487,9631784950.0,49.46,10.99,7.47,1.25,11.8,2.65,3.1,8.78,1.39,6.3182,7.97,9.31,1.49,0.78,0.22,30.99,0.0,322820608,0.2049,0.8194,0.1365,4,0.2049,20.82873015812534,7.9700689655172425,13.656666666666668,0.0,3.415,1665.146623569944,575.4295733489189,1057.3446327683619,0.0,189.40677966101697,6,Regular,1,1,0,1,1,0,1,0,0,1,0,0,0,,
WEGE3,Weg SA,Bens Industriais,Máquinas e Equipamentos,Motores . Compressores e Outros,42.67,1.98,42.25,42.87,41.81,41.82,3266600,7982007,54.53,35.25,179141490840,28.52,1.5,4.73,3.16,9.71,33.57,5.26,5.24,18.57,14.79,26.72,50.48,26.29,49.67,1.54,5.34,22413678109.32,6463869716.92,6814054425.256752,34057317650.190117,28.93,15.62,24.58,1.0,33.39,10.42,19.68,15.67,0.16,0.2963,0.43,0.81,1.78,0.44,0.54,23.27,32.05,4197317998,0.3372,1.3487,0.4128,4,0.3372,13.602610043664413,17.991448275862073,22.478333333333335,49.357,5.62,-68.1213732278781,-57.83583717866868,-47.3205218342317,15.671431919381293,-86.82915397234592,8,Bom,1,0,1,1,0,1,1,1,1,1,0,0,0,,
WEST3,Westwing Comercio Varejista SA,Consumo Cíclico,Comércio,Produtos Diversos,7.88,0.64,7.99,7.99,7.87,7.83,10100,29603,8.5,3.55,87430504,0.0,-0.19,0.0,0.0,0.31,5.91,0.46,0.23,0.57,0.56,2.33,0.0,0.92,0.0,1.03,19.87,220742744.76000002,11442628.44,95033156.52173913,190066313.04347825,5.19,3.82,12.97,0.49,39.02,0.0,19.88,7.82,0.43,0.5811,3.25,0.0,2.97,0.26,0.74,5.08,0.0,11109348,0.0,0.0,0.0,0,0.0,21.458966657320666,2.6566896551724146,0.0,0.0,0.0,172.3219118949323,-66.28566427446174,0.0,0.0,0.0,3,Fraco,0,0,0,1,0,0,1,0,1,0,0,0,0,,
WHRL3,Whirlpool SA,Consumo Cíclico,Comércio,Eletrodomésticos,3.85,-0.26,3.86,3.86,3.85,3.86,1000,6843,4.6,3.62,5954200000,17.62,0.22,11.26,9.44,3.09,9.42,0.51,0.66,23.07,2.03,5.21,3.99,5.18,3.97,0.47,1.43,1471042275.56,483489419.23999995,1149459459.4594595,11674901960.784313,32.74,7.0,25.21,1.29,18.11,12.85,9.85,5.45,0.07,0.3333,0.11,0.09,0.96,0.79,0.21,10.8,16.94,1028700892,0.0908,0.3634,0.0729,4,0.0908,3.888733727063348,5.490896551724139,6.056666666666667,7.9618,1.5133333333333334,1.0060708328142307,42.62068965517243,57.31601731601731,106.80000000000001,-60.6926406926407,6,Regular,1,1,1,1,0,0,0,1,1,0,0,0,0,,
WHRL4,Whirlpool SA Preference Shares,Consumo Cíclico,Comércio,Eletrodomésticos,4.0,0.5,3.97,4.04,3.97,3.98,6200,18644,4.89,3.62,5954200000,18.3,0.22,11.76,9.47,3.25,9.92,0.54,0.69,24.28,2.14,5.48,4.2,5.18,3.97,0.47,1.43,677941713.02,222820003.57999998,1149459459.4594595,11026296296.296295,32.74,7.0,25.21,1.29,18.11,12.85,9.85,5.45,0.07,0.3333,0.11,0.09,0.96,0.79,0.21,10.8,16.94,474085114,0.0948,0.379,0.0802,4,0.0948,3.888733727063348,5.490896551724139,6.316666666666667,7.9618,1.58,-2.781656823416301,37.27241379310347,57.916666666666686,99.045,-60.5,6,Regular,1,1,1,1,0,0,0,1,1,0,0,0,0,,
WIZC3,Wiz Co Participacos e Cortgm de Sgurs SA,Financeiro e Outros,Previdência e Seguros,Corretoras de Seguros,8.12,2.92,7.97,8.2,7.94,7.89,134100,501229,10.01,6.11,1313250829,6.69,1.21,5.85,10.01,2.22,8.15,1.13,0.64,40.88,0.84,2.51,0.0,2.66,0.0,1.19,4.36,697195749.5200001,190289665.57999998,493703319.1729323,1162168875.221239,27.23,7.87,24.72,0.57,61.91,0.0,45.18,13.92,0.13,0.4483,0.14,0.0,1.07,0.46,0.29,13.02,2.34,159907282,0.2032,0.8127,0.3161,4,0.2032,10.80458236120212,4.759343448275862,13.545,2.7845999999999997,3.3866666666666667,33.06135912810495,-41.38739595719381,66.81034482758622,-65.70689655172414,-58.29228243021346,5,Regular,1,0,0,1,0,1,1,0,1,0,0,0,0,,
WIZS3,#N/A,Financeiro e Outros,Previdência e Seguros,Corretoras de Seguros,0.0,0.0,0.0,0.0,0.0,0.0,0,0,0.0,0.0,0,0.0,0.0,7.43,0.0,2.44,8.47,0.96,0.42,24.64,0.53,2.64,2.58,2.95,2.89,0.71,2.45,0.0,0.0,0.0,0.0,28.86,4.92,21.99,0.43,57.99,37.26,36.42,11.37,0.29,1.7059,0.31,0.3,1.09,0.59,0.17,12.37,6.64,0,0.0,0.0,0.0,0,0.0,6.256097026101817,4.692463448275863,0.0,4.7143999999999995,0.0,0.0,0.0,0.0,0.0,0.0,8,Bom,1,1,1,1,0,1,1,1,1,0,0,0,0,,
WLMM3,WLM Participacoes e Cmrc d Mqns e Vcs SA,Bens Industriais,Comércio,Material de Transporte,23.39,0.0,0.0,0.0,0.0,23.39,0,0,25.17,19.01,807918248,9.56,2.45,8.0,5.4,0.99,6.94,0.27,0.53,1.85,1.29,4.06,3.29,5.86,4.76,3.23,22.69,376000981.8,53525040.6,137870008.1911263,2992289807.4074073,14.25,7.68,9.83,2.0,13.09,8.12,6.58,3.85,0.39,0.7222,1.6,1.3,1.96,0.46,0.54,23.58,18.79,16571220,0.3158,1.2631,0.3125,4,0.3158,40.60782867871662,37.735310344827596,21.051666666666666,60.6917,5.263333333333334,73.61192252550927,61.33095487314064,-9.997149779107886,159.47712697734073,-77.49750605671939,6,Regular,1,1,1,1,0,0,1,1,0,0,0,0,0,,
WLMM4,WLM Participacoes e Cmrc d Mqns e Vcs SA Preference Shares,Bens Industriais,Comércio,Material de Transporte,20.3,2.16,20.3,20.3,20.3,19.87,100,1350,30.27,16.6,807918248,8.29,2.45,8.07,6.84,1.08,7.58,0.29,0.58,2.02,1.41,4.43,3.59,5.86,4.76,3.23,22.69,450247880.5,64094343.5,137870008.1911263,2785924993.1034484,14.25,7.68,9.83,2.0,13.09,8.12,6.58,3.85,0.39,0.7222,1.6,1.3,1.96,0.46,0.54,23.58,18.79,19843450,0.3473,1.3894,0.3438,4,0.3473,40.60782867871662,37.735310344827596,23.156666666666666,60.6917,5.788333333333333,100.03856491978631,85.88822829964332,14.072249589490962,198.97389162561575,-71.48604269293925,6,Regular,1,1,1,1,0,0,1,1,0,0,0,0,0,,
WSON33,#N/A,Bens Industriais,Transporte,Serviços de Apoio e Armazenagem,0.0,0.0,0.0,0.0,0.0,0.0,0,0,0.0,0.0,0,0.0,0.0,0.0,0.0,1.92,16.89,1.98,0.76,33.95,-0.89,7.88,5.04,12.47,7.97,3.3,28.98,0.0,0.0,0.0,0.0,11.37,4.52,7.8,0.39,51.09,39.3,25.13,11.72,1.12,2.8,4.59,2.94,1.19,0.6,0.4,1.54,17.96,0,0.0,0.0,0.0,0,0.0,46.38712105746594,38.55310344827587,0.0,59.268,0.0,0.0,0.0,0.0,0.0,0.0,5,Regular,1,0,0,1,0,1,1,1,0,0,0,0,0,,
YDUQ3,YDUQS Participacoes SA,Consumo Cíclico,Diversos,Serviços Educacionais,9.8,5.15,9.44,9.84,9.42,9.32,2987300,4556803,16.99,9.26,2711150889,22.27,0.44,8.44,17.22,1.18,15.13,0.67,0.38,10.08,0.51,4.15,3.48,8.93,7.49,0.89,11.44,3135576455.44,243939077.39000002,303600323.51623744,4046493864.1791043,7.8,2.52,9.77,0.56,60.66,19.38,16.25,4.46,1.36,4.25,4.78,4.0,1.18,0.67,0.32,8.46,17.66,274088851,0.4219,1.6874,0.5691,4,0.4219,15.135587203673335,10.397655172413796,28.123333333333335,15.7174,7.031666666666667,54.44476738442178,6.098522167487702,186.97278911564626,60.38163265306121,-28.24829931972789,5,Regular,0,1,0,1,0,0,1,1,0,1,0,0,0,,
ZAMP3,#N/A,Consumo Cíclico,Hoteis e Restaurantes,Restaurante e Similares,0.0,0.0,0.0,0.0,0.0,0.0,0,0,0.0,0.0,0,0.0,0.0,0.0,0.0,0.98,7.95,0.28,0.33,9.5,0.43,37.22,0.0,57.06,0.0,0.44,3.56,0.0,0.0,0.0,0.0,12.35,4.14,0.79,1.17,64.92,0.0,0.76,3.55,0.52,1.5758,19.84,0.0,0.87,0.67,0.33,9.7,0.0,0,0.0623,0.1868,0.0508,3,0.0623,5.936665730862737,1.1348965517241383,3.1133333333333333,0.0,1.0383333333333333,0.0,0.0,0.0,0.0,0.0,2,Pessimo,1,0,0,1,0,0,0,0,0,0,0,0,0,,
